<?xml version="1.0" encoding="UTF-8" standalone="yes"?>
<addon id="plugin.program.akl" name="Advanced Kodi Launcher" version="1.3.0" provider-name="chrisism">
  <requires>
      <import addon="xbmc.python" version="3.0.0"/>
      <import addon="script.module.routing" version="0.2.3"/>
      <import addon="script.module.akl" version="1.0.11"/>
  </requires>
  <extension point="xbmc.python.pluginsource" library="addon.py">
      <provides>executable game</provides>
  </extension>
  <extension point="xbmc.service" library="service.py"/>
  <extension point="xbmc.addon.metadata">
    <summary lang="en_GB">Start any emulators/apps from Kodi.</summary>
    <description lang="en_GB">Gaming front-end and general application launcher for Kodi. Supports scanning, scraping and launching of ROMs and games, using many plugins. Easily extendable with lots of plugins or create your own.</description>
    <platform>android freebsd ios linux osx windows</platform>
    <license>GNU General Public License version 2</license>
    <email>crizzz@gmail.com</email>
    <forum>https://forum.kodi.tv/showthread.php?tid=366351</forum>
    <website>https://github.com/chrisism/plugin.program.akl</website>
    <source>https://github.com/chrisism/plugin.program.akl</source>
    <assets>
      <icon>media/icon.png</icon>
      <fanart>media/fanart.jpg</fanart>
      <screenshot>media/arcticzephyr_reloaded_01_companies.jpg</screenshot>
      <screenshot>media/arcticzephyr_reloaded_02_systems.jpg</screenshot>
      <screenshot>media/arcticzephyr_reloaded_03_games.jpg</screenshot>
    </assets>
    <news>[UPPERCASE]Current[/UPPERCASE][CR]- Custom skin view for View ROM[CR]- More details about addon plugins[CR][UPPERCASE]Previous[/UPPERCASE][CR]- Added support for PEGI rating[CR]- Fixed bug deleting collections[CR]- Proper icon/thumb mapping for virtual collections[CR]- Virtual categories now render items from database[CR]- Add and execute single instance ROMs or Games[CR]- Added an overview option with installed plugins[CR]- Fix adding tags to ROMs[CR]- Minor bugfixes[CR]- Updated dependency[CR]- Fixed virtual collections (Favs, Most recent ..)[CR]- Fixed scraping ROM assets only</news>
  </extension>
</addon>
