<?xml version="1.0" encoding="UTF-8" standalone="yes"?>
<addon id="script.akl.mobygames" name="Mobygames scraper plugin for AKL" version="0.1.2" provider-name="chrisism">
  <requires>
      <import addon="xbmc.python" version="3.0.0"/>
      <import addon="script.module.akl" version="1.0.3"/>
  </requires>
  <extension point="xbmc.python.script" library="default.py">
    <provides>game</provides>
  </extension>
  <extension point="xbmc.addon.metadata">
    <summary lang="en_GB">Mobygames scraper for AKL plugin.</summary>
    <description lang="en_GB">
    This module can be used as a scraper plugin for AKL. It can scan metadata and assets from the
    Mobygames database.
    </description>
    <platform>all</platform>
    <license>GNU General Public License version 2</license>
    <email>crizizz@gmail.com</email>
    <forum>http://forum.kodi.tv/showthread.php?tid=366351</forum>
    <website>https://github.com/chrisism/script.akl.mobygames</website>
    <source>https://github.com/chrisism/script.akl.mobygames</source>
    <assets>
      <icon>media/icon.png</icon>
      <fanart>media/fanart.jpg</fanart>
    </assets>
    <news>[B]v1.0.0[/B][CR] - Initial release of AKL plugin</news>
  </extension>
</addon>