<?xml version="1.0" encoding="UTF-8" standalone="yes"?>
<addon id="plugin.program.akl" name="Advanced Kodi Launcher" version="1.0.1" provider-name="chrisism,Wintermute0110">
  <requires>
      <import addon="xbmc.python" version="3.0.0"/>
      <import addon="script.module.routing" version="0.2.3"/>
      <import addon="script.module.akl" version="1.0.5"/>
  </requires>
  <extension point="xbmc.python.pluginsource" library="addon.py">
      <provides>executable game</provides>
  </extension>
  <extension point="xbmc.service" library="service.py"/>
  <extension point="xbmc.addon.metadata">
    <summary lang="en_GB">Start any emulators/apps from Kodi.</summary>
    <description lang="en_GB">Gaming front-end and general application launcher for Kodi. Supports scanning, scraping and launching of ROMs and games, using many plugins. Easily extendable with lots of plugins or create your own.</description>
    <platform>android freebsd ios linux osx windows</platform>
    <license>GNU General Public License version 2</license>
    <email>wintermute0110@gmail.com</email>
    <forum>http://forum.kodi.tv/showthread.php?tid=366351</forum>
    <website>https://github.com/chrisism/plugin.program.akl</website>
    <source>https://github.com/chrisism/plugin.program.akl</source>
    <assets>
      <icon>media/icon.png</icon>
      <fanart>media/fanart.jpg</fanart>
      <screenshot>media/Estuary_ROM_Launcher.jpg</screenshot>
      <screenshot>media/Estuary_ROM_Console.jpg</screenshot>
      <screenshot>media/Estuary_ROM_MAME.jpg</screenshot>
    </assets>
    <news>[UPPERCASE]Current[/UPPERCASE][CR]- Minor bugfixes[CR]- Updated dependency[CR][UPPERCASE]Previous: v1.0.0[/UPPERCASE][CR]- The initial release of the new AKL fork.</news>
  </extension>
</addon>
