<?xml version="1.0" encoding="utf-8"?>
<includes>

    <expression name="InVideoMode">Window.IsActive(Videos)</expression>
    <expression name="InGameMode">String.Contains(Container.FolderPath,plugin://plugin.program.ael) | String.Contains(Container.FolderPath,plugin://plugin.program.advanced.launcher) | String.Contains(Container.FolderPath,plugin://plugin.program.advanced.emulator.launcher)</expression>
    
    <!-- Game platforms -->
    <expression name="PlatformIsWindows">String.Contains(Container.ListItem(1).Property(platform),Windows)</expression>
    <expression name="PlatformIsDos">String.Contains(Container.ListItem(1).Property(platform),DOS)</expression>
    <expression name="PlatformIsSNES">String.Contains(Container.ListItem(1).Property(platform),SNES)</expression>
    <expression name="PlatformIsNES">String.IsEqual(Container.ListItem(1).Property(platform),Nintendo NES)</expression>
    <expression name="PlatformIsN64">String.Contains(Container.ListItem(1).Property(platform),Nintendo 64)</expression>
    <expression name="PlatformIsNDS">String.Contains(Container.ListItem(1).Property(platform),DS)</expression>
    <expression name="PlatformIsGameboy">String.Contains(Container.ListItem(1).Property(platform),GameBoy)</expression>
    <expression name="PlatformIsSwitch">String.Contains(Container.ListItem(1).Property(platform),Switch)</expression>
    <expression name="PlatformIsPs3">String.Contains(Container.ListItem(1).Property(platform),PlayStation 3)</expression>
    <expression name="PlatformIsPs2">String.Contains(Container.ListItem(1).Property(platform),PlayStation 2)</expression>
    <expression name="PlatformIsPSP">String.Contains(Container.ListItem(1).Property(platform),PlayStation Portable)</expression>
    <expression name="PlatformIsPS1">String.IsEqual(Container.ListItem(1).Property(platform),Sony PlayStation)</expression>
    <expression name="PlatformIsDreamcast">String.Contains(Container.ListItem(1).Property(platform),Dreamcast)</expression>
    <expression name="PlatformIsSaturn">String.Contains(Container.ListItem(1).Property(platform),Saturn)</expression>
    <expression name="PlatformIsMasterSystem">String.Contains(Container.ListItem(1).Property(platform),Master System)</expression>
    <expression name="PlatformIsMegadrive">String.Contains(Container.ListItem(1).Property(platform),Megadrive) | String.Contains(Container.ListItem(1).Property(platform),Genesis)</expression>
    <expression name="PlatformIsGameGear">String.Contains(Container.ListItem(1).Property(platform),Game Gear)</expression>
    <expression name="PlatformIs32X">String.Contains(Container.ListItem(1).Property(platform),32X)</expression>

    <!-- Preferred thumb shapes -->
    <expression name="UsePosterShape">String.IsEqual(Control.GetLabel(5595),poster)</expression>
    <expression name="UseTitanShape">String.IsEqual(Control.GetLabel(5595),titan)</expression>
    <expression name="UseWideShape">String.IsEqual(Control.GetLabel(5595),wide)</expression>
    <expression name="Use3dsShape">String.IsEqual(Control.GetLabel(5595),3ds)</expression>
    <expression name="UseSquareShape">String.IsEqual(Control.GetLabel(5595),square)</expression>
    <expression name="UseSlimShape">String.IsEqual(Control.GetLabel(5595),slim)</expression>
    <expression name="UseBlurayShape">String.IsEqual(Control.GetLabel(5595),bluray)</expression>
    <expression name="UseBannerShape">String.IsEqual(Control.GetLabel(5595),banner)</expression>
    <expression name="UseSteamShape">String.IsEqual(Control.GetLabel(5595),steam)</expression>

</includes>
