<?xml version="1.0" encoding="utf-8" standalone="yes"?>
<menu>
<header>
  <listname>Casio Loopy</listname>
  <lastlistupdate></lastlistupdate>
  <listversion>V1</listversion>
  <exporterversion>V1 GameDBInfo converter</exporterversion>
</header>
<game ROM="Anime Land (Japan)">
  <title>Anime Land</title>
  <year>1995</year>
  <genre>Miscellaneous</genre>
  <developer />
  <publisher>Casio</publisher>
  <rating>Other - NR (Not Rated)</rating>
</game>
<game ROM="Chakra-kun&apos;s Charm Paradise (Japan)">
  <title>Chakra-kun&apos;s Charm Paradise</title>
  <year>1997</year>
  <genre>Miscellaneous</genre>
  <developer />
  <publisher>Casio</publisher>
  <rating>Other - NR (Not Rated)</rating>
</game>
<game ROM="Dream Change Kokin-chan no Fashion Party (Japan)">
  <title>Dream Change Kokin-chan no Fashion Party</title>
  <year>1995</year>
  <genre>Miscellaneous</genre>
  <developer />
  <publisher>Casio</publisher>
  <rating>Other - NR (Not Rated)</rating>
</game>
<game ROM="HARIHARI Seal Paradise (Japan)">
  <title>HARIHARI Seal Paradise</title>
  <year>1995</year>
  <genre>Miscellaneous</genre>
  <developer />
  <publisher>Casio</publisher>
  <rating>Other - NR (Not Rated)</rating>
</game>
<game ROM="Little Romance (Japan)">
  <title>Little Romance</title>
  <year>1996</year>
  <genre>Simulation</genre>
  <developer />
  <publisher>Casio</publisher>
  <rating>Other - NR (Not Rated)</rating>
</game>
<game ROM="Loopy Town no Oheya ga Hoshii! (Japan)">
  <title>Loopy Town no Oheya ga Hoshii!</title>
  <year>1995</year>
  <genre>Simulation</genre>
  <developer />
  <publisher>Casio</publisher>
  <rating>Other - NR (Not Rated)</rating>
</game>
<game ROM="Lupiton no Wonder Palette">
  <title>Lupiton no Wonder Palette</title>
  <year>1996</year>
  <genre>Miscellaneous</genre>
  <developer />
  <publisher>Casio</publisher>
  <rating>Other - NR (Not Rated)</rating>
</game>
<game ROM="Nigaoe Artist (Japan)">
  <title>Nigaoe Artist</title>
  <year>1995</year>
  <genre>Miscellaneous</genre>
  <developer />
  <publisher>Casio</publisher>
  <rating>Other - NR (Not Rated)</rating>
</game>
<game ROM="Pasocom Collection (Japan)">
  <title>Pasocom Collection</title>
  <year>1995</year>
  <genre>MiscellaneousCas</genre>
  <developer />
  <publisher>Casio</publisher>
  <rating>Other - NR (Not Rated)</rating>
</game>
<game ROM="Wanwan Aijou Monogatari (Japan)">
  <title>Wanwan Aijou Monogatari</title>
  <year>1995</year>
  <genre>Adventure</genre>
  <developer />
  <publisher>Casio</publisher>
  <rating>Other - NR (Not Rated)</rating>
</game>
</menu>
