<?xml version="1.0" encoding="utf-8" standalone="yes"?>
<menu>
<header>
  <listname>Commodore PET</listname>
  <lastlistupdate></lastlistupdate>
  <listversion>V1</listversion>
  <exporterversion>V1 GameDBInfo converter</exporterversion>
</header>
<game ROM="3-D Tic-Tac-Toe (USA)">
  <title>3-D Tic-Tac-Toe (USA)</title>
  <year>1978</year>
  <genre>Strategy</genre>
  <developer />
  <publisher>Creative Computing Software</publisher>
  <rating>Other - NR (Not Rated)</rating>
</game>
<game ROM="Acey Deucy (USA) (Unl)">
  <title>Acey Deucy (USA) (Unl)</title>
  <year>1980</year>
  <genre>Casino</genre>
  <developer />
  <publisher>Unknown</publisher>
  <rating>Other - NR (Not Rated)</rating>
</game>
<game ROM="Acigol (USA) (Unl)">
  <title>Acigol (USA) (Unl)</title>
  <year>1980</year>
  <genre>Puzzle</genre>
  <developer />
  <publisher>Unknown</publisher>
  <rating>Other - NR (Not Rated)</rating>
</game>
<game ROM="Acrobat II (USA) (Unl)">
  <title>Acrobat II (USA) (Unl)</title>
  <year>1982</year>
  <genre>Action</genre>
  <developer />
  <publisher>Commodore Japan Limited</publisher>
  <rating>Other - NR (Not Rated)</rating>
</game>
<game ROM="Adventure 1 - Cavern of Riches (USA) (Unl)">
  <title>Adventure 1 - Cavern of Riches (USA) (Unl)</title>
  <year>1980</year>
  <genre>Adventure</genre>
  <developer />
  <publisher>John O&apos;Hare</publisher>
  <rating>Other - NR (Not Rated)</rating>
</game>
<game ROM="Adventure 2 - The Great Pyramid (USA) (Unl)">
  <title>Adventure 2 - The Great Pyramid (USA) (Unl)</title>
  <year>1980</year>
  <genre>Adventure</genre>
  <developer />
  <publisher>John O&apos;Hare</publisher>
  <rating>Other - NR (Not Rated)</rating>
</game>
<game ROM="Adventure 3 - Haunted Mansion (USA) (Unl)">
  <title>Adventure 3 - Haunted Mansion (USA) (Unl)</title>
  <year>1980</year>
  <genre>Adventure</genre>
  <developer />
  <publisher>John O&apos;Hare</publisher>
  <rating>Other - NR (Not Rated)</rating>
</game>
<game ROM="Adventureland (USA)">
  <title>Adventureland (USA)</title>
  <year>1978</year>
  <genre>Adventure</genre>
  <developer />
  <publisher>Adventure International</publisher>
  <rating>Other - NR (Not Rated)</rating>
</game>
<game ROM="Air Attack (USA)">
  <title>Air Attack (USA)</title>
  <year>1979</year>
  <genre>Action</genre>
  <developer />
  <publisher>Supersoft</publisher>
  <rating>Other - NR (Not Rated)</rating>
</game>
<game ROM="Aliens! (USA) (Unl)">
  <title>Aliens! (USA) (Unl)</title>
  <year>1980</year>
  <genre>Shoot-&apos;Em-Up</genre>
  <developer />
  <publisher>Code Works, The</publisher>
  <rating>Other - NR (Not Rated)</rating>
</game>
<game ROM="Alligator Moeras (Netherlands) (Unl)">
  <title>Alligator Moeras (Netherlands) (Unl)</title>
  <year>1980</year>
  <genre>Action</genre>
  <developer />
  <publisher>Unknown</publisher>
  <rating>Other - NR (Not Rated)</rating>
</game>
<game ROM="Ambush! (USA) (Unl)">
  <title>Ambush! (USA) (Unl)</title>
  <year>1980</year>
  <genre>Strategy</genre>
  <developer />
  <publisher>Code Works, The</publisher>
  <rating>Other - NR (Not Rated)</rating>
</game>
<game ROM="Android Nim (USA) (Unl)">
  <title>Android Nim (USA) (Unl)</title>
  <year>1979</year>
  <genre>Strategy</genre>
  <developer />
  <publisher>Don Dennis</publisher>
  <rating>Other - NR (Not Rated)</rating>
</game>
<game ROM="Arrow (USA) (Unl)">
  <title>Arrow (USA) (Unl)</title>
  <year>1980</year>
  <genre>Action</genre>
  <developer />
  <publisher>Jim Butterfield</publisher>
  <rating>Other - NR (Not Rated)</rating>
</game>
<game ROM="Artillery (USA)">
  <title>Artillery (USA)</title>
  <year>1979</year>
  <genre>Strategy</genre>
  <developer />
  <publisher>Creative Computing Software</publisher>
  <rating>Other - NR (Not Rated)</rating>
</game>
<game ROM="Atlantic Patrol (USA) (Unl)">
  <title>Atlantic Patrol (USA) (Unl)</title>
  <year>1978</year>
  <genre>Simulation</genre>
  <developer />
  <publisher>Unknown</publisher>
  <rating>Other - NR (Not Rated)</rating>
</game>
<game ROM="Avalanche (Europe) (Unl)">
  <title>Avalanche (Europe) (Unl)</title>
  <year>2012</year>
  <genre>Action</genre>
  <developer />
  <publisher>Revival Studios</publisher>
  <rating>Other - NR (Not Rated)</rating>
</game>
<game ROM="Awari (USA)">
  <title>Awari (USA)</title>
  <year>1978</year>
  <genre>Board Games</genre>
  <developer />
  <publisher>Creative Computing Software</publisher>
  <rating>Other - NR (Not Rated)</rating>
</game>
<game ROM="Backgammon (v1) (USA) (Unl)">
  <title>Backgammon (v1) (USA) (Unl)</title>
  <year>19xx</year>
  <genre>Board Games</genre>
  <developer />
  <publisher>Unknown</publisher>
  <rating>Other - NR (Not Rated)</rating>
</game>
<game ROM="Backgammon (v2) (USA) (Unl)">
  <title>Backgammon (v2) (USA) (Unl)</title>
  <year>19xx</year>
  <genre>Board Games</genre>
  <developer />
  <publisher>Unknown</publisher>
  <rating>Other - NR (Not Rated)</rating>
</game>
<game ROM="Ballon Redden (Netherlands)">
  <title>Ballon Redden (Netherlands)</title>
  <year>1980</year>
  <genre>Action</genre>
  <developer />
  <publisher>DWE-Produktie</publisher>
  <rating>Other - NR (Not Rated)</rating>
</game>
<game ROM="Baseball (USA) (Unl)">
  <title>Baseball (USA) (Unl)</title>
  <year>1977</year>
  <genre>Sports/Baseball</genre>
  <developer />
  <publisher>Unknown</publisher>
  <rating>Other - NR (Not Rated)</rating>
</game>
<game ROM="Baseball Strategy (USA)">
  <title>Baseball Strategy (USA)</title>
  <year>1981</year>
  <genre>Sports/Baseball</genre>
  <developer />
  <publisher>Avalon Hill Game Company</publisher>
  <rating>Other - NR (Not Rated)</rating>
</game>
<game ROM="Bat! (USA) (Unl)">
  <title>Bat! (USA) (Unl)</title>
  <year>1979</year>
  <genre>Shoot-&apos;Em-Up</genre>
  <developer />
  <publisher>Code Works, The</publisher>
  <rating>Other - NR (Not Rated)</rating>
</game>
<game ROM="Battleship (USA)">
  <title>Battleship (USA)</title>
  <year>1978</year>
  <genre>Board Games</genre>
  <developer />
  <publisher>Commmodore Educational Software</publisher>
  <rating>Other - NR (Not Rated)</rating>
</game>
<game ROM="Bets (USA) (Unl)">
  <title>Bets (USA) (Unl)</title>
  <year>1980</year>
  <genre>Casino</genre>
  <developer />
  <publisher>Code Works, The</publisher>
  <rating>Other - NR (Not Rated)</rating>
</game>
<game ROM="BioTerror! (Europe) (Unl)">
  <title>BioTerror! (Europe) (Unl)</title>
  <year>2011</year>
  <genre>Simulation</genre>
  <developer />
  <publisher>Jason Grow</publisher>
  <rating>Other - NR (Not Rated)</rating>
</game>
<game ROM="Bjack (USA) (Unl)">
  <title>Bjack (USA) (Unl)</title>
  <year>1979</year>
  <genre>Casino</genre>
  <developer />
  <publisher>Code Works, The</publisher>
  <rating>Other - NR (Not Rated)</rating>
</game>
<game ROM="Blackjack (USA)">
  <title>Blackjack (USA)</title>
  <year>1979</year>
  <genre>Casino</genre>
  <developer />
  <publisher>Commodore Business Machines</publisher>
  <rating>Other - NR (Not Rated)</rating>
</game>
<game ROM="Blockade Special (USA) (Unl)">
  <title>Blockade Special (USA) (Unl)</title>
  <year>1981</year>
  <genre>Action</genre>
  <developer />
  <publisher>Gil Winkler</publisher>
  <rating>Other - NR (Not Rated)</rating>
</game>
<game ROM="Blok Copy (Europe) (Unl)">
  <title>Blok Copy (Europe) (Unl)</title>
  <year>2008</year>
  <genre>Puzzle</genre>
  <developer />
  <publisher>Cosine Systems</publisher>
  <rating>Other - NR (Not Rated)</rating>
</game>
<game ROM="Bomber (USA) (Unl)">
  <title>Bomber (USA) (Unl)</title>
  <year>1980</year>
  <genre>Action</genre>
  <developer />
  <publisher>Unknown</publisher>
  <rating>Other - NR (Not Rated)</rating>
</game>
<game ROM="Bonzo! (USA) (Unl)">
  <title>Bonzo! (USA) (Unl)</title>
  <year>1980</year>
  <genre>Board Games</genre>
  <developer />
  <publisher>Code Works, The</publisher>
  <rating>Other - NR (Not Rated)</rating>
</game>
<game ROM="Bop (USA) (Unl)">
  <title>Bop (USA) (Unl)</title>
  <year>1978</year>
  <genre>Educational</genre>
  <developer />
  <publisher>Code Works, The</publisher>
  <rating>Other - NR (Not Rated)</rating>
</game>
<game ROM="Boswain (USA) (Unl)">
  <title>Boswain (USA) (Unl)</title>
  <year>1980</year>
  <genre>Simulation</genre>
  <developer />
  <publisher>Code Works, The</publisher>
  <rating>Other - NR (Not Rated)</rating>
</game>
<game ROM="Bowling (USA)">
  <title>Bowling (USA)</title>
  <year>1982</year>
  <genre>Sports/Bowling</genre>
  <developer />
  <publisher>Avalon Hill Game Company</publisher>
  <rating>Other - NR (Not Rated)</rating>
</game>
<game ROM="Break-Out (USA) (Unl)">
  <title>Break-Out (USA) (Unl)</title>
  <year>1980</year>
  <genre>Breakout</genre>
  <developer />
  <publisher>Unknown</publisher>
  <rating>Other - NR (Not Rated)</rating>
</game>
<game ROM="Breakout (USA) (Unl)">
  <title>Breakout (USA) (Unl)</title>
  <year>1980</year>
  <genre>Breakout</genre>
  <developer />
  <publisher>Unknown</publisher>
  <rating>Other - NR (Not Rated)</rating>
</game>
<game ROM="Brick (USA) (Unl)">
  <title>Brick (USA) (Unl)</title>
  <year>1978</year>
  <genre>Breakout</genre>
  <developer />
  <publisher>Code Works, The</publisher>
  <rating>Other - NR (Not Rated)</rating>
</game>
<game ROM="Brick Wall (USA)">
  <title>Brick Wall (USA)</title>
  <year>1980</year>
  <genre>Breakout</genre>
  <developer />
  <publisher>Dawson</publisher>
  <rating>Other - NR (Not Rated)</rating>
</game>
<game ROM="Bridge Bidding Trainer (USA) (Unl)">
  <title>Bridge Bidding Trainer (USA) (Unl)</title>
  <year>1979</year>
  <genre>Tabletop</genre>
  <developer />
  <publisher>James C Downer</publisher>
  <rating>Other - NR (Not Rated)</rating>
</game>
<game ROM="Bship (USA) (Unl)">
  <title>Bship (USA) (Unl)</title>
  <year>1978</year>
  <genre>Board Games</genre>
  <developer />
  <publisher>Code Works, The</publisher>
  <rating>Other - NR (Not Rated)</rating>
</game>
<game ROM="Buggy (USA) (Unl)">
  <title>Buggy (USA) (Unl)</title>
  <year>1980</year>
  <genre>Educational</genre>
  <developer />
  <publisher>Unknown</publisher>
  <rating>Other - NR (Not Rated)</rating>
</game>
<game ROM="Bulls and Bears (USA)">
  <title>Bulls and Bears (USA)</title>
  <year>1978</year>
  <genre>Simulation</genre>
  <developer />
  <publisher>Speakeasy Software</publisher>
  <rating>Other - NR (Not Rated)</rating>
</game>
<game ROM="Butterfield Social &amp; Recreational Club (USA) (Unl)">
  <title>Butterfield Social &amp; Recreational Club (USA) (Unl)</title>
  <year>1980</year>
  <genre>Casino</genre>
  <developer />
  <publisher>Jim Butterfield</publisher>
  <rating>Other - NR (Not Rated)</rating>
</game>
<game ROM="Canyon (USA) (Unl)">
  <title>Canyon (USA) (Unl)</title>
  <year>1979</year>
  <genre>Action</genre>
  <developer />
  <publisher>Code Works, The</publisher>
  <rating>Other - NR (Not Rated)</rating>
</game>
<game ROM="Capture! (USA) (Unl)">
  <title>Capture! (USA) (Unl)</title>
  <year>1980</year>
  <genre>Puzzle</genre>
  <developer />
  <publisher>Code Works, The</publisher>
  <rating>Other - NR (Not Rated)</rating>
</game>
<game ROM="Car Race II (USA) (Unl)">
  <title>Car Race II (USA) (Unl)</title>
  <year>1980</year>
  <genre>Driving</genre>
  <developer />
  <publisher>Satoru Iwata</publisher>
  <rating>Other - NR (Not Rated)</rating>
</game>
<game ROM="Casino Blackjack (USA)">
  <title>Casino Blackjack (USA)</title>
  <year>1979</year>
  <genre>Casino</genre>
  <developer />
  <publisher>CMS Software Systems</publisher>
  <rating>Other - NR (Not Rated)</rating>
</game>
<game ROM="Checkers! (USA) (Unl)">
  <title>Checkers! (USA) (Unl)</title>
  <year>19xx</year>
  <genre>Board Games</genre>
  <developer />
  <publisher>Unknown</publisher>
  <rating>Other - NR (Not Rated)</rating>
</game>
<game ROM="Chess Game (USA) (Unl)">
  <title>Chess Game (USA) (Unl)</title>
  <year>1980</year>
  <genre>Board Games</genre>
  <developer />
  <publisher>Unknown</publisher>
  <rating>Other - NR (Not Rated)</rating>
</game>
<game ROM="Civil War (USA)">
  <title>Civil War (USA)</title>
  <year>1978</year>
  <genre>Simulation</genre>
  <developer />
  <publisher>Creative Computing Software</publisher>
  <rating>Other - NR (Not Rated)</rating>
</game>
<game ROM="Computer Acquire (USA)">
  <title>Computer Acquire (USA)</title>
  <year>1980</year>
  <genre>Simulation</genre>
  <developer />
  <publisher>Avalon Hill Game Company</publisher>
  <rating>Other - NR (Not Rated)</rating>
</game>
<game ROM="Concorde Landing Simulation (USA) (Unl)">
  <title>Concorde Landing Simulation (USA) (Unl)</title>
  <year>1980</year>
  <genre>Simulation</genre>
  <developer />
  <publisher>Unknown</publisher>
  <rating>Other - NR (Not Rated)</rating>
</game>
<game ROM="Cops (USA) (Unl)">
  <title>Cops (USA) (Unl)</title>
  <year>1979</year>
  <genre>Strategy</genre>
  <developer />
  <publisher>Code Works, The</publisher>
  <rating>Other - NR (Not Rated)</rating>
</game>
<game ROM="Cosmic Cosmiads (USA) (Unl)">
  <title>Cosmic Cosmiads (USA) (Unl)</title>
  <year>1981</year>
  <genre>Shoot-&apos;Em-Up</genre>
  <developer />
  <publisher>Derek J. Hipkin</publisher>
  <rating>Other - NR (Not Rated)</rating>
</game>
<game ROM="Cosmic Fighter (USA)">
  <title>Cosmic Fighter (USA)</title>
  <year>1982</year>
  <genre>Shoot-&apos;Em-Up</genre>
  <developer />
  <publisher>MS Software</publisher>
  <rating>Other - NR (Not Rated)</rating>
</game>
<game ROM="Cosmic Jailbreak (USA) (Unl)">
  <title>Cosmic Jailbreak (USA) (Unl)</title>
  <year>1982</year>
  <genre>Shoot-&apos;Em-Up</genre>
  <developer />
  <publisher>Derek J. Hipkin</publisher>
  <rating>Other - NR (Not Rated)</rating>
</game>
<game ROM="Crazy Balloon (USA) (Unl)">
  <title>Crazy Balloon (USA) (Unl)</title>
  <year>1980</year>
  <genre>Action</genre>
  <developer />
  <publisher>Unknown</publisher>
  <rating>Other - NR (Not Rated)</rating>
</game>
<game ROM="Crossword Puzzle (USA) (Unl)">
  <title>Crossword Puzzle (USA) (Unl)</title>
  <year>1980</year>
  <genre>Puzzle</genre>
  <developer />
  <publisher>Unknown</publisher>
  <rating>Other - NR (Not Rated)</rating>
</game>
<game ROM="Dam Buster (USA) (Unl)">
  <title>Dam Buster (USA) (Unl)</title>
  <year>1980</year>
  <genre>Action</genre>
  <developer />
  <publisher>Unknown</publisher>
  <rating>Other - NR (Not Rated)</rating>
</game>
<game ROM="Debris (USA) (Unl)">
  <title>Debris (USA) (Unl)</title>
  <year>1980</year>
  <genre>Breakout</genre>
  <developer />
  <publisher>Unknown</publisher>
  <rating>Other - NR (Not Rated)</rating>
</game>
<game ROM="Deepspace (USA)">
  <title>Deepspace (USA)</title>
  <year>1979</year>
  <genre>Simulation</genre>
  <developer />
  <publisher>Creative Computing Software</publisher>
  <rating>Other - NR (Not Rated)</rating>
</game>
<game ROM="Defend! (USA) (Unl)">
  <title>Defend! (USA) (Unl)</title>
  <year>1981</year>
  <genre>Shoot-&apos;Em-Up</genre>
  <developer />
  <publisher>Code Works, The</publisher>
  <rating>Other - NR (Not Rated)</rating>
</game>
<game ROM="Deflection (USA)">
  <title>Deflection (USA)</title>
  <year>1979</year>
  <genre>Action</genre>
  <developer />
  <publisher>ARESCO</publisher>
  <rating>Other - NR (Not Rated)</rating>
</game>
<game ROM="Demon! (USA) (Unl)">
  <title>Demon! (USA) (Unl)</title>
  <year>1979</year>
  <genre>Strategy</genre>
  <developer />
  <publisher>Code Works, The</publisher>
  <rating>Other - NR (Not Rated)</rating>
</game>
<game ROM="Diamond Hunt II (USA) (Unl)">
  <title>Diamond Hunt II (USA) (Unl)</title>
  <year>1990</year>
  <genre>Action</genre>
  <developer />
  <publisher>Dr. Ken &amp; Joe Commodore</publisher>
  <rating>Other - NR (Not Rated)</rating>
</game>
<game ROM="Dog Star Adventure (USA) (Unl)">
  <title>Dog Star Adventure (USA) (Unl)</title>
  <year>1980</year>
  <genre>Adventure</genre>
  <developer />
  <publisher>Unknown</publisher>
  <rating>Other - NR (Not Rated)</rating>
</game>
<game ROM="Dominos (USA) (Unl)">
  <title>Dominos (USA) (Unl)</title>
  <year>1980</year>
  <genre>Action</genre>
  <developer />
  <publisher>Unknown</publisher>
  <rating>Other - NR (Not Rated)</rating>
</game>
<game ROM="Donuts (USA) (Unl)">
  <title>Donuts (USA) (Unl)</title>
  <year>1980</year>
  <genre>Puzzle</genre>
  <developer />
  <publisher>Unknown</publisher>
  <rating>Other - NR (Not Rated)</rating>
</game>
<game ROM="Doolhof (Netherlands) (Unl)">
  <title>Doolhof (Netherlands) (Unl)</title>
  <year>1980</year>
  <genre>Strategy</genre>
  <developer />
  <publisher>Jan V. Gorp </publisher>
  <rating>Other - NR (Not Rated)</rating>
</game>
<game ROM="Dot Racer (USA) (Unl)">
  <title>Dot Racer (USA) (Unl)</title>
  <year>1980</year>
  <genre>Driving</genre>
  <developer />
  <publisher>Unknown</publisher>
  <rating>Other - NR (Not Rated)</rating>
</game>
<game ROM="Down (Europe) (Unl)">
  <title>Down (Europe) (Unl)</title>
  <year>2013</year>
  <genre>Action</genre>
  <developer />
  <publisher>Revival Studios</publisher>
  <rating>Other - NR (Not Rated)</rating>
</game>
<game ROM="Drag (USA) (Unl)">
  <title>Drag (USA) (Unl)</title>
  <year>1980</year>
  <genre>Educational</genre>
  <developer />
  <publisher>Code Works, The</publisher>
  <rating>Other - NR (Not Rated)</rating>
</game>
<game ROM="Dragon Island (USA) (Unl)">
  <title>Dragon Island (USA) (Unl)</title>
  <year>1978</year>
  <genre>Strategy</genre>
  <developer />
  <publisher>Mike Spencer</publisher>
  <rating>Other - NR (Not Rated)</rating>
</game>
<game ROM="Draw Poker 1 (USA)">
  <title>Draw Poker 1 (USA)</title>
  <year>1978</year>
  <genre>Casino</genre>
  <developer />
  <publisher>Commodore Business Machines</publisher>
  <rating>Other - NR (Not Rated)</rating>
</game>
<game ROM="Duel (USA) (Unl)">
  <title>Duel (USA) (Unl)</title>
  <year>1980</year>
  <genre>Action</genre>
  <developer />
  <publisher>Unknown</publisher>
  <rating>Other - NR (Not Rated)</rating>
</game>
<game ROM="Dungeon (USA) (Unl)">
  <title>Dungeon (USA) (Unl)</title>
  <year>1979</year>
  <genre>Role-Playing</genre>
  <developer />
  <publisher>Code Works, The</publisher>
  <rating>Other - NR (Not Rated)</rating>
</game>
<game ROM="Eliza (USA)">
  <title>Eliza (USA)</title>
  <year>1979</year>
  <genre>Simulation</genre>
  <developer />
  <publisher>Creative Computing Software</publisher>
  <rating>Other - NR (Not Rated)</rating>
</game>
<game ROM="Enigma (USA) (Unl)">
  <title>Enigma (USA) (Unl)</title>
  <year>1980</year>
  <genre>Simulation</genre>
  <developer />
  <publisher>Code Works, The</publisher>
  <rating>Other - NR (Not Rated)</rating>
</game>
<game ROM="Epidemic (USA) (Unl)">
  <title>Epidemic (USA) (Unl)</title>
  <year>1980</year>
  <genre>Educational</genre>
  <developer />
  <publisher>Unknown</publisher>
  <rating>Other - NR (Not Rated)</rating>
</game>
<game ROM="Everest (USA) (Unl)">
  <title>Everest (USA) (Unl)</title>
  <year>1979</year>
  <genre>Climbing</genre>
  <developer />
  <publisher>Code Works, The</publisher>
  <rating>Other - NR (Not Rated)</rating>
</game>
<game ROM="Fantastic Voyage (USA) (Unl)">
  <title>Fantastic Voyage (USA) (Unl)</title>
  <year>19xx</year>
  <genre>Shoot-&apos;Em-Up</genre>
  <developer />
  <publisher>Greg Hopkins</publisher>
  <rating>Other - NR (Not Rated)</rating>
</game>
<game ROM="Fball (USA) (Unl)">
  <title>Fball (USA) (Unl)</title>
  <year>1979</year>
  <genre>Sports/Football</genre>
  <developer />
  <publisher>Code Works, The</publisher>
  <rating>Other - NR (Not Rated)</rating>
</game>
<game ROM="Ferry (USA) (Unl)">
  <title>Ferry (USA) (Unl)</title>
  <year>1979</year>
  <genre>Simulation</genre>
  <developer />
  <publisher>Code Works, The</publisher>
  <rating>Other - NR (Not Rated)</rating>
</game>
<game ROM="Fifteen (USA) (Unl)">
  <title>Fifteen (USA) (Unl)</title>
  <year>1979</year>
  <genre>Puzzle</genre>
  <developer />
  <publisher>Code Works, The</publisher>
  <rating>Other - NR (Not Rated)</rating>
</game>
<game ROM="Fire! (USA) (Unl)">
  <title>Fire! (USA) (Unl)</title>
  <year>1980</year>
  <genre>Action</genre>
  <developer />
  <publisher>Code Works, The</publisher>
  <rating>Other - NR (Not Rated)</rating>
</game>
<game ROM="Flash Attack (USA)">
  <title>Flash Attack (USA)</title>
  <year>1980</year>
  <genre>Strategy</genre>
  <developer />
  <publisher>Mach 1 Software</publisher>
  <rating>Other - NR (Not Rated)</rating>
</game>
<game ROM="Flight Simulator (USA)">
  <title>Flight Simulator (USA)</title>
  <year>1983</year>
  <genre>Simulation</genre>
  <developer />
  <publisher>Commmodore Educational Software</publisher>
  <rating>Other - NR (Not Rated)</rating>
</game>
<game ROM="Football (USA)">
  <title>Football (USA)</title>
  <year>1979</year>
  <genre>Sports/Football</genre>
  <developer />
  <publisher>Programma International</publisher>
  <rating>Other - NR (Not Rated)</rating>
</game>
<game ROM="Forest (USA) (Unl)">
  <title>Forest (USA) (Unl)</title>
  <year>1980</year>
  <genre>Simulation</genre>
  <developer />
  <publisher>Unknown</publisher>
  <rating>Other - NR (Not Rated)</rating>
</game>
<game ROM="French Fur Trader (USA)">
  <title>French Fur Trader (USA)</title>
  <year>1978</year>
  <genre>Simulation</genre>
  <developer />
  <publisher>Creative Computing Software</publisher>
  <rating>Other - NR (Not Rated)</rating>
</game>
<game ROM="Frog Race (USA) (Unl)">
  <title>Frog Race (USA) (Unl)</title>
  <year>1980</year>
  <genre>Casino</genre>
  <developer />
  <publisher>Unknown</publisher>
  <rating>Other - NR (Not Rated)</rating>
</game>
<game ROM="Frog! (USA) (Unl)">
  <title>Frog! (USA) (Unl)</title>
  <year>1980</year>
  <genre>Action</genre>
  <developer />
  <publisher>Code Works, The</publisher>
  <rating>Other - NR (Not Rated)</rating>
</game>
<game ROM="Frogger (Germany) (Unl)">
  <title>Frogger (Germany) (Unl)</title>
  <year>19xx</year>
  <genre>Action</genre>
  <developer />
  <publisher>Unknown</publisher>
  <rating>Other - NR (Not Rated)</rating>
</game>
<game ROM="G-Word (USA) (Unl)">
  <title>G-Word (USA) (Unl)</title>
  <year>1981</year>
  <genre>Puzzle</genre>
  <developer />
  <publisher>Code Works, The</publisher>
  <rating>Other - NR (Not Rated)</rating>
</game>
<game ROM="Gammon (USA) (Unl)">
  <title>Gammon (USA) (Unl)</title>
  <year>1979</year>
  <genre>Board Games</genre>
  <developer />
  <publisher>Code Works, The</publisher>
  <rating>Other - NR (Not Rated)</rating>
</game>
<game ROM="Ganzen Schieten (Netherlands)">
  <title>Ganzen Schieten (Netherlands)</title>
  <year>1980</year>
  <genre>Shoot-&apos;Em-Up</genre>
  <developer />
  <publisher>Unknown</publisher>
  <rating>Other - NR (Not Rated)</rating>
</game>
<game ROM="Godzilla! (USA) (Unl)">
  <title>Godzilla! (USA) (Unl)</title>
  <year>1980</year>
  <genre>Strategy</genre>
  <developer />
  <publisher>Code Works, The</publisher>
  <rating>Other - NR (Not Rated)</rating>
</game>
<game ROM="Golf (USA)">
  <title>Golf (USA)</title>
  <year>1978</year>
  <genre>Sports/Golf</genre>
  <developer />
  <publisher>Creative Computing Software</publisher>
  <rating>Other - NR (Not Rated)</rating>
</game>
<game ROM="Golf (USA) (Unl)">
  <title>Golf (USA) (Unl)</title>
  <year>19xx</year>
  <genre>Sports/Golf</genre>
  <developer />
  <publisher>Unknown</publisher>
  <rating>Other - NR (Not Rated)</rating>
</game>
<game ROM="Gomoku (USA) (Unl)">
  <title>Gomoku (USA) (Unl)</title>
  <year>1979</year>
  <genre>Tabletop</genre>
  <developer />
  <publisher>Code Works, The</publisher>
  <rating>Other - NR (Not Rated)</rating>
</game>
<game ROM="Gremlin (USA) (Unl)">
  <title>Gremlin (USA) (Unl)</title>
  <year>1980</year>
  <genre>Shoot-&apos;Em-Up</genre>
  <developer />
  <publisher>Unknown</publisher>
  <rating>Other - NR (Not Rated)</rating>
</game>
<game ROM="Gribbet (USA) (Unl)">
  <title>Gribbet (USA) (Unl)</title>
  <year>1980</year>
  <genre>Action</genre>
  <developer />
  <publisher>Unknown</publisher>
  <rating>Other - NR (Not Rated)</rating>
</game>
<game ROM="Guess (USA) (Unl)">
  <title>Guess (USA) (Unl)</title>
  <year>1979</year>
  <genre>Strategy</genre>
  <developer />
  <publisher>Code Works, The</publisher>
  <rating>Other - NR (Not Rated)</rating>
</game>
<game ROM="Guess It (USA) (Unl)">
  <title>Guess It (USA) (Unl)</title>
  <year>1980</year>
  <genre>Simulation</genre>
  <developer />
  <publisher>Unknown</publisher>
  <rating>Other - NR (Not Rated)</rating>
</game>
<game ROM="Gunner (USA) (Unl)">
  <title>Gunner (USA) (Unl)</title>
  <year>1980</year>
  <genre>Action</genre>
  <developer />
  <publisher>Unknown</publisher>
  <rating>Other - NR (Not Rated)</rating>
</game>
<game ROM="Hamurabi (USA)">
  <title>Hamurabi (USA)</title>
  <year>1978</year>
  <genre>Strategy</genre>
  <developer />
  <publisher>Creative Computing Software</publisher>
  <rating>Other - NR (Not Rated)</rating>
</game>
<game ROM="Hangman (v1) (USA) (Unl)">
  <title>Hangman (v1) (USA) (Unl)</title>
  <year>1980</year>
  <genre>Puzzle</genre>
  <developer />
  <publisher>Unknown</publisher>
  <rating>Other - NR (Not Rated)</rating>
</game>
<game ROM="Hangman (v2) (USA) (Unl)">
  <title>Hangman (v2) (USA) (Unl)</title>
  <year>1980</year>
  <genre>Puzzle</genre>
  <developer />
  <publisher>Unknown</publisher>
  <rating>Other - NR (Not Rated)</rating>
</game>
<game ROM="Hangman (v3) (USA) (Unl)">
  <title>Hangman (v3) (USA) (Unl)</title>
  <year>1980</year>
  <genre>Puzzle</genre>
  <developer />
  <publisher>Unknown</publisher>
  <rating>Other - NR (Not Rated)</rating>
</game>
<game ROM="Hangman (v4) (USA) (Unl)">
  <title>Hangman (v4) (USA) (Unl)</title>
  <year>1980</year>
  <genre>Puzzle</genre>
  <developer />
  <publisher>Unknown</publisher>
  <rating>Other - NR (Not Rated)</rating>
</game>
<game ROM="Hanoi (USA) (Unl)">
  <title>Hanoi (USA) (Unl)</title>
  <year>1978</year>
  <genre>Puzzle</genre>
  <developer />
  <publisher>Code Works, The</publisher>
  <rating>Other - NR (Not Rated)</rating>
</game>
<game ROM="Heart Racer (USA) (Unl)">
  <title>Heart Racer (USA) (Unl)</title>
  <year>1980</year>
  <genre>Driving</genre>
  <developer />
  <publisher>Unknown</publisher>
  <rating>Other - NR (Not Rated)</rating>
</game>
<game ROM="Heart&apos;s Desire (USA) (Unl)">
  <title>Heart&apos;s Desire (USA) (Unl)</title>
  <year>1980</year>
  <genre>Action</genre>
  <developer />
  <publisher>Unknown</publisher>
  <rating>Other - NR (Not Rated)</rating>
</game>
<game ROM="Hexapawn (USA)">
  <title>Hexapawn (USA)</title>
  <year>1978</year>
  <genre>Strategy</genre>
  <developer />
  <publisher>Creative Computing Software</publisher>
  <rating>Other - NR (Not Rated)</rating>
</game>
<game ROM="Hman (USA) (Unl)">
  <title>Hman (USA) (Unl)</title>
  <year>1978</year>
  <genre>Puzzle</genre>
  <developer />
  <publisher>Code Works, The</publisher>
  <rating>Other - NR (Not Rated)</rating>
</game>
<game ROM="Horserace! (USA)">
  <title>Horserace! (USA)</title>
  <year>1979</year>
  <genre>Sports/Horse Racing</genre>
  <developer />
  <publisher>Creative Computing Software</publisher>
  <rating>Other - NR (Not Rated)</rating>
</game>
<game ROM="Hunt the Wumpus (USA) (Unl)">
  <title>Hunt the Wumpus (USA) (Unl)</title>
  <year>1978</year>
  <genre>Strategy</genre>
  <developer />
  <publisher>Unknown</publisher>
  <rating>Other - NR (Not Rated)</rating>
</game>
<game ROM="Hurkle (USA)">
  <title>Hurkle (USA)</title>
  <year>1978</year>
  <genre>Strategy</genre>
  <developer />
  <publisher>Creative Computing Software</publisher>
  <rating>Other - NR (Not Rated)</rating>
</game>
<game ROM="Hyperwurm (USA) (Unl)">
  <title>Hyperwurm (USA) (Unl)</title>
  <year>1989</year>
  <genre>Action</genre>
  <developer />
  <publisher>VL-Soft</publisher>
  <rating>Other - NR (Not Rated)</rating>
</game>
<game ROM="Ian&apos;s Speed Race (USA) (Unl)">
  <title>Ian&apos;s Speed Race (USA) (Unl)</title>
  <year>1979</year>
  <genre>Driving</genre>
  <developer />
  <publisher>Michael Bonnycastle</publisher>
  <rating>Other - NR (Not Rated)</rating>
</game>
<game ROM="Jackpot! (USA) (Unl)">
  <title>Jackpot! (USA) (Unl)</title>
  <year>1980</year>
  <genre>Casino</genre>
  <developer />
  <publisher>R.V. Gelder</publisher>
  <rating>Other - NR (Not Rated)</rating>
</game>
<game ROM="Joust (USA) (Unl)">
  <title>Joust (USA) (Unl)</title>
  <year>1980</year>
  <genre>Action</genre>
  <developer />
  <publisher>Code Works, The</publisher>
  <rating>Other - NR (Not Rated)</rating>
</game>
<game ROM="Jumbo Lander (USA)">
  <title>Jumbo Lander (USA)</title>
  <year>1980</year>
  <genre>Simulation</genre>
  <developer />
  <publisher>Courbois Software</publisher>
  <rating>Other - NR (Not Rated)</rating>
</game>
<game ROM="Kalah (USA) (Unl)">
  <title>Kalah (USA) (Unl)</title>
  <year>1980</year>
  <genre>Strategy</genre>
  <developer />
  <publisher>Code Works, The</publisher>
  <rating>Other - NR (Not Rated)</rating>
</game>
<game ROM="Keno (USA) (Unl)">
  <title>Keno (USA) (Unl)</title>
  <year>1980</year>
  <genre>Casino</genre>
  <developer />
  <publisher>Unknown</publisher>
  <rating>Other - NR (Not Rated)</rating>
</game>
<game ROM="King Tut&apos;s Tomb Adventure (USA) (Unl)">
  <title>King Tut&apos;s Tomb Adventure (USA) (Unl)</title>
  <year>1979</year>
  <genre>Adventure</genre>
  <developer />
  <publisher>Greg Hasset</publisher>
  <rating>Other - NR (Not Rated)</rating>
</game>
<game ROM="Kingdom (USA)">
  <title>Kingdom (USA)</title>
  <year>1977</year>
  <genre>Strategy</genre>
  <developer />
  <publisher>Commodore Business Machines</publisher>
  <rating>Other - NR (Not Rated)</rating>
</game>
<game ROM="Knights &amp; Demons (USA) (Unl)">
  <title>Knights &amp; Demons (USA) (Unl)</title>
  <year>2013</year>
  <genre>Action</genre>
  <developer />
  <publisher>Kabuto Factory</publisher>
  <rating>Other - NR (Not Rated)</rating>
</game>
<game ROM="Labyrinth (USA) (Unl)">
  <title>Labyrinth (USA) (Unl)</title>
  <year>1980</year>
  <genre>Maze</genre>
  <developer />
  <publisher>Unknown</publisher>
  <rating>Other - NR (Not Rated)</rating>
</game>
<game ROM="LadyBug (USA) (Unl)">
  <title>LadyBug (USA) (Unl)</title>
  <year>2013</year>
  <genre>Maze</genre>
  <developer />
  <publisher>NOP Software</publisher>
  <rating>Other - NR (Not Rated)</rating>
</game>
<game ROM="Lander (USA)">
  <title>Lander (USA)</title>
  <year>1978</year>
  <genre>Simulation</genre>
  <developer />
  <publisher>Commodore Business Machines</publisher>
  <rating>Other - NR (Not Rated)</rating>
</game>
<game ROM="Lander X (USA) (Unl)">
  <title>Lander X (USA) (Unl)</title>
  <year>1980</year>
  <genre>Simulation</genre>
  <developer />
  <publisher>Unknown</publisher>
  <rating>Other - NR (Not Rated)</rating>
</game>
<game ROM="Laser Tanks (USA) (Unl)">
  <title>Laser Tanks (USA) (Unl)</title>
  <year>1980</year>
  <genre>Action</genre>
  <developer />
  <publisher>Unknown</publisher>
  <rating>Other - NR (Not Rated)</rating>
</game>
<game ROM="Lawn! (USA) (Unl)">
  <title>Lawn! (USA) (Unl)</title>
  <year>1981</year>
  <genre>Action</genre>
  <developer />
  <publisher>Code Works, The</publisher>
  <rating>Other - NR (Not Rated)</rating>
</game>
<game ROM="Leap (USA) (Unl)">
  <title>Leap (USA) (Unl)</title>
  <year>1979</year>
  <genre>Strategy</genre>
  <developer />
  <publisher>Code Works, The</publisher>
  <rating>Other - NR (Not Rated)</rating>
</game>
<game ROM="LEM (USA)">
  <title>LEM (USA)</title>
  <year>1979</year>
  <genre>Simulation</genre>
  <developer />
  <publisher>Creative Computing</publisher>
  <rating>Other - NR (Not Rated)</rating>
</game>
<game ROM="Life (USA)">
  <title>Life (USA)</title>
  <year>1980</year>
  <genre>Simulation</genre>
  <developer />
  <publisher>Cortex Computer Systems</publisher>
  <rating>Other - NR (Not Rated)</rating>
</game>
<game ROM="Life II (USA)">
  <title>Life II (USA)</title>
  <year>1978</year>
  <genre>Simulation</genre>
  <developer />
  <publisher>Creative Computing</publisher>
  <rating>Other - NR (Not Rated)</rating>
</game>
<game ROM="Lizzard (USA) (Unl)">
  <title>Lizzard (USA) (Unl)</title>
  <year>1980</year>
  <genre>Action</genre>
  <developer />
  <publisher>Unknown</publisher>
  <rating>Other - NR (Not Rated)</rating>
</game>
<game ROM="Lords of Karma (USA)">
  <title>Lords of Karma (USA)</title>
  <year>1980</year>
  <genre>Adventure</genre>
  <developer />
  <publisher>Avalon Hill Game Company</publisher>
  <rating>Other - NR (Not Rated)</rating>
</game>
<game ROM="Lunar Lander (USA) (Unl)">
  <title>Lunar Lander (USA) (Unl)</title>
  <year>1980</year>
  <genre>Simulation</genre>
  <developer />
  <publisher>Unknown</publisher>
  <rating>Other - NR (Not Rated)</rating>
</game>
<game ROM="Lunar Lander II (USA) (Unl)">
  <title>Lunar Lander II (USA) (Unl)</title>
  <year>19xx</year>
  <genre>Simulation</genre>
  <developer />
  <publisher>Unknown</publisher>
  <rating>Other - NR (Not Rated)</rating>
</game>
<game ROM="M-Maze (USA) (Unl)">
  <title>M-Maze (USA) (Unl)</title>
  <year>1980</year>
  <genre>Maze</genre>
  <developer />
  <publisher>Unknown</publisher>
  <rating>Other - NR (Not Rated)</rating>
</game>
<game ROM="Mad Bomber, The (USA) (Unl)">
  <title>Mad Bomber, The (USA) (Unl)</title>
  <year>1980</year>
  <genre>Action</genre>
  <developer />
  <publisher>Unknown</publisher>
  <rating>Other - NR (Not Rated)</rating>
</game>
<game ROM="Mars (USA)">
  <title>Mars (USA)</title>
  <year>1982</year>
  <genre>Adventure</genre>
  <developer />
  <publisher>Aardvark-80</publisher>
  <rating>Other - NR (Not Rated)</rating>
</game>
<game ROM="Master Mind (USA) (Unl)">
  <title>Master Mind (USA) (Unl)</title>
  <year>1980</year>
  <genre>Puzzle</genre>
  <developer />
  <publisher>Unknown</publisher>
  <rating>Other - NR (Not Rated)</rating>
</game>
<game ROM="Match (USA) (Unl)">
  <title>Match (USA) (Unl)</title>
  <year>1979</year>
  <genre>Educational</genre>
  <developer />
  <publisher>Code Works, The</publisher>
  <rating>Other - NR (Not Rated)</rating>
</game>
<game ROM="Matches (USA) (Unl)">
  <title>Matches (USA) (Unl)</title>
  <year>1980</year>
  <genre>Strategy</genre>
  <developer />
  <publisher>Unknown</publisher>
  <rating>Other - NR (Not Rated)</rating>
</game>
<game ROM="Maxit (USA) (Unl)">
  <title>Maxit (USA) (Unl)</title>
  <year>1981</year>
  <genre>Strategy</genre>
  <developer />
  <publisher>Code Works, The</publisher>
  <rating>Other - NR (Not Rated)</rating>
</game>
<game ROM="Mayhem (Europe) (Unl)">
  <title>Mayhem (Europe) (Unl)</title>
  <year>2012</year>
  <genre>Action</genre>
  <developer />
  <publisher>Revival Studios</publisher>
  <rating>Other - NR (Not Rated)</rating>
</game>
<game ROM="Maze (USA) (Unl)">
  <title>Maze (USA) (Unl)</title>
  <year>1979</year>
  <genre>Maze</genre>
  <developer />
  <publisher>Code Works, The</publisher>
  <rating>Other - NR (Not Rated)</rating>
</game>
<game ROM="Meteor (USA) (Unl)">
  <title>Meteor (USA) (Unl)</title>
  <year>1983</year>
  <genre>Action</genre>
  <developer />
  <publisher>Unknown</publisher>
  <rating>Other - NR (Not Rated)</rating>
</game>
<game ROM="Meteorites (USA)">
  <title>Meteorites (USA)</title>
  <year>1981</year>
  <genre>Action</genre>
  <developer />
  <publisher>Supersoft</publisher>
  <rating>Other - NR (Not Rated)</rating>
</game>
<game ROM="Microchess (USA)">
  <title>Microchess (USA)</title>
  <year>1978</year>
  <genre>Board Games</genre>
  <developer />
  <publisher>Micro-Ware</publisher>
  <rating>Other - NR (Not Rated)</rating>
</game>
<game ROM="Microjump (USA) (Unl)">
  <title>Microjump (USA) (Unl)</title>
  <year>1980</year>
  <genre>Action</genre>
  <developer />
  <publisher>Unknown</publisher>
  <rating>Other - NR (Not Rated)</rating>
</game>
<game ROM="Microstring (USA) (Unl)">
  <title>Microstring (USA) (Unl)</title>
  <year>1980</year>
  <genre>Action</genre>
  <developer />
  <publisher>Unknown</publisher>
  <rating>Other - NR (Not Rated)</rating>
</game>
<game ROM="Millipede (USA)">
  <title>Millipede (USA)</title>
  <year>1982</year>
  <genre>Action</genre>
  <developer />
  <publisher>On Line Software</publisher>
  <rating>Other - NR (Not Rated)</rating>
</game>
<game ROM="Mind (USA) (Unl)">
  <title>Mind (USA) (Unl)</title>
  <year>1979</year>
  <genre>Strategy</genre>
  <developer />
  <publisher>Code Works, The</publisher>
  <rating>Other - NR (Not Rated)</rating>
</game>
<game ROM="Miner! (USA) (Unl)">
  <title>Miner! (USA) (Unl)</title>
  <year>1980</year>
  <genre>Simulation</genre>
  <developer />
  <publisher>Code Works, The</publisher>
  <rating>Other - NR (Not Rated)</rating>
</game>
<game ROM="Miser (USA) (Unl)">
  <title>Miser (USA) (Unl)</title>
  <year>1981</year>
  <genre>Adventure</genre>
  <developer />
  <publisher>Code Works, The</publisher>
  <rating>Other - NR (Not Rated)</rating>
</game>
<game ROM="Mission 2001 (USA) (Unl)">
  <title>Mission 2001 (USA) (Unl)</title>
  <year>1981</year>
  <genre>Shoot-&apos;Em-Up</genre>
  <developer />
  <publisher>Anthony &amp; Steven Scian</publisher>
  <rating>Other - NR (Not Rated)</rating>
</game>
<game ROM="Mount St Helens (USA) (Unl)">
  <title>Mount St Helens (USA) (Unl)</title>
  <year>1980</year>
  <genre>Adventure</genre>
  <developer />
  <publisher>Unknown</publisher>
  <rating>Other - NR (Not Rated)</rating>
</game>
<game ROM="Mousemaze (USA) (Unl)">
  <title>Mousemaze (USA) (Unl)</title>
  <year>1980</year>
  <genre>Maze</genre>
  <developer />
  <publisher>Unknown</publisher>
  <rating>Other - NR (Not Rated)</rating>
</game>
<game ROM="Mugwump (USA)">
  <title>Mugwump (USA)</title>
  <year>1978</year>
  <genre>Puzzle</genre>
  <developer />
  <publisher>Creative Computing</publisher>
  <rating>Other - NR (Not Rated)</rating>
</game>
<game ROM="Nab! (USA) (Unl)">
  <title>Nab! (USA) (Unl)</title>
  <year>1980</year>
  <genre>Action</genre>
  <developer />
  <publisher>Code Works, The</publisher>
  <rating>Other - NR (Not Rated)</rating>
</game>
<game ROM="Nazo no Enban AFO (Japan) (Unl)">
  <title>Nazo no Enban AFO (Japan) (Unl)</title>
  <year>1980</year>
  <genre>Action</genre>
  <developer />
  <publisher>Unknown</publisher>
  <rating>Other - NR (Not Rated)</rating>
</game>
<game ROM="Night Drive (USA) (Unl)">
  <title>Night Drive (USA) (Unl)</title>
  <year>1982</year>
  <genre>Driving</genre>
  <developer />
  <publisher>J. Suzuki</publisher>
  <rating>Other - NR (Not Rated)</rating>
</game>
<game ROM="Nightmare Park (USA) (Unl)">
  <title>Nightmare Park (USA) (Unl)</title>
  <year>19xx</year>
  <genre>Maze</genre>
  <developer />
  <publisher>Unknown</publisher>
  <rating>Other - NR (Not Rated)</rating>
</game>
<game ROM="Nim (USA) (Unl)">
  <title>Nim (USA) (Unl)</title>
  <year>1979</year>
  <genre>Strategy</genre>
  <developer />
  <publisher>Unknown</publisher>
  <rating>Other - NR (Not Rated)</rating>
</game>
<game ROM="Number-Toe (USA) (Unl)">
  <title>Number-Toe (USA) (Unl)</title>
  <year>1980</year>
  <genre>Puzzle</genre>
  <developer />
  <publisher>Unknown</publisher>
  <rating>Other - NR (Not Rated)</rating>
</game>
<game ROM="Off-the-Wall (USA)">
  <title>Off-the-Wall (USA)</title>
  <year>1978</year>
  <genre>Ball &amp; Paddle</genre>
  <developer />
  <publisher>Commodore Business Machines</publisher>
  <rating>Other - NR (Not Rated)</rating>
</game>
<game ROM="Osero (USA) (Unl)">
  <title>Osero (USA) (Unl)</title>
  <year>1978</year>
  <genre>Board Games</genre>
  <developer />
  <publisher>Unknown</publisher>
  <rating>Other - NR (Not Rated)</rating>
</game>
<game ROM="Othello (USA) (Unl)">
  <title>Othello (USA) (Unl)</title>
  <year>19xx</year>
  <genre>Board Games</genre>
  <developer />
  <publisher>Unknown</publisher>
  <rating>Other - NR (Not Rated)</rating>
</game>
<game ROM="Ouranos! (USA) (Unl)">
  <title>Ouranos! (USA) (Unl)</title>
  <year>1980</year>
  <genre>Strategy</genre>
  <developer />
  <publisher>Code Works, The</publisher>
  <rating>Other - NR (Not Rated)</rating>
</game>
<game ROM="Outpost (USA) (Unl)">
  <title>Outpost (USA) (Unl)</title>
  <year>1980</year>
  <genre>Strategy</genre>
  <developer />
  <publisher>Unknown</publisher>
  <rating>Other - NR (Not Rated)</rating>
</game>
<game ROM="Pegboard (USA) (Unl)">
  <title>Pegboard (USA) (Unl)</title>
  <year>1979</year>
  <genre>Puzzle</genre>
  <developer />
  <publisher>Code Works, The</publisher>
  <rating>Other - NR (Not Rated)</rating>
</game>
<game ROM="PET Checkers (USA)">
  <title>PET Checkers (USA)</title>
  <year>1980</year>
  <genre>Board Games</genre>
  <developer />
  <publisher>CMS Software Systems</publisher>
  <rating>Other - NR (Not Rated)</rating>
</game>
<game ROM="PET Mastermind (USA) (Unl)">
  <title>PET Mastermind (USA) (Unl)</title>
  <year>1980</year>
  <genre>Puzzle</genre>
  <developer />
  <publisher>Unknown</publisher>
  <rating>Other - NR (Not Rated)</rating>
</game>
<game ROM="PET Nuclear Power Plant (USA)">
  <title>PET Nuclear Power Plant (USA)</title>
  <year>1982</year>
  <genre>Educational</genre>
  <developer />
  <publisher>Commodore Educational Software</publisher>
  <rating>Other - NR (Not Rated)</rating>
</game>
<game ROM="PET Panic (USA) (Unl)">
  <title>PET Panic (USA) (Unl)</title>
  <year>19xx</year>
  <genre>Platform</genre>
  <developer />
  <publisher>Jim Orlando</publisher>
  <rating>Other - NR (Not Rated)</rating>
</game>
<game ROM="PET Tetris (USA) (Unl)">
  <title>PET Tetris (USA) (Unl)</title>
  <year>2010</year>
  <genre>Puzzle</genre>
  <developer />
  <publisher>Tim Howe</publisher>
  <rating>Other - NR (Not Rated)</rating>
</game>
<game ROM="Petals Around the Rose (USA) (Unl)">
  <title>Petals Around the Rose (USA) (Unl)</title>
  <year>1978</year>
  <genre>Simulation</genre>
  <developer />
  <publisher>Unknown</publisher>
  <rating>Other - NR (Not Rated)</rating>
</game>
<game ROM="Pick-Up (USA) (Unl)">
  <title>Pick-Up (USA) (Unl)</title>
  <year>1979</year>
  <genre>Action</genre>
  <developer />
  <publisher>Code Works, The</publisher>
  <rating>Other - NR (Not Rated)</rating>
</game>
<game ROM="Picture Kingdom (USA)">
  <title>Picture Kingdom (USA)</title>
  <year>1981</year>
  <genre>Strategy</genre>
  <developer />
  <publisher>The Guild Adventure Software</publisher>
  <rating>Other - NR (Not Rated)</rating>
</game>
<game ROM="Pinball (USA) (Unl)">
  <title>Pinball (USA) (Unl)</title>
  <year>1980</year>
  <genre>Pinball</genre>
  <developer />
  <publisher>Unknown</publisher>
  <rating>Other - NR (Not Rated)</rating>
</game>
<game ROM="Ping Pong (USA) (Unl)">
  <title>Ping Pong (USA) (Unl)</title>
  <year>1980</year>
  <genre>Ball &amp; Paddle</genre>
  <developer />
  <publisher>Unknown</publisher>
  <rating>Other - NR (Not Rated)</rating>
</game>
<game ROM="Pirate Adventure (USA)">
  <title>Pirate Adventure (USA)</title>
  <year>1979</year>
  <genre>Adventure</genre>
  <developer />
  <publisher>Adventure International</publisher>
  <rating>Other - NR (Not Rated)</rating>
</game>
<game ROM="Pizza (USA)">
  <title>Pizza (USA)</title>
  <year>1981</year>
  <genre>Educational</genre>
  <developer />
  <publisher>CUE, Inc.</publisher>
  <rating>Other - NR (Not Rated)</rating>
</game>
<game ROM="Planet Probe (USA) (Unl)">
  <title>Planet Probe (USA) (Unl)</title>
  <year>1980</year>
  <genre>Simulation</genre>
  <developer />
  <publisher>Unknown</publisher>
  <rating>Other - NR (Not Rated)</rating>
</game>
<game ROM="Poker (USA) (Unl)">
  <title>Poker (USA) (Unl)</title>
  <year>1980</year>
  <genre>Casino</genre>
  <developer />
  <publisher>Code Works, The</publisher>
  <rating>Other - NR (Not Rated)</rating>
</game>
<game ROM="Police (USA) (Unl)">
  <title>Police (USA) (Unl)</title>
  <year>1980</year>
  <genre>Driving</genre>
  <developer />
  <publisher>Code Works, The</publisher>
  <rating>Other - NR (Not Rated)</rating>
</game>
<game ROM="Pong (USA) (Unl)">
  <title>Pong (USA) (Unl)</title>
  <year>1980</year>
  <genre>Ball &amp; Paddle</genre>
  <developer />
  <publisher>Unknown</publisher>
  <rating>Other - NR (Not Rated)</rating>
</game>
<game ROM="Postperson&apos;s Route, The (USA) (Unl)">
  <title>Postperson&apos;s Route, The (USA) (Unl)</title>
  <year>1980</year>
  <genre>Strategy</genre>
  <developer />
  <publisher>Unknown</publisher>
  <rating>Other - NR (Not Rated)</rating>
</game>
<game ROM="Ppong (USA) (Unl)">
  <title>Ppong (USA) (Unl)</title>
  <year>1980</year>
  <genre>Ball &amp; Paddle</genre>
  <developer />
  <publisher>Unknown</publisher>
  <rating>Other - NR (Not Rated)</rating>
</game>
<game ROM="Qubic (USA) (Unl)">
  <title>Qubic (USA) (Unl)</title>
  <year>1978</year>
  <genre>Board Games</genre>
  <developer />
  <publisher>Unknown</publisher>
  <rating>Other - NR (Not Rated)</rating>
</game>
<game ROM="Quix (USA) (Unl)">
  <title>Quix (USA) (Unl)</title>
  <year>1978</year>
  <genre>Action</genre>
  <developer />
  <publisher>Code Works, The</publisher>
  <rating>Other - NR (Not Rated)</rating>
</game>
<game ROM="Race (USA) (Unl)">
  <title>Race (USA) (Unl)</title>
  <year>1978</year>
  <genre>Driving</genre>
  <developer />
  <publisher>Code Works, The</publisher>
  <rating>Other - NR (Not Rated)</rating>
</game>
<game ROM="Racer! (USA) (Unl)">
  <title>Racer! (USA) (Unl)</title>
  <year>1981</year>
  <genre>Driving</genre>
  <developer />
  <publisher>Code Works, The</publisher>
  <rating>Other - NR (Not Rated)</rating>
</game>
<game ROM="Racetrack (USA) (Unl)">
  <title>Racetrack (USA) (Unl)</title>
  <year>1980</year>
  <genre>Driving</genre>
  <developer />
  <publisher>Unknown</publisher>
  <rating>Other - NR (Not Rated)</rating>
</game>
<game ROM="Rail (USA) (Unl)">
  <title>Rail (USA) (Unl)</title>
  <year>1980</year>
  <genre>Simulation</genre>
  <developer />
  <publisher>Code Works, The</publisher>
  <rating>Other - NR (Not Rated)</rating>
</game>
<game ROM="Ratrun (USA) (Unl)">
  <title>Ratrun (USA) (Unl)</title>
  <year>1979</year>
  <genre>Simulation</genre>
  <developer />
  <publisher>Code Works, The</publisher>
  <rating>Other - NR (Not Rated)</rating>
</game>
<game ROM="Rescue! (USA) (Unl)">
  <title>Rescue! (USA) (Unl)</title>
  <year>1981</year>
  <genre>Action</genre>
  <developer />
  <publisher>Code Works, The</publisher>
  <rating>Other - NR (Not Rated)</rating>
</game>
<game ROM="Revers! (USA) (Unl)">
  <title>Revers! (USA) (Unl)</title>
  <year>1979</year>
  <genre>Strategy</genre>
  <developer />
  <publisher>Code Works, The</publisher>
  <rating>Other - NR (Not Rated)</rating>
</game>
<game ROM="Reverse (USA) (Unl)">
  <title>Reverse (USA) (Unl)</title>
  <year>1980</year>
  <genre>Puzzle</genre>
  <developer />
  <publisher>Unknown</publisher>
  <rating>Other - NR (Not Rated)</rating>
</game>
<game ROM="Road Race (USA)">
  <title>Road Race (USA)</title>
  <year>1982</year>
  <genre>Driving</genre>
  <developer />
  <publisher>Avalon Hill Game Company</publisher>
  <rating>Other - NR (Not Rated)</rating>
</game>
<game ROM="Rollercoaster (USA) (Unl)">
  <title>Rollercoaster (USA) (Unl)</title>
  <year>1980</year>
  <genre>Action</genre>
  <developer />
  <publisher>Unknown</publisher>
  <rating>Other - NR (Not Rated)</rating>
</game>
<game ROM="Rotate (USA)">
  <title>Rotate (USA)</title>
  <year>1978</year>
  <genre>Puzzle</genre>
  <developer />
  <publisher>Commodore Business Machines</publisher>
  <rating>Other - NR (Not Rated)</rating>
</game>
<game ROM="S-Racer (USA) (Unl)">
  <title>S-Racer (USA) (Unl)</title>
  <year>1980</year>
  <genre>Driving</genre>
  <developer />
  <publisher>Unknown</publisher>
  <rating>Other - NR (Not Rated)</rating>
</game>
<game ROM="Safe! (USA) (Unl)">
  <title>Safe! (USA) (Unl)</title>
  <year>1981</year>
  <genre>Puzzle</genre>
  <developer />
  <publisher>Code Works, The</publisher>
  <rating>Other - NR (Not Rated)</rating>
</game>
<game ROM="Sargon2 (USA)">
  <title>Sargon2 (USA)</title>
  <year>1982</year>
  <genre>Board Games</genre>
  <developer />
  <publisher>S&amp;B Software</publisher>
  <rating>Other - NR (Not Rated)</rating>
</game>
<game ROM="Scramble (USA) (Unl)">
  <title>Scramble (USA) (Unl)</title>
  <year>1982</year>
  <genre>Action</genre>
  <developer />
  <publisher>Heiner Eichmann</publisher>
  <rating>Other - NR (Not Rated)</rating>
</game>
<game ROM="Scrambled Word Game, A (USA) (Unl)">
  <title>Scrambled Word Game, A (USA) (Unl)</title>
  <year>1980</year>
  <genre>Puzzle</genre>
  <developer />
  <publisher>Unknown</publisher>
  <rating>Other - NR (Not Rated)</rating>
</game>
<game ROM="Sea Battle (USA) (Unl)">
  <title>Sea Battle (USA) (Unl)</title>
  <year>1980</year>
  <genre>Strategy</genre>
  <developer />
  <publisher>Unknown</publisher>
  <rating>Other - NR (Not Rated)</rating>
</game>
<game ROM="Seabattle (USA)">
  <title>Seabattle (USA)</title>
  <year>1980</year>
  <genre>Simulation</genre>
  <developer />
  <publisher>Creative Computing</publisher>
  <rating>Other - NR (Not Rated)</rating>
</game>
<game ROM="Shark (USA) (Unl)">
  <title>Shark (USA) (Unl)</title>
  <year>1978</year>
  <genre>Strategy</genre>
  <developer />
  <publisher>Code Works, The</publisher>
  <rating>Other - NR (Not Rated)</rating>
</game>
<game ROM="Sheep (USA) (Unl)">
  <title>Sheep (USA) (Unl)</title>
  <year>1980</year>
  <genre>Strategy</genre>
  <developer />
  <publisher>Code Works, The</publisher>
  <rating>Other - NR (Not Rated)</rating>
</game>
<game ROM="Shoot (USA) (Unl)">
  <title>Shoot (USA) (Unl)</title>
  <year>1980</year>
  <genre>Action</genre>
  <developer />
  <publisher>Unknown</publisher>
  <rating>Other - NR (Not Rated)</rating>
</game>
<game ROM="Siege (USA) (Unl)">
  <title>Siege (USA) (Unl)</title>
  <year>1983</year>
  <genre>Action</genre>
  <developer />
  <publisher>Mike Singleton</publisher>
  <rating>Other - NR (Not Rated)</rating>
</game>
<game ROM="Sinners (USA) (Unl)">
  <title>Sinners (USA) (Unl)</title>
  <year>1978</year>
  <genre>Strategy</genre>
  <developer />
  <publisher>Computers/Calculators Magazine</publisher>
  <rating>Other - NR (Not Rated)</rating>
</game>
<game ROM="Ski (USA) (Unl)">
  <title>Ski (USA) (Unl)</title>
  <year>1982</year>
  <genre>Sports/Skiing</genre>
  <developer />
  <publisher>Mike Singleton</publisher>
  <rating>Other - NR (Not Rated)</rating>
</game>
<game ROM="Ski! (USA) (Unl)">
  <title>Ski! (USA) (Unl)</title>
  <year>1980</year>
  <genre>Sports/Skiing</genre>
  <developer />
  <publisher>Stephen Prokopchuk</publisher>
  <rating>Other - NR (Not Rated)</rating>
</game>
<game ROM="Slot (USA) (Unl)">
  <title>Slot (USA) (Unl)</title>
  <year>1979</year>
  <genre>Casino</genre>
  <developer />
  <publisher>Code Works, The</publisher>
  <rating>Other - NR (Not Rated)</rating>
</game>
<game ROM="Slot Machine (USA) (Unl)">
  <title>Slot Machine (USA) (Unl)</title>
  <year>1980</year>
  <genre>Casino</genre>
  <developer />
  <publisher>Unknown</publisher>
  <rating>Other - NR (Not Rated)</rating>
</game>
<game ROM="Snakes (USA) (Unl)">
  <title>Snakes (USA) (Unl)</title>
  <year>1980</year>
  <genre>Action</genre>
  <developer />
  <publisher>Unknown</publisher>
  <rating>Other - NR (Not Rated)</rating>
</game>
<game ROM="Snark (USA) (Unl)">
  <title>Snark (USA) (Unl)</title>
  <year>1979</year>
  <genre>Puzzle</genre>
  <developer />
  <publisher>Unknown</publisher>
  <rating>Other - NR (Not Rated)</rating>
</game>
<game ROM="Sorcerer&apos;s Castle Adventure (USA)">
  <title>Sorcerer&apos;s Castle Adventure (USA)</title>
  <year>1979</year>
  <genre>Adventure</genre>
  <developer />
  <publisher>Mad Hatter Software</publisher>
  <rating>Other - NR (Not Rated)</rating>
</game>
<game ROM="Space Ace (USA)">
  <title>Space Ace (USA)</title>
  <year>1982</year>
  <genre>Action</genre>
  <developer />
  <publisher>Petsoft</publisher>
  <rating>Other - NR (Not Rated)</rating>
</game>
<game ROM="Space Fight (USA)">
  <title>Space Fight (USA)</title>
  <year>1978</year>
  <genre>Shoot-&apos;Em-Up</genre>
  <developer />
  <publisher>ARESCO</publisher>
  <rating>Other - NR (Not Rated)</rating>
</game>
<game ROM="Space Invaders (v1) (USA) (Unl)">
  <title>Space Invaders (v1) (USA) (Unl)</title>
  <year>1980</year>
  <genre>Shoot-&apos;Em-Up</genre>
  <developer />
  <publisher>Unknown</publisher>
  <rating>Other - NR (Not Rated)</rating>
</game>
<game ROM="Space Invaders (v2) (USA) (Unl)">
  <title>Space Invaders (v2) (USA) (Unl)</title>
  <year>19xx</year>
  <genre>Shoot-&apos;Em-Up</genre>
  <developer />
  <publisher>Unknown</publisher>
  <rating>Other - NR (Not Rated)</rating>
</game>
<game ROM="Space Trek 2 (USA) (Unl)">
  <title>Space Trek 2 (USA) (Unl)</title>
  <year>19xx</year>
  <genre>Simulation</genre>
  <developer />
  <publisher>Unknown</publisher>
  <rating>Other - NR (Not Rated)</rating>
</game>
<game ROM="Space! (USA) (Unl)">
  <title>Space! (USA) (Unl)</title>
  <year>1979</year>
  <genre>Shoot-&apos;Em-Up</genre>
  <developer />
  <publisher>Code Works, The</publisher>
  <rating>Other - NR (Not Rated)</rating>
</game>
<game ROM="Spacewar (USA) (Part 1)">
  <title>Spacewar (USA) (Part 1)</title>
  <year>1979</year>
  <genre>Strategy</genre>
  <developer />
  <publisher>Creative Computing</publisher>
  <rating>Other - NR (Not Rated)</rating>
</game>
<game ROM="Spacewar (USA) (Part 2)">
  <title>Spacewar (USA) (Part 2)</title>
  <year>1979</year>
  <genre>Strategy</genre>
  <developer />
  <publisher>Creative Computing</publisher>
  <rating>Other - NR (Not Rated)</rating>
</game>
<game ROM="Spot (USA) (Unl)">
  <title>Spot (USA) (Unl)</title>
  <year>1980</year>
  <genre>Tabletop</genre>
  <developer />
  <publisher>Code Works, The</publisher>
  <rating>Other - NR (Not Rated)</rating>
</game>
<game ROM="Stairrunner (Europe) (Unl)">
  <title>Stairrunner (Europe) (Unl)</title>
  <year>2013</year>
  <genre>Action</genre>
  <developer />
  <publisher>Revival Studios</publisher>
  <rating>Other - NR (Not Rated)</rating>
</game>
<game ROM="Star Fighter (USA) (Unl)">
  <title>Star Fighter (USA) (Unl)</title>
  <year>1980</year>
  <genre>Shoot-&apos;Em-Up</genre>
  <developer />
  <publisher>Unknown</publisher>
  <rating>Other - NR (Not Rated)</rating>
</game>
<game ROM="Star Force (USA)">
  <title>Star Force (USA)</title>
  <year>1979</year>
  <genre>Shoot-&apos;Em-Up</genre>
  <developer />
  <publisher>Astar</publisher>
  <rating>Other - NR (Not Rated)</rating>
</game>
<game ROM="Star Trek (M.P. McDonald) (USA) (Unl)">
  <title>Star Trek (M.P. McDonald) (USA) (Unl)</title>
  <year>19xx</year>
  <genre>Simulation</genre>
  <developer />
  <publisher>M.P. McDonald</publisher>
  <rating>Other - NR (Not Rated)</rating>
</game>
<game ROM="Star Trek (Unknown) (USA) (Unl)">
  <title>Star Trek (Unknown) (USA) (Unl)</title>
  <year>1978</year>
  <genre>Simulation</genre>
  <developer />
  <publisher>Unknown</publisher>
  <rating>Other - NR (Not Rated)</rating>
</game>
<game ROM="Star Trek 64 (USA) (Unl)">
  <title>Star Trek 64 (USA) (Unl)</title>
  <year>1983</year>
  <genre>Simulation</genre>
  <developer />
  <publisher>Unknown</publisher>
  <rating>Other - NR (Not Rated)</rating>
</game>
<game ROM="Starburst (USA) (Unl)">
  <title>Starburst (USA) (Unl)</title>
  <year>1980</year>
  <genre>Shoot-&apos;Em-Up</genre>
  <developer />
  <publisher>Unknown</publisher>
  <rating>Other - NR (Not Rated)</rating>
</game>
<game ROM="Street Bomber (USA) (Unl)">
  <title>Street Bomber (USA) (Unl)</title>
  <year>19xx</year>
  <genre>Action</genre>
  <developer />
  <publisher>Unknown</publisher>
  <rating>Other - NR (Not Rated)</rating>
</game>
<game ROM="Super Glooper (USA) (Unl)">
  <title>Super Glooper (USA) (Unl)</title>
  <year>1981</year>
  <genre>Maze</genre>
  <developer />
  <publisher>D.E. Anthony</publisher>
  <rating>Other - NR (Not Rated)</rating>
</game>
<game ROM="Super Trek (USA)">
  <title>Super Trek (USA)</title>
  <year>1979</year>
  <genre>Simulation</genre>
  <developer />
  <publisher>Creative Computing</publisher>
  <rating>Other - NR (Not Rated)</rating>
</game>
<game ROM="Super Trek - 16KNR (USA) (Unl)">
  <title>Super Trek - 16KNR (USA) (Unl)</title>
  <year>1980</year>
  <genre>Simulation</genre>
  <developer />
  <publisher>Unknown</publisher>
  <rating>Other - NR (Not Rated)</rating>
</game>
<game ROM="Tank! (USA) (Unl)">
  <title>Tank! (USA) (Unl)</title>
  <year>1981</year>
  <genre>Action</genre>
  <developer />
  <publisher>Code Works, The</publisher>
  <rating>Other - NR (Not Rated)</rating>
</game>
<game ROM="Tanktics (USA)">
  <title>Tanktics (USA)</title>
  <year>1981</year>
  <genre>Strategy</genre>
  <developer />
  <publisher>Avalon Hill Game Company</publisher>
  <rating>Other - NR (Not Rated)</rating>
</game>
<game ROM="Target Golf (USA) (Unl)">
  <title>Target Golf (USA) (Unl)</title>
  <year>1980</year>
  <genre>Sports/Golf</genre>
  <developer />
  <publisher>Unknown</publisher>
  <rating>Other - NR (Not Rated)</rating>
</game>
<game ROM="Target Pong (USA)">
  <title>Target Pong (USA)</title>
  <year>1978</year>
  <genre>Ball &amp; Paddle</genre>
  <developer />
  <publisher>Commodore Business Machines</publisher>
  <rating>Other - NR (Not Rated)</rating>
</game>
<game ROM="Telengard (USA)">
  <title>Telengard (USA)</title>
  <year>1980</year>
  <genre>Puzzle</genre>
  <developer />
  <publisher>Avalon Hill Game Company</publisher>
  <rating>Other - NR (Not Rated)</rating>
</game>
<game ROM="Thunt! (USA) (Unl)">
  <title>Thunt! (USA) (Unl)</title>
  <year>1980</year>
  <genre>Action</genre>
  <developer />
  <publisher>Code Works, The</publisher>
  <rating>Other - NR (Not Rated)</rating>
</game>
<game ROM="Tic Tac Toe (USA) (Unl)">
  <title>Tic Tac Toe (USA) (Unl)</title>
  <year>1978</year>
  <genre>Puzzle</genre>
  <developer />
  <publisher>Unknown</publisher>
  <rating>Other - NR (Not Rated)</rating>
</game>
<game ROM="Time Trek (USA)">
  <title>Time Trek (USA)</title>
  <year>1979</year>
  <genre>Simulation</genre>
  <developer />
  <publisher>Programma</publisher>
  <rating>Other - NR (Not Rated)</rating>
</game>
<game ROM="Titrator (USA) (Unl)">
  <title>Titrator (USA) (Unl)</title>
  <year>1979</year>
  <genre>Educational</genre>
  <developer />
  <publisher>Code Works, The</publisher>
  <rating>Other - NR (Not Rated)</rating>
</game>
<game ROM="Toker (USA) (Unl)">
  <title>Toker (USA) (Unl)</title>
  <year>1980</year>
  <genre>Simulation</genre>
  <developer />
  <publisher>Unknown</publisher>
  <rating>Other - NR (Not Rated)</rating>
</game>
<game ROM="Torpedeo (USA (Unl)">
  <title>Torpedeo (USA (Unl)</title>
  <year>1980</year>
  <genre>Action</genre>
  <developer />
  <publisher>John Briggs</publisher>
  <rating>Other - NR (Not Rated)</rating>
</game>
<game ROM="Toss (USA) (Unl)">
  <title>Toss (USA) (Unl)</title>
  <year>1980</year>
  <genre>Simulation</genre>
  <developer />
  <publisher>Unknown</publisher>
  <rating>Other - NR (Not Rated)</rating>
</game>
<game ROM="Trail West (USA)">
  <title>Trail West (USA)</title>
  <year>1980</year>
  <genre>Simulation</genre>
  <developer />
  <publisher>Micro-Ed, Inc</publisher>
  <rating>Other - NR (Not Rated)</rating>
</game>
<game ROM="Trek Adventure (USA)">
  <title>Trek Adventure (USA)</title>
  <year>1982</year>
  <genre>Adventure</genre>
  <developer />
  <publisher>Aardvark-80</publisher>
  <rating>Other - NR (Not Rated)</rating>
</game>
<game ROM="TRON - Journey to the MCP (USA) (Unl)">
  <title>TRON - Journey to the MCP (USA) (Unl)</title>
  <year>1982</year>
  <genre>Maze</genre>
  <developer />
  <publisher>Unknown</publisher>
  <rating>Other - NR (Not Rated)</rating>
</game>
<game ROM="TRON - Light Cycle Game (USA) (Unl)">
  <title>TRON - Light Cycle Game (USA) (Unl)</title>
  <year>1982</year>
  <genre>Action</genre>
  <developer />
  <publisher>Unknown</publisher>
  <rating>Other - NR (Not Rated)</rating>
</game>
<game ROM="Tunnel Vision and Kat and Mouse (USA) (Unl)">
  <title>Tunnel Vision and Kat and Mouse (USA) (Unl)</title>
  <year>1978</year>
  <genre>Compilation</genre>
  <developer />
  <publisher>Unknown</publisher>
  <rating>Other - NR (Not Rated)</rating>
</game>
<game ROM="Vector Chase (USA) (Unl)">
  <title>Vector Chase (USA) (Unl)</title>
  <year>1983</year>
  <genre>Educational</genre>
  <developer />
  <publisher>Unknown</publisher>
  <rating>Other - NR (Not Rated)</rating>
</game>
<game ROM="Volcano! (USA) (Unl)">
  <title>Volcano! (USA) (Unl)</title>
  <year>1980</year>
  <genre>Adventure</genre>
  <developer />
  <publisher>Unknown</publisher>
  <rating>Other - NR (Not Rated)</rating>
</game>
<game ROM="Voyage to Atlantis (USA) (Unl)">
  <title>Voyage to Atlantis (USA) (Unl)</title>
  <year>1980</year>
  <genre>Adventure</genre>
  <developer />
  <publisher>Greg Hasset</publisher>
  <rating>Other - NR (Not Rated)</rating>
</game>
<game ROM="Voyager Program, The (USA)">
  <title>Voyager Program, The (USA)</title>
  <year>1980</year>
  <genre>Puzzle</genre>
  <developer />
  <publisher>Avalon Hill Game Company</publisher>
  <rating>Other - NR (Not Rated)</rating>
</game>
<game ROM="Will &apos;o the Wisp (USA) (Unl)">
  <title>Will &apos;o the Wisp (USA) (Unl)</title>
  <year>1980</year>
  <genre>Adventure</genre>
  <developer />
  <publisher>Mark Capella</publisher>
  <rating>Other - NR (Not Rated)</rating>
</game>
<game ROM="Wipeout (USA) (Unl)">
  <title>Wipeout (USA) (Unl)</title>
  <year>1979</year>
  <genre>Strategy</genre>
  <developer />
  <publisher>Code Works, The</publisher>
  <rating>Other - NR (Not Rated)</rating>
</game>
<game ROM="Wizard&apos;s Castle. The (USA)">
  <title>Wizard&apos;s Castle. The (USA)</title>
  <year>1980</year>
  <genre>Role-Playing</genre>
  <developer />
  <publisher>Joseph Power</publisher>
  <rating>Other - NR (Not Rated)</rating>
</game>
<game ROM="Yahtzee (USA) (Unl)">
  <title>Yahtzee (USA) (Unl)</title>
  <year>1979</year>
  <genre>Tabletop</genre>
  <developer />
  <publisher>Code Works, The</publisher>
  <rating>Other - NR (Not Rated)</rating>
</game>
<game ROM="Zap (USA) (Unl)">
  <title>Zap (USA) (Unl)</title>
  <year>1978</year>
  <genre>Action</genre>
  <developer />
  <publisher>Code Works, The</publisher>
  <rating>Other - NR (Not Rated)</rating>
</game>
<game ROM="Zone X (USA) (Unl)">
  <title>Zone X (USA) (Unl)</title>
  <year>1980</year>
  <genre>Puzzle</genre>
  <developer />
  <publisher>Unknown</publisher>
  <rating>Other - NR (Not Rated)</rating>
</game>
</menu>
