<?xml version="1.0" encoding="utf-8" standalone="yes"?>
<menu>
<header>
  <listname>Entex Adventure Vision</listname>
  <lastlistupdate></lastlistupdate>
  <listversion>V1</listversion>
  <exporterversion>V1 GameDBInfo converter</exporterversion>
</header>
<game ROM="Defender (USA, Europe)">
  <title>Defender (USA, Europe)</title>
  <year>1982</year>
  <genre>Shooter</genre>
  <developer />
  <publisher>Entex Industries</publisher>
  <rating>HSRS - GA (General Audience)</rating>
</game>
<game ROM="Space Force (USA, Europe)">
  <title>Space Force (USA, Europe)</title>
  <year>1982</year>
  <genre>Shooter</genre>
  <developer />
  <publisher>Entex Industries</publisher>
  <rating>HSRS - GA (General Audience)</rating>
</game>
<game ROM="Super Cobra (USA, Europe)">
  <title>Super Cobra (USA, Europe)</title>
  <year>1982</year>
  <genre>Shooter</genre>
  <developer />
  <publisher>Entex Industries</publisher>
  <rating>HSRS - GA (General Audience)</rating>
</game>
<game ROM="Turtles (USA, Europe)">
  <title>Turtles (USA, Europe)</title>
  <year>1982</year>
  <genre>Action</genre>
  <developer />
  <publisher>Entex Industries</publisher>
  <rating>HSRS - GA (General Audience)</rating>
</game>
</menu>
