<?xml version="1.0" encoding="utf-8" standalone="yes"?>
<menu>
<header>
  <listname>Epoch Super Cassette Vision</listname>
  <lastlistupdate></lastlistupdate>
  <listversion>V1</listversion>
  <exporterversion>V1 GameDBInfo converter</exporterversion>
</header>
<game ROM="Astro Wars">
  <title>Astro Wars</title>
  <year />
  <publisher />
  <rating>Other - NR (Not Rated)</rating>
</game>
<game ROM="Astro Wars II - Battle in Galaxy">
  <title>Astro Wars II - Battle in Galaxy</title>
  <year />
  <publisher />
  <rating>Other - NR (Not Rated)</rating>
</game>
<game ROM="Basic">
  <title>Basic Nyuumon</title>
  <year />
  <publisher />
  <rating>Other - NR (Not Rated)</rating>
</game>
<game ROM="Boulder Dash">
  <title>Boulder Dash</title>
  <year />
  <publisher />
  <rating>Other - NR (Not Rated)</rating>
</game>
<game ROM="Comic Circus">
  <title>Comic Circus</title>
  <year />
  <publisher />
  <rating>Other - NR (Not Rated)</rating>
</game>
<game ROM="Doraemon">
  <title>Doraemon</title>
  <year>1985</year>
  <publisher>EPOCH CO.,LTD</publisher>
  <rating>Other - NR (Not Rated)</rating>
</game>
<game ROM="Dragon Ball">
  <title>Dragon Ball - Dragon Dai Hikyou</title>
  <year />
  <publisher />
  <rating>Other - NR (Not Rated)</rating>
</game>
<game ROM="Dragon Slayer">
  <title>Dragon Slayer</title>
  <year />
  <publisher />
  <rating>Other - NR (Not Rated)</rating>
</game>
<game ROM="Elevator Fight">
  <title>Elevator Fight</title>
  <year />
  <publisher />
  <rating>Other - NR (Not Rated)</rating>
</game>
<game ROM="Lupin III">
  <title>Lupin III</title>
  <year />
  <publisher />
  <rating>Other - NR (Not Rated)</rating>
</game>
<game ROM="Mappy">
  <title>Mappy</title>
  <year />
  <publisher />
  <rating>Other - NR (Not Rated)</rating>
</game>
<game ROM="Milky Princess">
  <title>Milky Princess</title>
  <year />
  <publisher />
  <rating>Other - NR (Not Rated)</rating>
</game>
<game ROM="Miner 2049er">
  <title>Miner 2049er</title>
  <year />
  <publisher />
  <rating>Other - NR (Not Rated)</rating>
</game>
<game ROM="Nebula">
  <title>Nebula</title>
  <year />
  <publisher />
  <rating>Other - NR (Not Rated)</rating>
</game>
<game ROM="Kung Fu Road">
  <title>Nekketsu Kung Fu Road</title>
  <year />
  <publisher />
  <rating>Other - NR (Not Rated)</rating>
</game>
<game ROM="Pole Position II">
  <title>Pole Position II</title>
  <year />
  <publisher />
  <rating>Other - NR (Not Rated)</rating>
</game>
<game ROM="Pop and Chips">
  <title>Pop and Chips</title>
  <year />
  <publisher />
  <rating>Other - NR (Not Rated)</rating>
</game>
<game ROM="Punch Boy">
  <title>Punch Boy</title>
  <year />
  <publisher />
  <rating>Other - NR (Not Rated)</rating>
</game>
<game ROM="Rantou Pro-Wrestling">
  <title>Rantou Pro-Wrestling</title>
  <year />
  <publisher />
  <rating>Other - NR (Not Rated)</rating>
</game>
<game ROM="Shogi Nyuumon">
  <title>Shogi Nyuumon</title>
  <year />
  <publisher />
  <rating>Other - NR (Not Rated)</rating>
</game>
<game ROM="Sky Kid">
  <title>Sky Kid</title>
  <year />
  <publisher />
  <rating>Other - NR (Not Rated)</rating>
</game>
<game ROM="Star Speeder">
  <title>Star Speeder</title>
  <year />
  <publisher />
  <rating>Other - NR (Not Rated)</rating>
</game>
<game ROM="Baseball">
  <title>Super Base Ball</title>
  <year />
  <publisher />
  <rating>Other - NR (Not Rated)</rating>
</game>
<game ROM="Super Golf">
  <title>Super Golf</title>
  <year />
  <publisher />
  <rating>Other - NR (Not Rated)</rating>
</game>
<game ROM="Super Mahjong">
  <title>Super Mahjong</title>
  <year />
  <publisher />
  <rating>Other - NR (Not Rated)</rating>
</game>
<game ROM="Super Sansu-Puter">
  <title>Super Sansu-Puter</title>
  <year />
  <publisher />
  <rating>Other - NR (Not Rated)</rating>
</game>
<game ROM="Super Soccer">
  <title>Super Soccer</title>
  <year />
  <publisher />
  <rating>Other - NR (Not Rated)</rating>
</game>
<game ROM="TonTon Ball">
  <title>TonTon Ball</title>
  <year />
  <publisher />
  <rating>Other - NR (Not Rated)</rating>
</game>
<game ROM="WaiWai(Y2) Monster Land">
  <title>WaiWai[Y2] Monster Land</title>
  <year />
  <publisher />
  <rating>Other - NR (Not Rated)</rating>
</game>
<game ROM="Wheelie Racer">
  <title>Wheelie Racer</title>
  <year />
  <publisher />
  <rating>Other - NR (Not Rated)</rating>
</game>
</menu>
