<?xml version="1.0" encoding="utf-8" standalone="yes"?>
<menu>
<header>
  <listname>Fairchild Channel F</listname>
  <lastlistupdate></lastlistupdate>
  <listversion>V1</listversion>
  <exporterversion>V1 GameDBInfo converter</exporterversion>
</header>
<game ROM="Alien Invasion (USA)">
  <title>Alien Invasion (USA)</title>
  <year>1979</year>
  <genre>Shooter</genre>
  <developer />
  <publisher>Zircon</publisher>
  <rating>HSRS - GA (General Audience)</rating>
</game>
<game ROM="Backgammon, Acey-Deucey (USA)">
  <title>Backgammon, Acey-Deucey (USA)</title>
  <year>1977</year>
  <genre>Card Battle</genre>
  <developer />
  <publisher>Fairchild</publisher>
  <rating>HSRS - GA (General Audience)</rating>
</game>
<game ROM="Baseball (USA)">
  <title>Baseball (USA)</title>
  <year>1977</year>
  <genre>Sports/Baseball</genre>
  <developer />
  <publisher>Fairchild</publisher>
  <rating>HSRS - GA (General Audience)</rating>
</game>
<game ROM="Bowling (USA)">
  <title>Bowling (USA)</title>
  <year>1978</year>
  <genre>Sports/Bowling</genre>
  <developer />
  <publisher>Fairchild</publisher>
  <rating>HSRS - GA (General Audience)</rating>
</game>
<game ROM="Casino Poker (USA)">
  <title>Casino Poker (USA)</title>
  <year>1979</year>
  <genre>Casino</genre>
  <developer />
  <publisher>Zircon</publisher>
  <rating>HSRS - GA (General Audience)</rating>
</game>
<game ROM="Checkers (USA)">
  <title>Checkers (USA)</title>
  <year>1978</year>
  <genre>Board Games</genre>
  <developer />
  <publisher>Zircon</publisher>
  <rating>HSRS - GA (General Audience)</rating>
</game>
<game ROM="Desert Fox, Shooting Gallery (USA)">
  <title>Desert Fox, Shooting Gallery (USA)</title>
  <year>1976</year>
  <genre>Shooter</genre>
  <developer />
  <publisher>Zircon</publisher>
  <rating>HSRS - GA (General Audience)</rating>
</game>
<game ROM="Dodge It (USA)">
  <title>Dodge It (USA)</title>
  <year>1978</year>
  <genre>Action</genre>
  <developer />
  <publisher>Fairchild</publisher>
  <rating>HSRS - GA (General Audience)</rating>
</game>
<game ROM="Drag Strip (USA)">
  <title>Drag Strip (USA)</title>
  <year>1977</year>
  <genre>Racing</genre>
  <developer />
  <publisher>Fairchild</publisher>
  <rating>HSRS - GA (General Audience)</rating>
</game>
<game ROM="Galactic Space Wars, Lunar Lander (USA)">
  <title>Galactic Space Wars, Lunar Lander (USA)</title>
  <year>1990</year>
  <genre>Shooter</genre>
  <developer />
  <publisher>Zircon</publisher>
  <rating>HSRS - GA (General Audience)</rating>
</game>
<game ROM="Hangman (USA)">
  <title>Hangman (USA)</title>
  <year>1978</year>
  <genre>Puzzle</genre>
  <developer />
  <publisher>Fairchild</publisher>
  <rating>HSRS - GA (General Audience)</rating>
</game>
<game ROM="Hockey &amp; Tennis (USA)">
  <title>Hockey &amp; Tennis (USA)</title>
  <year>1976</year>
  <genre>Sports</genre>
  <developer />
  <publisher>Fairchild</publisher>
  <rating>HSRS - GA (General Audience)</rating>
</game>
<game ROM="Lights Out (USA)">
  <title>Lights Out (USA)</title>
  <year>2004</year>
  <genre>Puzzle</genre>
  <developer />
  <publisher>Sean Riddle</publisher>
  <rating>HSRS - GA (General Audience)</rating>
</game>
<game ROM="Magic Numbers - Mind Reader + Nim (USA)">
  <title>Magic Numbers - Mind Reader + Nim (USA)</title>
  <year>1977</year>
  <genre>Miscellaneous</genre>
  <developer />
  <publisher>Fairchild</publisher>
  <rating>HSRS - GA (General Audience)</rating>
</game>
<game ROM="Math Quiz I - Addition + Subtraction (USA)">
  <title>Math Quiz I - Addition + Subtraction (USA)</title>
  <year>1977</year>
  <genre>Miscellaneous</genre>
  <developer />
  <publisher>Fairchild</publisher>
  <rating>HSRS - GA (General Audience)</rating>
</game>
<game ROM="Math Quiz II - Multiplication + Division (USA)">
  <title>Math Quiz II - Multiplication + Division (USA)</title>
  <year>1977</year>
  <genre>Miscellaneous</genre>
  <developer />
  <publisher>Fairchild</publisher>
  <rating>HSRS - GA (General Audience)</rating>
</game>
<game ROM="Maze, Jailbreak, Blind-man&apos;s-bluff, Trailblazer (USA)">
  <title>Maze, Jailbreak, Blind-man&apos;s-bluff, Trailblazer (USA)</title>
  <year>1977</year>
  <genre>Action</genre>
  <developer />
  <publisher>Fairchild</publisher>
  <rating>HSRS - GA (General Audience)</rating>
</game>
<game ROM="Memory Match 1 &amp; 2 (USA)">
  <title>Memory Match 1 &amp; 2 (USA)</title>
  <year>1978</year>
  <genre>Miscellaneous</genre>
  <developer />
  <publisher>Fairchild</publisher>
  <rating>HSRS - GA (General Audience)</rating>
</game>
<game ROM="Pac-Man (USA)">
  <title>Pac-Man (USA)</title>
  <year>2006</year>
  <genre>Maze</genre>
  <developer />
  <publisher>Fredrid Blaholtz</publisher>
  <rating>HSRS - GA (General Audience)</rating>
</game>
<game ROM="Pinball Challenge (USA)">
  <title>Pinball Challenge (USA)</title>
  <year>1978</year>
  <genre>Pinball</genre>
  <developer />
  <publisher>Fairchild</publisher>
  <rating>HSRS - GA (General Audience)</rating>
</game>
<game ROM="Pro Football (USA)">
  <title>Pro Football (USA)</title>
  <year>1990</year>
  <genre>Sports/Football</genre>
  <developer />
  <publisher>Zircon</publisher>
  <rating>HSRS - GA (General Audience)</rating>
</game>
<game ROM="Robot War, Torpedo Alley (USA)">
  <title>Robot War, Torpedo Alley (USA)</title>
  <year>1977</year>
  <genre>Shooter</genre>
  <developer />
  <publisher>Fairchild</publisher>
  <rating>HSRS - GA (General Audience)</rating>
</game>
<game ROM="Slot Machine (USA)">
  <title>Slot Machine (USA)</title>
  <year>1980</year>
  <genre>Casino</genre>
  <developer />
  <publisher>Zircon</publisher>
  <rating>HSRS - GA (General Audience)</rating>
</game>
<game ROM="Sonar Search (USA)">
  <title>Sonar Search (USA)</title>
  <year>1977</year>
  <genre>Strategy</genre>
  <developer />
  <publisher>Fairchild</publisher>
  <rating>HSRS - GA (General Audience)</rating>
</game>
<game ROM="Space War (USA)">
  <title>Space War (USA)</title>
  <year>1977</year>
  <genre>Action</genre>
  <developer />
  <publisher>Fairchild</publisher>
  <rating>HSRS - GA (General Audience)</rating>
</game>
<game ROM="Spitfire (USA)">
  <title>Spitfire (USA)</title>
  <year>1977</year>
  <genre>Shooter</genre>
  <developer />
  <publisher>Fairchild</publisher>
  <rating>HSRS - GA (General Audience)</rating>
</game>
<game ROM="Tetris (USA)">
  <title>Tetris (USA)</title>
  <year>2004</year>
  <genre>Puzzle</genre>
  <developer />
  <publisher>Peter Trauner</publisher>
  <rating>HSRS - GA (General Audience)</rating>
</game>
<game ROM="Tic-Tac-Toe, Shooting Gallery, Doodle, Quadra-Doodle (USA)">
  <title>Tic-Tac-Toe, Shooting Gallery, Doodle, Quadra-Doodle (USA)</title>
  <year>1976</year>
  <genre>Miscellaneous</genre>
  <developer />
  <publisher>Fairchild</publisher>
  <rating>HSRS - GA (General Audience)</rating>
</game>
<game ROM="Video Blackjack (USA)">
  <title>Video Blackjack (USA)</title>
  <year>1976</year>
  <genre>Casino</genre>
  <developer />
  <publisher>Fairchild</publisher>
  <rating>HSRS - GA (General Audience)</rating>
</game>
<game ROM="Video Whizball (USA)">
  <title>Video Whizball (USA)</title>
  <year>1978</year>
  <genre>Action</genre>
  <developer />
  <publisher>Fairchild</publisher>
  <rating>HSRS - GA (General Audience)</rating>
</game>
</menu>
