<?xml version="1.0" encoding="utf-8" standalone="yes"?>
<menu>
<header>
  <listname>Funtech Super Acan</listname>
  <lastlistupdate></lastlistupdate>
  <listversion>V1</listversion>
  <exporterversion>V1 GameDBInfo converter</exporterversion>
</header>
<game ROM="African Adventures (Taiwan)">
  <title>African Adventures</title>
  <year>1995</year>
  <genre>Puzzle</genre>
  <developer />
  <publisher>Panda Entertainment</publisher>
  <rating>Other - NR (Not Rated)</rating>
</game>
<game ROM="Boom Zoo (Taiwan)">
  <title>Boom Zoo</title>
  <year>1996</year>
  <genre>Action</genre>
  <developer />
  <publisher>Funtech</publisher>
  <rating>Other - NR (Not Rated)</rating>
</game>
<game ROM="C.U.G. (Taiwan)">
  <title>C.U.G.</title>
  <year>1995</year>
  <genre>Platform</genre>
  <developer />
  <publisher>Funtech</publisher>
  <rating>Other - NR (Not Rated)</rating>
</game>
<game ROM="Formosa Duel (Taiwan)">
  <title>Formosa Duel</title>
  <year>1995</year>
  <genre>Puzzle</genre>
  <developer />
  <publisher>AV Artisan</publisher>
  <rating>Other - NR (Not Rated)</rating>
</game>
<game ROM="Gambling Lord (Taiwan)">
  <title>Gambling Lord</title>
  <year>1996</year>
  <genre>Mahjong</genre>
  <developer />
  <publisher>Panda Entertainment/Funtech</publisher>
  <rating>Other - NR (Not Rated)</rating>
</game>
<game ROM="Magical Pool (Taiwan)">
  <title>Magical Pool</title>
  <year>199x</year>
  <genre>Sports</genre>
  <developer />
  <publisher>Funtech</publisher>
  <rating>Other - NR (Not Rated)</rating>
</game>
<game ROM="REBEL (Taiwan)">
  <title>REBEL</title>
  <year>1996</year>
  <genre>Role-Playing</genre>
  <developer />
  <publisher>Horng Shen Information Co., Ltd</publisher>
  <rating>Other - NR (Not Rated)</rating>
</game>
<game ROM="Sango Fighter (Taiwan)">
  <title>Sango Fighter</title>
  <year>1995</year>
  <genre>Fighting</genre>
  <developer />
  <publisher>Panda Entertainment</publisher>
  <rating>Other - NR (Not Rated)</rating>
</game>
<game ROM="Speedy Dragon (Taiwan)">
  <title>Speedy Dragon</title>
  <year>1995</year>
  <genre>Platform</genre>
  <developer />
  <publisher>AV Artisan</publisher>
  <rating>Other - NR (Not Rated)</rating>
</game>
<game ROM="Super Dragon Force (Taiwan)">
  <title>Super Dragon Force</title>
  <year>1996</year>
  <genre>Role-Playing</genre>
  <developer />
  <publisher>Kingformation Co., Ltd</publisher>
  <rating>Other - NR (Not Rated)</rating>
</game>
<game ROM="Super Taiwanese Baseball League (Taiwan)">
  <title>Super Taiwanese Baseball League</title>
  <year>1995</year>
  <genre>Sports</genre>
  <developer />
  <publisher>Quan Wei Technology/C&amp;E</publisher>
  <rating>Other - NR (Not Rated)</rating>
</game>
<game ROM="The Son of Evil (Taiwan)">
  <title>The Son of Evil</title>
  <year>1995</year>
  <genre>Role-Playing</genre>
  <developer />
  <publisher>Funtech</publisher>
  <rating>Other - NR (Not Rated)</rating>
</game>
</menu>
