<?xml version="1.0" encoding="utf-8" standalone="yes"?>
<menu>
<header>
  <listname>GamePark GP32</listname>
  <lastlistupdate></lastlistupdate>
  <listversion>V1</listversion>
  <exporterversion>V1 GameDBInfo converter</exporterversion>
</header>
<game ROM="Astonishia Story R (Korea)">
  <title>Astonishia Story R</title>
  <year>2002</year>
  <genre>RPG</genre>
  <developer />
  <publisher>Sonnori</publisher>
  <rating>Other - NR (Not Rated)</rating>
</game>
<game ROM="Blue Angelo - Angels from the Shrine (Europe) (En,Fr,De,Es,It,Pt)">
  <title>Blue Angelo - Angels from the Shrine</title>
  <year>2004</year>
  <genre>RPG</genre>
  <developer />
  <publisher>Virtual Spaghetti</publisher>
  <rating>Other - NR (Not Rated)</rating>
</game>
<game ROM="Dooly Soccer 2002 (Korea)">
  <title>Dooly Soccer 2002</title>
  <year>2002</year>
  <genre>Sport</genre>
  <developer />
  <publisher>Abyss Game</publisher>
  <rating>Other - NR (Not Rated)</rating>
</game>
<game ROM="Dungeon &amp; Guarder - Dragon Gore (Europe)">
  <title>Dungeon &amp; Guarder - Dragon Gore</title>
  <year>2001</year>
  <genre>Hack &apos;n Slash</genre>
  <developer />
  <publisher>Gamepark</publisher>
  <rating>Other - NR (Not Rated)</rating>
</game>
<game ROM="Dungeon &amp; Guarder - Dragon Gore (Korea)">
  <title>Dungeon &amp; Guarder - Dragon Gore</title>
  <year>2001</year>
  <genre>Hack &apos;n Slash</genre>
  <developer />
  <publisher>Gamepark</publisher>
  <rating>Other - NR (Not Rated)</rating>
</game>
<game ROM="Dyhard - With Infinite Stairs (Europe)">
  <title>Dyhard - With Infinite Stairs</title>
  <year>2001</year>
  <genre>Action</genre>
  <developer />
  <publisher>Kookie Soft</publisher>
  <rating>Other - NR (Not Rated)</rating>
</game>
<game ROM="Dyhard - With Infinite Stairs (Korea)">
  <title>Dyhard - With Infinite Stairs</title>
  <year>2001</year>
  <genre>Action</genre>
  <developer />
  <publisher>Kookie Soft</publisher>
  <rating>Other - NR (Not Rated)</rating>
</game>
<game ROM="Funny Soccer (Korea)">
  <title>Funny Soccer</title>
  <year>2002</year>
  <genre>Action</genre>
  <developer />
  <publisher>Metarica</publisher>
  <rating>Other - NR (Not Rated)</rating>
</game>
<game ROM="GP Fight (Korea)">
  <title>GP Fight</title>
  <year>2003</year>
  <genre />
  <developer />
  <publisher>TeamBlaze</publisher>
  <rating>Other - NR (Not Rated)</rating>
</game>
<game ROM="Hany Party Game (Korea)">
  <title>Hany Party Game</title>
  <year>2002</year>
  <genre>Puzzle</genre>
  <developer />
  <publisher>Include</publisher>
  <rating>Other - NR (Not Rated)</rating>
</game>
<game ROM="Her Knights - All for Princess - Deadline (Korea)">
  <title>Her Knights - All for Princess - Deadline</title>
  <year>2002</year>
  <genre>Arcade</genre>
  <developer />
  <publisher>Byulbram</publisher>
  <rating>Other - NR (Not Rated)</rating>
</game>
<game ROM="Her Knights - All for the Princess (Europe)">
  <title>Her Knights - All for the Princess</title>
  <year>2002</year>
  <genre>Arcade</genre>
  <developer />
  <publisher>Byulbram</publisher>
  <rating>Other - NR (Not Rated)</rating>
</game>
<game ROM="Kimchiman GP32 (Korea)">
  <title>Kimchiman GP32</title>
  <year>2002</year>
  <genre>Platformer</genre>
  <developer />
  <publisher>Spearhead</publisher>
  <rating>Other - NR (Not Rated)</rating>
</game>
<game ROM="Little Girl Mill of a Gingko, The (Korea)">
  <title>Little Girl Mill of a Gingko, The</title>
  <year />
  <genre />
  <developer />
  <publisher>Legendra</publisher>
  <rating>Other - NR (Not Rated)</rating>
</game>
<game ROM="Little Wizard (Europe)">
  <title>Little Wizard</title>
  <year>2001</year>
  <genre>Fighting</genre>
  <developer />
  <publisher>Gamepark</publisher>
  <rating>Other - NR (Not Rated)</rating>
</game>
<game ROM="Little Wizard (Korea)">
  <title>Little Wizard</title>
  <year>2001</year>
  <genre>Fighting</genre>
  <developer />
  <publisher>Gamepark</publisher>
  <rating>Other - NR (Not Rated)</rating>
</game>
<game ROM="OneShot Voca (Korea)">
  <title>OneShot Voca</title>
  <year>2002</year>
  <genre>Educational</genre>
  <developer />
  <publisher>Damasys</publisher>
  <rating>Other - NR (Not Rated)</rating>
</game>
<game ROM="Pinball Dreams (Korea)">
  <title>Pinball Dreams</title>
  <year>2002</year>
  <genre>Pinball</genre>
  <developer />
  <publisher>Logik State</publisher>
  <rating>Other - NR (Not Rated)</rating>
</game>
<game ROM="Princess Maker 2 (Korea)">
  <title>Princess Maker 2</title>
  <year>2002</year>
  <genre>Simulation</genre>
  <developer />
  <publisher>Ninelives</publisher>
  <rating>Other - NR (Not Rated)</rating>
</game>
<game ROM="Rally Pop (Korea)">
  <title>Rally Pop</title>
  <year>2001</year>
  <genre>Strategy</genre>
  <developer />
  <publisher>Gamepark</publisher>
  <rating>Other - NR (Not Rated)</rating>
</game>
<game ROM="Raphael (Korea)">
  <title>Raphael</title>
  <year>2002</year>
  <genre>Puzzle</genre>
  <developer />
  <publisher>T3 Entertainment</publisher>
  <rating>Other - NR (Not Rated)</rating>
</game>
<game ROM="Super Plusha (Korea)">
  <title>Super Plusha</title>
  <year>2002</year>
  <genre>Platformer</genre>
  <developer />
  <publisher>FaMe Soft</publisher>
  <rating>Other - NR (Not Rated)</rating>
</game>
<game ROM="Tanggle&apos;s Magic Square (Korea)">
  <title>Tanggle&apos;s Magic Square</title>
  <year>2001</year>
  <genre>Puzzle</genre>
  <developer />
  <publisher>EZ</publisher>
  <rating>Other - NR (Not Rated)</rating>
</game>
<game ROM="Therapy (Korea)">
  <title>Therapy</title>
  <year>2002</year>
  <genre>Visual Novel</genre>
  <developer />
  <publisher>Rosa:6</publisher>
  <rating>Other - NR (Not Rated)</rating>
</game>
<game ROM="Tomak - Save the Earth, Again (Europe) (v1.0)">
  <title>Tomak - Save the Earth, Again</title>
  <year>2002</year>
  <genre>Shooter</genre>
  <developer />
  <publisher>Seed9</publisher>
  <rating>Other - NR (Not Rated)</rating>
</game>
<game ROM="Tomak - Save the Earth, Again (Europe) (v2.0)">
  <title>Tomak - Save the Earth, Again</title>
  <year>2002</year>
  <genre>Shooter</genre>
  <developer />
  <publisher>Seed9</publisher>
  <rating>Other - NR (Not Rated)</rating>
</game>
<game ROM="Tomak - Save the Earth, Again (Korea)">
  <title>Tomak - Save the Earth, Again</title>
  <year>2002</year>
  <genre>Shooter</genre>
  <developer />
  <publisher>Seed9</publisher>
  <rating>Other - NR (Not Rated)</rating>
</game>
<game ROM="W.B.W. - Wanna Be Wizard! (Korea)">
  <title>W.B.W. - Wanna Be Wizard!</title>
  <year>2004</year>
  <genre>RPG</genre>
  <developer />
  <publisher>A&amp;B Soft</publisher>
  <rating>Other - NR (Not Rated)</rating>
</game>
<game ROM="Wizard Slayer (Korea)">
  <title>Wizard Slayer</title>
  <year>2002</year>
  <genre>Shooter</genre>
  <developer />
  <publisher>FZ Media</publisher>
  <rating>Other - NR (Not Rated)</rating>
</game>
<game ROM="Woody &amp; Kunta - Treasure Island (Europe)">
  <title>Woody &amp; Kunta - Treasure Island</title>
  <year>2002</year>
  <genre>Puzzle</genre>
  <developer />
  <publisher>Gamepark</publisher>
  <rating>Other - NR (Not Rated)</rating>
</game>
<game ROM="Woody &amp; Kunta - Treasure Island (Korea)">
  <title>Woody &amp; Kunta - Treasure Island</title>
  <year>2002</year>
  <genre>Puzzle</genre>
  <developer />
  <publisher>Gamepark</publisher>
  <rating>Other - NR (Not Rated)</rating>
</game>
</menu>
