<?xml version="1.0" encoding="utf-8" standalone="yes"?>
<menu>
<header>
  <listname>Magnavox Odyssey2</listname>
  <lastlistupdate></lastlistupdate>
  <listversion>V1</listversion>
  <exporterversion>V1 GameDBInfo converter</exporterversion>
</header>
<game ROM="4 in 1 Row (Europe)">
  <title>4 in 1 Row (Europe)</title>
  <year>1982</year>
  <genre>Puzzle</genre>
  <developer />
  <publisher>Philips</publisher>
  <rating>HSRS - GA (General Audience)</rating>
</game>
<game ROM="Alien Invaders - Plus (USA, Europe)">
  <title>Alien Invaders - Plus (USA, Europe)</title>
  <year>1980</year>
  <genre>Shooter</genre>
  <developer />
  <publisher>Magnavox</publisher>
  <rating>HSRS - GA (General Audience)</rating>
</game>
<game ROM="Alpine Skiing (USA, Europe)">
  <title>Alpine Skiing (USA, Europe)</title>
  <year>1978</year>
  <genre>Sports/Skiing</genre>
  <developer />
  <publisher>Magnavox</publisher>
  <rating>HSRS - GA (General Audience)</rating>
</game>
<game ROM="Amok (USA) (Unl)">
  <title>Amok (USA) (Unl)</title>
  <year>1998</year>
  <genre>Action</genre>
  <developer />
  <publisher>John Dondzilla</publisher>
  <rating>HSRS - GA (General Audience)</rating>
</game>
<game ROM="Armored Encounter + Sub Chase (USA, Europe)">
  <title>Armored Encounter + Sub Chase (USA, Europe)</title>
  <year>1978</year>
  <genre>Shooter</genre>
  <developer />
  <publisher>Magnavox</publisher>
  <rating>HSRS - GA (General Audience)</rating>
</game>
<game ROM="Atlantis (USA, Europe)">
  <title>Atlantis (USA, Europe)</title>
  <year>1983</year>
  <genre>Shooter</genre>
  <developer />
  <publisher>Imagic</publisher>
  <rating>HSRS - GA (General Audience)</rating>
</game>
<game ROM="Attack of the Timelord (USA)">
  <title>Attack of the Timelord (USA)</title>
  <year>1982</year>
  <genre>Shooter</genre>
  <developer />
  <publisher>Philips</publisher>
  <rating>HSRS - GA (General Audience)</rating>
</game>
<game ROM="Backgammon (Europe)">
  <title>Backgammon (Europe)</title>
  <year>1982</year>
  <genre>Board Games</genre>
  <developer />
  <publisher>Philips</publisher>
  <rating>HSRS - GA (General Audience)</rating>
</game>
<game ROM="Baseball (USA, Europe)">
  <title>Baseball (USA, Europe)</title>
  <year>1978</year>
  <genre>Sports/Baseball</genre>
  <developer />
  <publisher>Magnavox</publisher>
  <rating>HSRS - GA (General Audience)</rating>
</game>
<game ROM="Blobbers, The (Europe)">
  <title>Blobbers, The (Europe)</title>
  <year>1983</year>
  <genre>Action</genre>
  <developer />
  <publisher>Philips</publisher>
  <rating>HSRS - GA (General Audience)</rating>
</game>
<game ROM="Blockout + Breakdown (USA, Europe)">
  <title>Blockout + Breakdown (USA, Europe)</title>
  <year>1980</year>
  <genre>Breakout</genre>
  <developer />
  <publisher>Magnavox</publisher>
  <rating>HSRS - GA (General Audience)</rating>
</game>
<game ROM="Bowling + Basketball (USA, Europe)">
  <title>Bowling + Basketball (USA, Europe)</title>
  <year>1978</year>
  <genre>Sports</genre>
  <developer />
  <publisher>Magnavox</publisher>
  <rating>HSRS - GA (General Audience)</rating>
</game>
<game ROM="Calculator! (USA) (Unl)">
  <title>Calculator! (USA) (Unl)</title>
  <year>2008</year>
  <genre>Miscellaneous</genre>
  <developer />
  <publisher>Pakrat</publisher>
  <rating>HSRS - GA (General Audience)</rating>
</game>
<game ROM="Casino Slot Machine (USA, Europe)">
  <title>Casino Slot Machine (USA, Europe)</title>
  <year>1978</year>
  <genre>Casino</genre>
  <developer />
  <publisher>Magnavox</publisher>
  <rating>HSRS - GA (General Audience)</rating>
</game>
<game ROM="Catch the Ball + Noughts and Crosses (Europe)">
  <title>Catch the Ball + Noughts and Crosses (Europe)</title>
  <year>1979</year>
  <genre>Compilation</genre>
  <developer />
  <publisher>Philips</publisher>
  <rating>HSRS - GA (General Audience)</rating>
</game>
<game ROM="Chess (Europe)">
  <title>Chess (Europe)</title>
  <year>1982</year>
  <genre>Board Games</genre>
  <developer />
  <publisher>Philips</publisher>
  <rating>HSRS - GA (General Audience)</rating>
</game>
<game ROM="Chez Maxime (France)">
  <title>Chez Maxime (France)</title>
  <year>1983</year>
  <genre>Platform</genre>
  <developer />
  <publisher>Jopac</publisher>
  <rating>HSRS - GA (General Audience)</rating>
</game>
<game ROM="Chinese Logic (Europe)">
  <title>Chinese Logic (Europe)</title>
  <year>1980</year>
  <genre>Puzzle</genre>
  <developer />
  <publisher>Philips</publisher>
  <rating>HSRS - GA (General Audience)</rating>
</game>
<game ROM="Clay Pigeon (Brazil)">
  <title>Clay Pigeon (Brazil)</title>
  <year>1984</year>
  <genre>Shooter</genre>
  <developer />
  <publisher>Philips</publisher>
  <rating>HSRS - GA (General Audience)</rating>
</game>
<game ROM="Computer Golf (USA)">
  <title>Computer Golf (USA)</title>
  <year>1978</year>
  <genre>Sports/Golf</genre>
  <developer />
  <publisher>Magnavox</publisher>
  <rating>HSRS - GA (General Audience)</rating>
</game>
<game ROM="Computer Intro (USA)">
  <title>Computer Intro (USA)</title>
  <year>1978</year>
  <genre>Miscellaneous</genre>
  <developer />
  <publisher>Magnavox</publisher>
  <rating>HSRS - GA (General Audience)</rating>
</game>
<game ROM="Conquest of the World (USA, Europe)">
  <title>Conquest of the World (USA, Europe)</title>
  <year>1981</year>
  <genre>Strategy</genre>
  <developer />
  <publisher>Philips</publisher>
  <rating>HSRS - GA (General Audience)</rating>
</game>
<game ROM="Cosmic Conflict (USA)">
  <title>Cosmic Conflict (USA)</title>
  <year>1978</year>
  <genre>Shooter</genre>
  <developer />
  <publisher>Magnavox</publisher>
  <rating>HSRS - GA (General Audience)</rating>
</game>
<game ROM="Demon Attack (USA, Europe)">
  <title>Demon Attack (USA, Europe)</title>
  <year>1983</year>
  <genre>Shooter</genre>
  <developer />
  <publisher>Imagic</publisher>
  <rating>HSRS - GA (General Audience)</rating>
</game>
<game ROM="Depth Charge + Marksman (Europe)">
  <title>Depth Charge + Marksman (Europe)</title>
  <year>1979</year>
  <genre>Shooter</genre>
  <developer />
  <publisher>Philips</publisher>
  <rating>HSRS - GA (General Audience)</rating>
</game>
<game ROM="Dynasty (USA)">
  <title>Dynasty (USA)</title>
  <year>1978</year>
  <genre>Strategy</genre>
  <developer />
  <publisher>Magnavox</publisher>
  <rating>HSRS - GA (General Audience)</rating>
</game>
<game ROM="Electronic Table Soccer (USA, Europe)">
  <title>Electronic Table Soccer (USA, Europe)</title>
  <year>1980</year>
  <genre>Sports/Soccer</genre>
  <developer />
  <publisher>Magnavox</publisher>
  <rating>HSRS - GA (General Audience)</rating>
</game>
<game ROM="Exojet (France)">
  <title>Exojet (France)</title>
  <year>1980</year>
  <genre>Shooter</genre>
  <developer />
  <publisher>Jopac</publisher>
  <rating>HSRS - GA (General Audience)</rating>
</game>
<game ROM="Football (USA, Europe)">
  <title>Football (USA, Europe)</title>
  <year>1978</year>
  <genre>Sports/Football</genre>
  <developer />
  <publisher>Magnavox</publisher>
  <rating>HSRS - GA (General Audience)</rating>
</game>
<game ROM="Freedom Fighters (USA, Europe)">
  <title>Freedom Fighters (USA, Europe)</title>
  <year>1982</year>
  <genre>Shooter</genre>
  <developer />
  <publisher>Philips</publisher>
  <rating>HSRS - GA (General Audience)</rating>
</game>
<game ROM="Frogger (Europe)">
  <title>Frogger (Europe)</title>
  <year>1982</year>
  <genre>Action</genre>
  <developer />
  <publisher>Parker Bros.</publisher>
  <rating>HSRS - GA (General Audience)</rating>
</game>
<game ROM="Great Wall Street Fortune Hunt, The (USA, Europe)">
  <title>Great Wall Street Fortune Hunt, The (USA, Europe)</title>
  <year>1978</year>
  <genre>Simulation</genre>
  <developer />
  <publisher>Philips</publisher>
  <rating>HSRS - GA (General Audience)</rating>
</game>
<game ROM="Hockey + Soccer (USA, Europe)">
  <title>Hockey + Soccer (USA, Europe)</title>
  <year>1978</year>
  <genre>Sports/Hockey</genre>
  <developer />
  <publisher>Magnavox</publisher>
  <rating>HSRS - GA (General Audience)</rating>
</game>
<game ROM="I&apos;ve Got Your Number (USA, Europe)">
  <title>I&apos;ve Got Your Number (USA, Europe)</title>
  <year>1978</year>
  <genre>Miscellaneous</genre>
  <developer />
  <publisher>Magnavox</publisher>
  <rating>HSRS - GA (General Audience)</rating>
</game>
<game ROM="Interpol (Europe) (Proto)">
  <title>Interpol (Europe) (Proto)</title>
  <year>2000</year>
  <genre>Action</genre>
  <developer />
  <publisher>GST Video</publisher>
  <rating>HSRS - GA (General Audience)</rating>
</game>
<game ROM="Invaders from Hyperspace (USA)">
  <title>Invaders from Hyperspace (USA)</title>
  <year>1979</year>
  <genre>Shooter</genre>
  <developer />
  <publisher>Magnavox</publisher>
  <rating>HSRS - GA (General Audience)</rating>
</game>
<game ROM="J.G. Munchkin (USA, Brazil) (Unl)">
  <title>J.G. Munchkin (USA, Brazil) (Unl)</title>
  <year>1980</year>
  <genre>Maze</genre>
  <developer />
  <publisher>Magnavox</publisher>
  <rating>HSRS - GA (General Audience)</rating>
</game>
<game ROM="K.C. Munchkin (USA)">
  <title>K.C. Munchkin (USA)</title>
  <year>1981</year>
  <genre>Maze</genre>
  <developer />
  <publisher>Philips</publisher>
  <rating>HSRS - GA (General Audience)</rating>
</game>
<game ROM="K.C.&apos;s Krazy Chase (USA, Europe)">
  <title>K.C.&apos;s Krazy Chase (USA, Europe)</title>
  <year>1982</year>
  <genre>Maze</genre>
  <developer />
  <publisher>Philips</publisher>
  <rating>HSRS - GA (General Audience)</rating>
</game>
<game ROM="Keyboard Creations (USA)">
  <title>Keyboard Creations (USA)</title>
  <year>1978</year>
  <genre>Miscellaneous</genre>
  <developer />
  <publisher>Philips</publisher>
  <rating>HSRS - GA (General Audience)</rating>
</game>
<game ROM="Kill The Attacking Aliens (Europe)">
  <title>Kill The Attacking Aliens (Europe)</title>
  <year>2003</year>
  <genre>Shooter</genre>
  <developer />
  <publisher>Soeren Gurst</publisher>
  <rating>HSRS - GA (General Audience)</rating>
</game>
<game ROM="Killer Bees (USA)">
  <title>Killer Bees (USA)</title>
  <year>1978</year>
  <genre>Action</genre>
  <developer />
  <publisher>Philips</publisher>
  <rating>HSRS - GA (General Audience)</rating>
</game>
<game ROM="Kinder im Verkehr 1 (Germany)">
  <title>Kinder im Verkehr 1 (Germany)</title>
  <year>1982</year>
  <genre>Miscellaneous</genre>
  <developer />
  <publisher>Philips</publisher>
  <rating>HSRS - GA (General Audience)</rating>
</game>
<game ROM="Kinder im Verkehr 2 (Germany)">
  <title>Kinder im Verkehr 2 (Germany)</title>
  <year>1982</year>
  <genre>Miscellaneous</genre>
  <developer />
  <publisher>Philips</publisher>
  <rating>HSRS - GA (General Audience)</rating>
</game>
<game ROM="Labyrinth Game, A + Supermind (Europe)">
  <title>Labyrinth Game, A + Supermind (Europe)</title>
  <year>1981</year>
  <genre>Maze</genre>
  <developer />
  <publisher>Philips</publisher>
  <rating>HSRS - GA (General Audience)</rating>
</game>
<game ROM="Las Vegas Blackjack (USA, Europe)">
  <title>Las Vegas Blackjack (USA, Europe)</title>
  <year>1978</year>
  <genre>Casino</genre>
  <developer />
  <publisher>Magnavox</publisher>
  <rating>HSRS - GA (General Audience)</rating>
</game>
<game ROM="Le Tresor Englouti (France)">
  <title>Le Tresor Englouti (France)</title>
  <year>1984</year>
  <genre>Adventure</genre>
  <developer />
  <publisher>Jopac</publisher>
  <rating>HSRS - GA (General Audience)</rating>
</game>
<game ROM="Loony Balloon (Europe) (Proto)">
  <title>Loony Balloon (Europe) (Proto)</title>
  <year>1984</year>
  <genre>Action</genre>
  <developer />
  <publisher>Philips</publisher>
  <rating>HSRS - GA (General Audience)</rating>
</game>
<game ROM="Martian Threat (Europe) (Proto)">
  <title>Martian Threat (Europe) (Proto)</title>
  <year>2008</year>
  <genre>Shooter</genre>
  <developer />
  <publisher>GST Video</publisher>
  <rating>HSRS - GA (General Audience)</rating>
</game>
<game ROM="Matchmaker + Logix + Buzzword (USA)">
  <title>Matchmaker + Logix + Buzzword (USA)</title>
  <year>1978</year>
  <genre>Puzzle</genre>
  <developer />
  <publisher>Magnavox</publisher>
  <rating>HSRS - GA (General Audience)</rating>
</game>
<game ROM="Math-A-Magic + Echo (USA, Europe)">
  <title>Math-A-Magic + Echo (USA, Europe)</title>
  <year>1978</year>
  <genre>Compilation</genre>
  <developer />
  <publisher>Magnavox</publisher>
  <rating>HSRS - GA (General Audience)</rating>
</game>
<game ROM="Mission Impossible + Programmed Trip (Brazil) (Proto)">
  <title>Mission Impossible + Programmed Trip (Brazil) (Proto)</title>
  <year>2004</year>
  <genre>Action</genre>
  <developer />
  <publisher>Ectron</publisher>
  <rating>HSRS - GA (General Audience)</rating>
</game>
<game ROM="Monkeyshines (USA, Europe)">
  <title>Monkeyshines (USA, Europe)</title>
  <year>1981</year>
  <genre>Action</genre>
  <developer />
  <publisher>Philips</publisher>
  <rating>HSRS - GA (General Audience)</rating>
</game>
<game ROM="Morse (Europe)">
  <title>Morse (Europe)</title>
  <year>1982</year>
  <genre>Miscellaneous</genre>
  <developer />
  <publisher>Philips</publisher>
  <rating>HSRS - GA (General Audience)</rating>
</game>
<game ROM="Moto-Crash (France)">
  <title>Moto-Crash (France)</title>
  <year>1983</year>
  <genre>Driving</genre>
  <developer />
  <publisher>Magnavox</publisher>
  <rating>HSRS - GA (General Audience)</rating>
</game>
<game ROM="Mousing Cat, The (Europe)">
  <title>Mousing Cat, The (Europe)</title>
  <year>1982</year>
  <genre>Action</genre>
  <developer />
  <publisher>Philips</publisher>
  <rating>HSRS - GA (General Audience)</rating>
</game>
<game ROM="Mr. Roboto! (USA) (Unl)">
  <title>Mr. Roboto! (USA) (Unl)</title>
  <year>2007</year>
  <genre>Action</genre>
  <developer />
  <publisher>Pakrat</publisher>
  <rating>HSRS - GA (General Audience)</rating>
</game>
<game ROM="Musician (Europe)">
  <title>Musician (Europe)</title>
  <year>1981</year>
  <genre>Miscellaneous</genre>
  <developer />
  <publisher>Philips</publisher>
  <rating>HSRS - GA (General Audience)</rating>
</game>
<game ROM="Neutron Star (Europe) (Proto)">
  <title>Neutron Star (Europe) (Proto)</title>
  <year>1983</year>
  <genre>Action</genre>
  <developer />
  <publisher>Philips</publisher>
  <rating>HSRS - GA (General Audience)</rating>
</game>
<game ROM="Nightfighter (Europe) (Proto)">
  <title>Nightfighter (Europe) (Proto)</title>
  <year>1982</year>
  <genre>Shooter</genre>
  <developer />
  <publisher>GST Video</publisher>
  <rating>HSRS - GA (General Audience)</rating>
</game>
<game ROM="Nightmare (Europe)">
  <title>Nightmare (Europe)</title>
  <year>1983</year>
  <genre>Action</genre>
  <developer />
  <publisher>Philips</publisher>
  <rating>HSRS - GA (General Audience)</rating>
</game>
<game ROM="Nimble Numbers Ned (USA)">
  <title>Nimble Numbers Ned (USA)</title>
  <year>1978</year>
  <genre>Miscellaneous</genre>
  <developer />
  <publisher>Philips</publisher>
  <rating>HSRS - GA (General Audience)</rating>
</game>
<game ROM="Out of this World + Helicopter Rescue (USA)">
  <title>Out of this World + Helicopter Rescue (USA)</title>
  <year>1979</year>
  <genre>Action</genre>
  <developer />
  <publisher>Magnavox</publisher>
  <rating>HSRS - GA (General Audience)</rating>
</game>
<game ROM="P.T. Barnum&apos;s Acrobats (USA)">
  <title>P.T. Barnum&apos;s Acrobats (USA)</title>
  <year>1978</year>
  <genre>Action</genre>
  <developer />
  <publisher>Philips</publisher>
  <rating>HSRS - GA (General Audience)</rating>
</game>
<game ROM="Pachinko (USA, Europe)">
  <title>Pachinko (USA, Europe)</title>
  <year>1980</year>
  <genre>Casino</genre>
  <developer />
  <publisher>Magnavox</publisher>
  <rating>HSRS - GA (General Audience)</rating>
</game>
<game ROM="Pairs + Space Rendezvous + Logic (Europe)">
  <title>Pairs + Space Rendezvous + Logic (Europe)</title>
  <year>1978</year>
  <genre>Compilation</genre>
  <developer />
  <publisher>Philips</publisher>
  <rating>HSRS - GA (General Audience)</rating>
</game>
<game ROM="Pick Axe Pete (USA, Europe)">
  <title>Pick Axe Pete (USA, Europe)</title>
  <year>1982</year>
  <genre>Action</genre>
  <developer />
  <publisher>Philips</publisher>
  <rating>HSRS - GA (General Audience)</rating>
</game>
<game ROM="Pinball (USA) (Proto)">
  <title>Pinball (USA) (Proto)</title>
  <year>2000</year>
  <genre>Pinball</genre>
  <developer />
  <publisher>CGE Services</publisher>
  <rating>HSRS - GA (General Audience)</rating>
</game>
<game ROM="Planet Lander (USA) (Unl)">
  <title>Planet Lander (USA) (Unl)</title>
  <year>2004</year>
  <genre>Action</genre>
  <developer />
  <publisher>Ted Follery</publisher>
  <rating>HSRS - GA (General Audience)</rating>
</game>
<game ROM="Playtag (Europe) (Proto)">
  <title>Playtag (Europe) (Proto)</title>
  <year>2009</year>
  <genre>Action</genre>
  <developer />
  <publisher>CCC</publisher>
  <rating>HSRS - GA (General Audience)</rating>
</game>
<game ROM="Pocket Billiards (USA, Europe)">
  <title>Pocket Billiards (USA, Europe)</title>
  <year>1978</year>
  <genre>Sports/Pool and Dart</genre>
  <developer />
  <publisher>Magnavox</publisher>
  <rating>HSRS - GA (General Audience)</rating>
</game>
<game ROM="Pong (2003) (USA) (Unl)">
  <title>Pong (2003) (USA) (Unl)</title>
  <year>2003</year>
  <genre>Action</genre>
  <developer />
  <publisher>Pakrat</publisher>
  <rating>HSRS - GA (General Audience)</rating>
</game>
<game ROM="Pong (2004) (USA) (Unl)">
  <title>Pong (2004) (USA) (Unl)</title>
  <year>2004</year>
  <genre>Action</genre>
  <developer />
  <publisher>Pakrat</publisher>
  <rating>HSRS - GA (General Audience)</rating>
</game>
<game ROM="Popeye (Europe)">
  <title>Popeye (Europe)</title>
  <year>1978</year>
  <genre>Action</genre>
  <developer />
  <publisher>Philips</publisher>
  <rating>HSRS - GA (General Audience)</rating>
</game>
<game ROM="Power Lords (USA)">
  <title>Power Lords (USA)</title>
  <year>1983</year>
  <genre>Action</genre>
  <developer />
  <publisher>Philips</publisher>
  <rating>HSRS - GA (General Audience)</rating>
</game>
<game ROM="Puzzle Piece Panic! (USA) (Proto)">
  <title>Puzzle Piece Panic! (USA) (Proto)</title>
  <year>2007</year>
  <genre>Puzzle</genre>
  <developer />
  <publisher>Ted Foolery</publisher>
  <rating>HSRS - GA (General Audience)</rating>
</game>
<game ROM="Q-Bert (Europe)">
  <title>Q-Bert (Europe)</title>
  <year>1983</year>
  <genre>Action</genre>
  <developer />
  <publisher>Parker Bros.</publisher>
  <rating>HSRS - GA (General Audience)</rating>
</game>
<game ROM="Quest for the Rings (USA, Europe)">
  <title>Quest for the Rings (USA, Europe)</title>
  <year>1981</year>
  <genre>Role-Playing</genre>
  <developer />
  <publisher>Philips</publisher>
  <rating>HSRS - GA (General Audience)</rating>
</game>
<game ROM="Red Baron (Europe) (Proto)">
  <title>Red Baron (Europe) (Proto)</title>
  <year>1983</year>
  <genre>Flying</genre>
  <developer />
  <publisher>Philips</publisher>
  <rating>HSRS - GA (General Audience)</rating>
</game>
<game ROM="Robot City (Europe) (Proto)">
  <title>Robot City (Europe) (Proto)</title>
  <year>2009</year>
  <genre>Action</genre>
  <developer />
  <publisher>GST Video</publisher>
  <rating>HSRS - GA (General Audience)</rating>
</game>
<game ROM="Route 66 (Europe) (Proto)">
  <title>Route 66 (Europe) (Proto)</title>
  <year>2007</year>
  <genre>Driving</genre>
  <developer />
  <publisher>Humanoid Games</publisher>
  <rating>HSRS - GA (General Audience)</rating>
</game>
<game ROM="Secret of the Pharaohs (Europe)">
  <title>Secret of the Pharaohs (Europe)</title>
  <year>1981</year>
  <genre>Strategy</genre>
  <developer />
  <publisher>Philips</publisher>
  <rating>HSRS - GA (General Audience)</rating>
</game>
<game ROM="Shark Hunter (Europe) (Proto)">
  <title>Shark Hunter (Europe) (Proto)</title>
  <year>2006</year>
  <genre>Action</genre>
  <developer />
  <publisher>GST Video</publisher>
  <rating>HSRS - GA (General Audience)</rating>
</game>
<game ROM="Showdown in 2100 A.D. (USA)">
  <title>Showdown in 2100 A.D. (USA)</title>
  <year>1978</year>
  <genre>Shooter</genre>
  <developer />
  <publisher>Magnavox</publisher>
  <rating>HSRS - GA (General Audience)</rating>
</game>
<game ROM="Sid the Spellbinder (USA)">
  <title>Sid the Spellbinder (USA)</title>
  <year>1978</year>
  <genre>Shooter</genre>
  <developer />
  <publisher>Philips</publisher>
  <rating>HSRS - GA (General Audience)</rating>
</game>
<game ROM="Smithereens (USA)">
  <title>Smithereens (USA)</title>
  <year>1982</year>
  <genre>Strategy</genre>
  <developer />
  <publisher>Philips</publisher>
  <rating>HSRS - GA (General Audience)</rating>
</game>
<game ROM="Speedway + Spin-out + Crypto-logic (USA, Europe)">
  <title>Speedway + Spin-out + Crypto-logic (USA, Europe)</title>
  <year>1978</year>
  <genre>Compilation</genre>
  <developer />
  <publisher>Magnavox</publisher>
  <rating>HSRS - GA (General Audience)</rating>
</game>
<game ROM="Spider-Man (Europe) (Proto)">
  <title>Spider-Man (Europe) (Proto)</title>
  <year>2006</year>
  <genre>Action</genre>
  <developer />
  <publisher>Parker Bros.</publisher>
  <rating>HSRS - GA (General Audience)</rating>
</game>
<game ROM="Super Bee (Europe)">
  <title>Super Bee (Europe)</title>
  <year>1983</year>
  <genre>Action</genre>
  <developer />
  <publisher>Philips</publisher>
  <rating>HSRS - GA (General Audience)</rating>
</game>
<game ROM="Super Cobra (Europe)">
  <title>Super Cobra (Europe)</title>
  <year>1983</year>
  <genre>Shooter</genre>
  <developer />
  <publisher>Parker Bros.</publisher>
  <rating>HSRS - GA (General Audience)</rating>
</game>
<game ROM="Syracuse (France)">
  <title>Syracuse (France)</title>
  <year>1980</year>
  <genre>Action</genre>
  <developer />
  <publisher>Magnavox</publisher>
  <rating>HSRS - GA (General Audience)</rating>
</game>
<game ROM="Take the Money and Run (USA, Europe)">
  <title>Take the Money and Run (USA, Europe)</title>
  <year>1978</year>
  <genre>Action</genre>
  <developer />
  <publisher>Magnavox</publisher>
  <rating>HSRS - GA (General Audience)</rating>
</game>
<game ROM="Thunderball (USA, Europe)">
  <title>Thunderball (USA, Europe)</title>
  <year>1979</year>
  <genre>Simulation</genre>
  <developer />
  <publisher>Magnavox</publisher>
  <rating>HSRS - GA (General Audience)</rating>
</game>
<game ROM="Turtles (USA)">
  <title>Turtles (USA)</title>
  <year>1983</year>
  <genre>Action</genre>
  <developer />
  <publisher>Philips</publisher>
  <rating>HSRS - GA (General Audience)</rating>
</game>
<game ROM="Tutankham (Europe) (Proto)">
  <title>Tutankham (Europe) (Proto)</title>
  <year>2007</year>
  <genre>Action</genre>
  <developer />
  <publisher>Parker Bros.</publisher>
  <rating>HSRS - GA (General Audience)</rating>
</game>
<game ROM="Type &amp; Tell (USA)">
  <title>Type &amp; Tell (USA)</title>
  <year>1982</year>
  <genre>Miscellaneous</genre>
  <developer />
  <publisher>Philips</publisher>
  <rating>HSRS - GA (General Audience)</rating>
</game>
<game ROM="UFO (USA)">
  <title>UFO (USA)</title>
  <year>1981</year>
  <genre>Shooter</genre>
  <developer />
  <publisher>Magnavox</publisher>
  <rating>HSRS - GA (General Audience)</rating>
</game>
<game ROM="Volleyball (USA, Europe)">
  <title>Volleyball (USA, Europe)</title>
  <year>1980</year>
  <genre>Sports/Volleyball</genre>
  <developer />
  <publisher>Magnavox</publisher>
  <rating>HSRS - GA (General Audience)</rating>
</game>
<game ROM="War of Nerves (USA, Europe)">
  <title>War of Nerves (USA, Europe)</title>
  <year>1979</year>
  <genre>Strategy</genre>
  <developer />
  <publisher>Magnavox</publisher>
  <rating>HSRS - GA (General Audience)</rating>
</game>
</menu>
