<?xml version="1.0" encoding="utf-8" standalone="yes"?>
<menu>
<header>
  <listname>Nintendo Pokemon Mini</listname>
  <lastlistupdate></lastlistupdate>
  <listversion>V1</listversion>
  <exporterversion>V1 GameDBInfo converter</exporterversion>
</header>
<game ROM="Pichu Bros. Mini (Japan)">
  <title>Pichu Bros. Mini (Japan)</title>
  <year>2000</year>
  <genre>Multiplay</genre>
  <developer />
  <publisher>Denyusha Co. Ltd.</publisher>
  <rating>ESRB - E (Everyone)</rating>
</game>
<game ROM="Pokemon Breeder Mini (Japan) (Translated En)">
  <title>Pokemon Breeder Mini (Japan) (Translated En)</title>
  <year>2002</year>
  <genre>Simulation</genre>
  <developer />
  <publisher>Jupiter Corp.</publisher>
  <rating>ESRB - E (Everyone)</rating>
</game>
<game ROM="Pokemon Party Mini (USA)">
  <title>Pokemon Party Mini (USA)</title>
  <year>2001</year>
  <genre>Multiplay</genre>
  <developer />
  <publisher>Denyusha Co. Ltd.</publisher>
  <rating>ESRB - E (Everyone)</rating>
</game>
<game ROM="Pokemon Pinball Mini (USA)">
  <title>Pokemon Pinball Mini (USA)</title>
  <year>2001</year>
  <genre>Pinball</genre>
  <developer />
  <publisher>Jupiter Corp.</publisher>
  <rating>ESRB - E (Everyone)</rating>
</game>
<game ROM="Pokemon Puzzle Collection (USA)">
  <title>Pokemon Puzzle Collection (USA)</title>
  <year>2001</year>
  <genre>Puzzle</genre>
  <developer />
  <publisher>Jupiter Corp.</publisher>
  <rating>ESRB - E (Everyone)</rating>
</game>
<game ROM="Pokemon Puzzle Collection Vol. 2 (Japan) (Translated En)">
  <title>Pokemon Puzzle Collection Vol. 2 (Japan) (Translated En)</title>
  <year>2002</year>
  <genre>Puzzle</genre>
  <developer />
  <publisher>Jupiter Corp.</publisher>
  <rating>ESRB - E (Everyone)</rating>
</game>
<game ROM="Pokemon Race Mini (Japan)">
  <title>Pokemon Race Mini (Japan)</title>
  <year>2002</year>
  <genre>Driving</genre>
  <developer />
  <publisher>Jupiter Corp.</publisher>
  <rating>ESRB - E (Everyone)</rating>
</game>
<game ROM="Pokemon Tetris (Europe)">
  <title>Pokemon Tetris (Europe)</title>
  <year>2002</year>
  <genre>Puzzle</genre>
  <developer />
  <publisher>Nintendo</publisher>
  <rating>ESRB - E (Everyone)</rating>
</game>
<game ROM="Pokemon Zany Cards (USA)">
  <title>Pokemon Zany Cards (USA)</title>
  <year>2001</year>
  <genre>Card Battle</genre>
  <developer />
  <publisher>Denyusha Co. Ltd.</publisher>
  <rating>ESRB - E (Everyone)</rating>
</game>
<game ROM="Snorlax&apos;s Lunch Time (USA) (GameCube)">
  <title>Snorlax&apos;s Lunch Time (USA) (GameCube)</title>
  <year>2003</year>
  <genre>Miscellaneous</genre>
  <developer />
  <publisher>Nintendo</publisher>
  <rating>ESRB - E (Everyone)</rating>
</game>
<game ROM="Togepi no Daibouken (Japan) (Translated En)">
  <title>Togepi no Daibouken (Japan) (Translated En)</title>
  <year>2002</year>
  <genre>Adventure</genre>
  <developer />
  <publisher>Jupiter Corp.</publisher>
  <rating>ESRB - E (Everyone)</rating>
</game>
</menu>
