<?xml version="1.0" encoding="utf-8" standalone="yes"?>
<menu>
<header>
  <listname>Sega PICO</listname>
  <lastlistupdate></lastlistupdate>
  <listversion>V1</listversion>
  <exporterversion>V1 GameDBInfo converter</exporterversion>
</header>
<game ROM="101-piki Wan-chan - Wan-chan Daikoushin! (Japan)">
  <title>101-piki Wan-chan - Wan-chan Daikoushin!</title>
  <year />
  <rating>Other - NR (Not Rated)</rating>
</game>
<game ROM="3-choume no Tama Momo-chan wa Doko! (Japan) (Rev 1)">
  <title>3-choume no Tama Momo-chan wa Doko!</title>
  <year />
  <rating>Other - NR (Not Rated)</rating>
</game>
<game ROM="6000-nin no Sensei-tachi ga Tsukutta Tanoshii Shougakkou Tanken 1 (Japan)">
  <title>6000-nin no Sensei-tachi ga Tsukutta Tanoshii Shougakkou Tanken 1</title>
  <year />
  <rating>Other - NR (Not Rated)</rating>
</game>
<game ROM="6000-nin no Sensei-tachi ga Tsukutta Tanoshii Shougakkou Tanken 2 (Japan)">
  <title>6000-nin no Sensei-tachi ga Tsukutta Tanoshii Shougakkou Tanken 2</title>
  <year />
  <rating>Other - NR (Not Rated)</rating>
</game>
<game ROM="A Bug&apos;s Life (Japan)">
  <title>A Bug&apos;s Life</title>
  <year />
  <rating>Other - NR (Not Rated)</rating>
</game>
<game ROM="A Year At Pooh Corner (Europe)">
  <title>A Year At Pooh Corner</title>
  <year />
  <rating>Other - NR (Not Rated)</rating>
</game>
<game ROM="A Year at Pooh Corner (USA)">
  <title>A Year at Pooh Corner</title>
  <year />
  <rating>Other - NR (Not Rated)</rating>
</game>
<game ROM="Adventures in Letterland with Jack &amp; Jill (USA)">
  <title>Adventures in Letterland with Jack &amp; Jill</title>
  <year />
  <rating>Other - NR (Not Rated)</rating>
</game>
<game ROM="Ai to Yume no Kuni Sanrio Puroland - Asobinagara Oboeyou! Hiragana Katakana (Japan)">
  <title>Ai to Yume no Kuni Sanrio Puroland - Asobinagara Oboeyou! Hiragana Katakana</title>
  <year />
  <rating>Other - NR (Not Rated)</rating>
</game>
<game ROM="Ai to Yume no Kuni Sanrio Puroland - Chanto Dekiru Kana Minna to Tanoshii Oyuugikai (Japan)">
  <title>Ai to Yume no Kuni Sanrio Puroland - Chanto Dekiru Kana Minna to Tanoshii Oyuugikai</title>
  <year />
  <rating>Other - NR (Not Rated)</rating>
</game>
<game ROM="Ai to Yume to Bouken Sanrio Puroland! (Japan)">
  <title>Ai to Yume to Bouken Sanrio Puroland!</title>
  <year />
  <rating>Other - NR (Not Rated)</rating>
</game>
<game ROM="Ashita no Nadja (Japan)">
  <title>Ashita no Nadja</title>
  <year />
  <rating>Other - NR (Not Rated)</rating>
</game>
<game ROM="B-Fighter Kabuto (Japan)">
  <title>B-Fighter Kabuto</title>
  <year />
  <rating>Other - NR (Not Rated)</rating>
</game>
<game ROM="B-Robo Kabutack (Japan)">
  <title>B-Robo Kabutack</title>
  <year />
  <rating>Other - NR (Not Rated)</rating>
</game>
<game ROM="Bakuryuu Sentai Abaranger (Japan)">
  <title>Bakuryuu Sentai Abaranger</title>
  <year />
  <rating>Other - NR (Not Rated)</rating>
</game>
<game ROM="Berenstain Bears, The - A School Day (USA)">
  <title>Berenstain Bears, The - A School Day</title>
  <year />
  <rating>Other - NR (Not Rated)</rating>
</game>
<game ROM="Bishoujo Senshi Sailor Moon S (Japan)">
  <title>Bishoujo Senshi Sailor Moon S</title>
  <year />
  <rating>Other - NR (Not Rated)</rating>
</game>
<game ROM="Bishoujo Senshi Sailor Moon Sailor Stars - Tokimeki Party (Japan)">
  <title>Bishoujo Senshi Sailor Moon Sailor Stars - Tokimeki Party</title>
  <year />
  <rating>Other - NR (Not Rated)</rating>
</game>
<game ROM="Chibi Maruko-chan - Issho ni Asobou Yo (Japan)">
  <title>Chibi Maruko-chan - Issho ni Asobou Yo</title>
  <year />
  <rating>Other - NR (Not Rated)</rating>
</game>
<game ROM="Copera no Kono Ato Naani (Japan) (Mixt Book Player - Copera)">
  <title>Copera no Kono Ato Naani</title>
  <year />
  <rating>Other - NR (Not Rated)</rating>
</game>
<game ROM="Copera no Time Machine (Japan) (Mixt Book Player - Copera)">
  <title>Copera no Time Machine</title>
  <year />
  <rating>Other - NR (Not Rated)</rating>
</game>
<game ROM="Crayola Crayons - Create a World (USA)">
  <title>Crayola Crayons - Create a World</title>
  <year />
  <rating>Other - NR (Not Rated)</rating>
</game>
<game ROM="Crayon Shin-chan no Ora to Issho ni Asobou yo! (Japan)">
  <title>Crayon Shin-chan no Ora to Issho ni Asobou yo!</title>
  <year />
  <rating>Other - NR (Not Rated)</rating>
</game>
<game ROM="Crayons Magiques (France)">
  <title>Crayons Magiques</title>
  <year />
  <rating>Other - NR (Not Rated)</rating>
</game>
<game ROM="Cutey Honey (Japan)">
  <title>Cutey Honey</title>
  <year />
  <rating>Other - NR (Not Rated)</rating>
</game>
<game ROM="Dance Pico with Hashitte Odotte Chou Happy! (Japan)">
  <title>Dance Pico with Hashitte Odotte Chou Happy!</title>
  <year />
  <rating>Other - NR (Not Rated)</rating>
</game>
<game ROM="Densha Daishuugou! (Japan)">
  <title>Densha Daishuugou!</title>
  <year />
  <rating>Other - NR (Not Rated)</rating>
</game>
<game ROM="Disney Princess Ariel (Japan)">
  <title>Disney Princess Ariel</title>
  <year />
  <rating>Other - NR (Not Rated)</rating>
</game>
<game ROM="Disney Princesses - Princess ni Naritai (Japan)">
  <title>Disney Princesses - Princess ni Naritai</title>
  <year />
  <rating>Other - NR (Not Rated)</rating>
</game>
<game ROM="Do Re Mi Fa Animals no Tanoshii Ensoukai (Japan)">
  <title>Do Re Mi Fa Animals no Tanoshii Ensoukai</title>
  <year />
  <rating>Other - NR (Not Rated)</rating>
</game>
<game ROM="Do Re Mi Fa Densetsu (Japan) (Mixt Book Player - Copera)">
  <title>Do Re Mi Fa Densetsu</title>
  <year />
  <rating>Other - NR (Not Rated)</rating>
</game>
<game ROM="Donald no Obake Taiji (Japan)">
  <title>Donald no Obake Taiji</title>
  <year />
  <rating>Other - NR (Not Rated)</rating>
</game>
<game ROM="Donald no TV Show (Japan) (Rev 2)">
  <title>Donald no TV Show</title>
  <year />
  <rating>Other - NR (Not Rated)</rating>
</game>
<game ROM="Donalds Gespensterjagd (Germany) (Proto)">
  <title>Donalds Gespensterjagd</title>
  <year />
  <rating>Other - NR (Not Rated)</rating>
</game>
<game ROM="Doraemon - Chiiku Asobi Dora-Land (Japan)">
  <title>Doraemon - Chiiku Asobi Dora-Land</title>
  <year />
  <rating>Other - NR (Not Rated)</rating>
</game>
<game ROM="Doraemon - Kazoete-Kanzan Kazu Tokei (Japan)">
  <title>Doraemon - Kazoete-Kanzan Kazu Tokei</title>
  <year />
  <rating>Other - NR (Not Rated)</rating>
</game>
<game ROM="Doraemon - Nobita no Machinaka Dokidoki Tanken! (Japan)">
  <title>Doraemon - Nobita no Machinaka Dokidoki Tanken!</title>
  <year />
  <rating>Other - NR (Not Rated)</rating>
</game>
<game ROM="Doraemon - Nobita to Maigo no Kyouryuu (Japan) (Rev 2)">
  <title>Doraemon - Nobita to Maigo no Kyouryuu</title>
  <year />
  <rating>Other - NR (Not Rated)</rating>
</game>
<game ROM="Doraemon - Time Machine de Daibouken (Japan)">
  <title>Doraemon - Time Machine de Daibouken</title>
  <year />
  <rating>Other - NR (Not Rated)</rating>
</game>
<game ROM="Doraemon - Yometa yo-Kaketa yo Hiragana Katakana (Japan)">
  <title>Doraemon - Yometa yo-Kaketa yo Hiragana Katakana</title>
  <year />
  <rating>Other - NR (Not Rated)</rating>
</game>
<game ROM="Doraemon - Youchien wa Tanoshii na (Japan)">
  <title>Doraemon - Youchien wa Tanoshii na</title>
  <year />
  <rating>Other - NR (Not Rated)</rating>
</game>
<game ROM="Doraemon Eigo de Asobou ABC (Japan)">
  <title>Doraemon Eigo de Asobou ABC</title>
  <year />
  <rating>Other - NR (Not Rated)</rating>
</game>
<game ROM="Doraemon Ensoku-Imohori-Undoukai (Japan)">
  <title>Doraemon Ensoku-Imohori-Undoukai</title>
  <year />
  <rating>Other - NR (Not Rated)</rating>
</game>
<game ROM="Doraemon no Utatte Pico Set with Issho ni Utaou! Doraemon Waku Waku Karaoke (Japan)">
  <title>Doraemon no Utatte Pico Set with Issho ni Utaou! Doraemon Waku Waku Karaoke</title>
  <year />
  <rating>Other - NR (Not Rated)</rating>
</game>
<game ROM="Drive Pico - Saa Shuppatsu Da! Ken-chan to Pepe no Wanpaku Drive (Japan)">
  <title>Drive Pico - Saa Shuppatsu Da! Ken-chan to Pepe no Wanpaku Drive</title>
  <year />
  <rating>Other - NR (Not Rated)</rating>
</game>
<game ROM="Drive Pico with Go Go! Car Navi Touring! (Japan)">
  <title>Drive Pico with Go Go! Car Navi Touring!</title>
  <year />
  <rating>Other - NR (Not Rated)</rating>
</game>
<game ROM="ECC Junior no Hajimete Eigo Vol. 1 Patty And Her Family - Patty-chan Family (Japan) (Rev 1)">
  <title>ECC Junior no Hajimete Eigo Vol. 1 Patty And Her Family - Patty-chan Family</title>
  <year />
  <rating>Other - NR (Not Rated)</rating>
</game>
<game ROM="ECC Junior no Hajimete Eigo Vol. 2 Patty Goes On A Picnic - Patty-chan no Picnic (Japan)">
  <title>ECC Junior no Hajimete Eigo Vol. 2 Patty Goes On A Picnic - Patty-chan no Picnic</title>
  <year />
  <rating>Other - NR (Not Rated)</rating>
</game>
<game ROM="Ecco Jr. And The Great Ocean Treasure Hunt! (Europe)">
  <title>Ecco Jr. And The Great Ocean Treasure Hunt!</title>
  <year />
  <rating>Other - NR (Not Rated)</rating>
</game>
<game ROM="Ecco Jr. and the Great Ocean Treasure Hunt! (USA)">
  <title>Ecco Jr. and the Great Ocean Treasure Hunt!</title>
  <year />
  <rating>Other - NR (Not Rated)</rating>
</game>
<game ROM="Ecco Jr. et la Chasse au Tresor Sous-Marine! (France)">
  <title>Ecco Jr. et la Chasse au Tresor Sous-Marine!</title>
  <year />
  <rating>Other - NR (Not Rated)</rating>
</game>
<game ROM="Ecco Jr. und die Grosse Schatzsuche im Ozean! (Germany)">
  <title>Ecco Jr. und die Grosse Schatzsuche im Ozean!</title>
  <year />
  <rating>Other - NR (Not Rated)</rating>
</game>
<game ROM="Ecco Jr. y la Gran Busqueda del Tesoro en el Oceano! (Spain)">
  <title>Ecco Jr. y la Gran Busqueda del Tesoro en el Oceano!</title>
  <year />
  <rating>Other - NR (Not Rated)</rating>
</game>
<game ROM="Ein Jahr in Winnie Puuhs Leben (Germany)">
  <title>Ein Jahr in Winnie Puuhs Leben</title>
  <year />
  <rating>Other - NR (Not Rated)</rating>
</game>
<game ROM="El Profesor Pico En El Mundo De Los Colores (Spain)">
  <title>El Profesor Pico En El Mundo De Los Colores</title>
  <year />
  <rating>Other - NR (Not Rated)</rating>
</game>
<game ROM="Exciting! Hataraku Norimono-tachi (Japan)">
  <title>Exciting! Hataraku Norimono-tachi</title>
  <year />
  <rating>Other - NR (Not Rated)</rating>
</game>
<game ROM="Fishing Pico Donald no Adventure (Japan)">
  <title>Fishing Pico Donald no Adventure</title>
  <year />
  <rating>Other - NR (Not Rated)</rating>
</game>
<game ROM="Futari wa Pretty Cure (Japan)">
  <title>Futari wa Pretty Cure</title>
  <year />
  <rating>Other - NR (Not Rated)</rating>
</game>
<game ROM="Gabutcho Tsuri Gakkou Yatta ne! Boku wa Tsuri Meijn (Japan)">
  <title>Gabutcho Tsuri Gakkou Yatta ne! Boku wa Tsuri Meijn</title>
  <year />
  <rating>Other - NR (Not Rated)</rating>
</game>
<game ROM="Gakken Anpanman to Chinou Up! (Japan)">
  <title>Gakken Anpanman to Chinou Up!</title>
  <year />
  <rating>Other - NR (Not Rated)</rating>
</game>
<game ROM="Gakken Hajimete no Moji-Kotoba (Japan)">
  <title>Gakken Hajimete no Moji-Kotoba</title>
  <year />
  <rating>Other - NR (Not Rated)</rating>
</game>
<game ROM="Gakken no o-Benkyou Soft - Eigo ABC (Japan)">
  <title>Gakken no o-Benkyou Soft - Eigo ABC</title>
  <year />
  <rating>Other - NR (Not Rated)</rating>
</game>
<game ROM="Gakken no o-Benkyou Soft - Hiragana (Japan) (Rev 1)">
  <title>Gakken no o-Benkyou Soft - Hiragana</title>
  <year />
  <rating>Other - NR (Not Rated)</rating>
</game>
<game ROM="Gakken no o-Benkyou Soft - Kakezan Kuku (Japan)">
  <title>Gakken no o-Benkyou Soft - Kakezan Kuku</title>
  <year />
  <rating>Other - NR (Not Rated)</rating>
</game>
<game ROM="Gakken no o-Benkyou Soft - Kanji (Japan)">
  <title>Gakken no o-Benkyou Soft - Kanji</title>
  <year />
  <rating>Other - NR (Not Rated)</rating>
</game>
<game ROM="Gakken no o-Benkyou Soft - Kazu-Suuji (Japan)">
  <title>Gakken no o-Benkyou Soft - Kazu-Suuji</title>
  <year />
  <rating>Other - NR (Not Rated)</rating>
</game>
<game ROM="Gakken no o-Benkyou Soft Kazu-Suuji (Japan)">
  <title>Gakken no o-Benkyou Soft Kazu-Suuji</title>
  <year />
  <rating>Other - NR (Not Rated)</rating>
</game>
<game ROM="Gakken no Obenkyou Soft - Hiragana (Japan) (Rev 1)">
  <title>Gakken no Obenkyou Soft - Hiragana</title>
  <year />
  <rating>Other - NR (Not Rated)</rating>
</game>
<game ROM="Gakken Pico de Gakushuu 1-nensei (Japan)">
  <title>Gakken Pico de Gakushuu 1-nensei</title>
  <year />
  <rating>Other - NR (Not Rated)</rating>
</game>
<game ROM="Gakken Pico de Kagaku 1 Hakken Mushi no Himitsu (Japan)">
  <title>Gakken Pico de Kagaku 1 Hakken Mushi no Himitsu</title>
  <year />
  <rating>Other - NR (Not Rated)</rating>
</game>
<game ROM="Game wo Shinagara Oboe You! Kantan Wakuwaku Keyboard (Japan)">
  <title>Game wo Shinagara Oboe You! Kantan Wakuwaku Keyboard</title>
  <year />
  <rating>Other - NR (Not Rated)</rating>
</game>
<game ROM="Ganbare! Bokura no Compati Heroes (Japan)">
  <title>Ganbare! Bokura no Compati Heroes</title>
  <year />
  <rating>Other - NR (Not Rated)</rating>
</game>
<game ROM="Gegege no Kitarou (Japan)">
  <title>Gegege no Kitarou</title>
  <year />
  <rating>Other - NR (Not Rated)</rating>
</game>
<game ROM="Gekisou Sentai CarRanger (Japan)">
  <title>Gekisou Sentai CarRanger</title>
  <year />
  <rating>Other - NR (Not Rated)</rating>
</game>
<game ROM="Giorno di Scuola degli Orsi Berenstain, Un (Italy)">
  <title>Giorno di Scuola degli Orsi Berenstain, Un</title>
  <year />
  <rating>Other - NR (Not Rated)</rating>
</game>
<game ROM="Go! Go! Konii-chan! Doki Doki World (Japan)">
  <title>Go! Go! Konii-chan! Doki Doki World</title>
  <year />
  <rating>Other - NR (Not Rated)</rating>
</game>
<game ROM="Godzilla - Dokidoki Kaijuu-tou (Japan)">
  <title>Godzilla - Dokidoki Kaijuu-tou</title>
  <year />
  <rating>Other - NR (Not Rated)</rating>
</game>
<game ROM="Great Counting Caper with 3 Blind Mice, The (USA)">
  <title>Great Counting Caper with 3 Blind Mice, The</title>
  <year />
  <rating>Other - NR (Not Rated)</rating>
</game>
<game ROM="Gu~chokorantan Minna de o-Ekaki! Tanoshii Asobi mo ippai! (Japan)">
  <title>Gu~chokorantan Minna de o-Ekaki! Tanoshii Asobi mo ippai!</title>
  <year />
  <rating>Other - NR (Not Rated)</rating>
</game>
<game ROM="Hajimema Series 1 - Donald no Obake Taiji (Japan)">
  <title>Hajimema Series 1 - Donald no Obake Taiji</title>
  <year />
  <rating>Other - NR (Not Rated)</rating>
</game>
<game ROM="Hataraku Kuruma Diapet Daishuugou (Japan)">
  <title>Hataraku Kuruma Diapet Daishuugou</title>
  <year />
  <rating>Other - NR (Not Rated)</rating>
</game>
<game ROM="Hello Kitty no Suteki na O-tanjoubi (Japan)">
  <title>Hello Kitty no Suteki na O-tanjoubi</title>
  <year />
  <rating>Other - NR (Not Rated)</rating>
</game>
<game ROM="Hello Kitty no Tanoshii Butoukai (Japan)">
  <title>Hello Kitty no Tanoshii Butoukai</title>
  <year />
  <rating>Other - NR (Not Rated)</rating>
</game>
<game ROM="Hello Kitty to McDonald de Asobo! (Japan)">
  <title>Hello Kitty to McDonald de Asobo!</title>
  <year />
  <rating>Other - NR (Not Rated)</rating>
</game>
<game ROM="Hirake! Ponkikki Party o Hirakou! (Japan)">
  <title>Hirake! Ponkikki Party o Hirakou!</title>
  <year />
  <rating>Other - NR (Not Rated)</rating>
</game>
<game ROM="Ikunoujuku Sanou Kaihatsu Series 3 - Hikaku, Bunrui (Japan)">
  <title>Ikunoujuku Sanou Kaihatsu Series 3 - Hikaku, Bunrui</title>
  <year />
  <rating>Other - NR (Not Rated)</rating>
</game>
<game ROM="Itsudemo Issho Doraemon Set (Japan)">
  <title>Itsudemo Issho Doraemon Set</title>
  <year />
  <rating>Other - NR (Not Rated)</rating>
</game>
<game ROM="Jidou Eiken Taiou Soft Moomin to Eigo Tanjoubi no Okurimono (Japan) (Rev 2)">
  <title>Jidou Eiken Taiou Soft Moomin to Eigo Tanjoubi no Okurimono</title>
  <year />
  <rating>Other - NR (Not Rated)</rating>
</game>
<game ROM="Kamen Rider Agito &amp; Kuuga Wild Battle (Japan)">
  <title>Kamen Rider Agito &amp; Kuuga Wild Battle</title>
  <year />
  <rating>Other - NR (Not Rated)</rating>
</game>
<game ROM="Kawaii Nakama wo Sodateyou! - 3-tsu no Shippo (Japan)">
  <title>Kawaii Nakama wo Sodateyou! - 3-tsu no Shippo</title>
  <year />
  <rating>Other - NR (Not Rated)</rating>
</game>
<game ROM="Kerokero Keroppi no Harikiri Undoukai (Japan)">
  <title>Kerokero Keroppi no Harikiri Undoukai</title>
  <year />
  <rating>Other - NR (Not Rated)</rating>
</game>
<game ROM="Kikansha Thomas ni Notte (Japan)">
  <title>Kikansha Thomas ni Notte</title>
  <year />
  <rating>Other - NR (Not Rated)</rating>
</game>
<game ROM="Kiki &amp; Rara - Hoshi no Kazu Asobi (Japan)">
  <title>Kiki &amp; Rara - Hoshi no Kazu Asobi</title>
  <year />
  <rating>Other - NR (Not Rated)</rating>
</game>
<game ROM="Kiteretsu Daihyakka - Edo ni Itte Kiteretsusai-sama ni Au Nari (Japan)">
  <title>Kiteretsu Daihyakka - Edo ni Itte Kiteretsusai-sama ni Au Nari</title>
  <year />
  <rating>Other - NR (Not Rated)</rating>
</game>
<game ROM="Koenig der Loewen, Der - Abenteuer (Germany)">
  <title>Koenig der Loewen, Der - Abenteuer</title>
  <year />
  <rating>Other - NR (Not Rated)</rating>
</game>
<game ROM="Kouchuu Ouja Mushiking - Atsumete Asobou Kouchuu Zukan (Japan)">
  <title>Kouchuu Ouja Mushiking - Atsumete Asobou Kouchuu Zukan</title>
  <year />
  <rating>Other - NR (Not Rated)</rating>
</game>
<game ROM="Kuma no Pooh-san - Christopher Robin wo Sagase! (Japan)">
  <title>Kuma no Pooh-san - Christopher Robin wo Sagase!</title>
  <year />
  <rating>Other - NR (Not Rated)</rating>
</game>
<game ROM="Kuma no Pooh-san - Tanoshii Tashizan - Hikizan (Japan)">
  <title>Kuma no Pooh-san - Tanoshii Tashizan - Hikizan</title>
  <year />
  <rating>Other - NR (Not Rated)</rating>
</game>
<game ROM="Lancio Di Topolino Nel Passato (Italy)">
  <title>Lancio Di Topolino Nel Passato</title>
  <year />
  <rating>Other - NR (Not Rated)</rating>
</game>
<game ROM="Lapices De Colores Magicos (Spain)">
  <title>Lapices De Colores Magicos</title>
  <year />
  <rating>Other - NR (Not Rated)</rating>
</game>
<game ROM="Las Adventuras del Rey Leon (Spain)">
  <title>Las Adventuras del Rey Leon</title>
  <year />
  <rating>Other - NR (Not Rated)</rating>
</game>
<game ROM="Lego - Fun to Build (Japan)">
  <title>Lego - Fun to Build</title>
  <year />
  <rating>Other - NR (Not Rated)</rating>
</game>
<game ROM="Les Aventures Du Roi Lion (France)">
  <title>Les Aventures Du Roi Lion</title>
  <year />
  <rating>Other - NR (Not Rated)</rating>
</game>
<game ROM="Licca-chan ni Naritai! (Japan)">
  <title>Licca-chan ni Naritai!</title>
  <year />
  <rating>Other - NR (Not Rated)</rating>
</game>
<game ROM="Lion King Adventures, The (Europe)">
  <title>Lion King Adventures, The</title>
  <year />
  <rating>Other - NR (Not Rated)</rating>
</game>
<game ROM="Lion King, The - Adventures at Pride Rock (Europe)">
  <title>Lion King, The - Adventures at Pride Rock</title>
  <year />
  <rating>Other - NR (Not Rated)</rating>
</game>
<game ROM="Lion King, The - Adventures at Pride Rock (USA)">
  <title>Lion King, The - Adventures at Pride Rock</title>
  <year />
  <rating>Other - NR (Not Rated)</rating>
</game>
<game ROM="Magic Crayons (Europe)">
  <title>Magic Crayons</title>
  <year />
  <rating>Other - NR (Not Rated)</rating>
</game>
<game ROM="Magic Crayons (USA)">
  <title>Magic Crayons</title>
  <year />
  <rating>Other - NR (Not Rated)</rating>
</game>
<game ROM="Magic School Bus, The (USA)">
  <title>Magic School Bus, The</title>
  <year />
  <rating>Other - NR (Not Rated)</rating>
</game>
<game ROM="Math Antics with Disney&apos;s 101 Dalmatians (USA)">
  <title>Math Antics with Disney&apos;s 101 Dalmatians</title>
  <year />
  <rating>Other - NR (Not Rated)</rating>
</game>
<game ROM="McDonald de Asobo! (Japan)">
  <title>McDonald de Asobo!</title>
  <year />
  <rating>Other - NR (Not Rated)</rating>
</game>
<game ROM="Melody Land (Japan) (Mixt Book Player - Copera)">
  <title>Melody Land</title>
  <year />
  <rating>Other - NR (Not Rated)</rating>
</game>
<game ROM="Mezase Pro Yakyuu (Japan)">
  <title>Mezase Pro Yakyuu</title>
  <year />
  <rating>Other - NR (Not Rated)</rating>
</game>
<game ROM="Mickey - Ausflug in die Vergangenheit (Germany)">
  <title>Mickey - Ausflug in die Vergangenheit</title>
  <year />
  <rating>Other - NR (Not Rated)</rating>
</game>
<game ROM="Mickey - Fait un Voyage Eclair Dans le Passe (France)">
  <title>Mickey - Fait un Voyage Eclair Dans le Passe</title>
  <year />
  <rating>Other - NR (Not Rated)</rating>
</game>
<game ROM="Mickey - Le Echa Un Vistazo Al Pasado (Spain)">
  <title>Mickey - Le Echa Un Vistazo Al Pasado</title>
  <year />
  <rating>Other - NR (Not Rated)</rating>
</game>
<game ROM="Mickey no Boku wa Meitantei (Japan)">
  <title>Mickey no Boku wa Meitantei</title>
  <year />
  <rating>Other - NR (Not Rated)</rating>
</game>
<game ROM="Mickey no Tokyo Disneyland Stamp Rally (Japan) (Rev 1)">
  <title>Mickey no Tokyo Disneyland Stamp Rally</title>
  <year />
  <rating>Other - NR (Not Rated)</rating>
</game>
<game ROM="Mickey no Yukai na Bouken (Japan) (Rev 1)">
  <title>Mickey no Yukai na Bouken</title>
  <year />
  <rating>Other - NR (Not Rated)</rating>
</game>
<game ROM="Mickey no Yukai na Bouken (Japan)">
  <title>Mickey no Yukai na Bouken</title>
  <year />
  <rating>Other - NR (Not Rated)</rating>
</game>
<game ROM="Mickey to Ooki na Furudokei (Japan) (Rev 2)">
  <title>Mickey to Ooki na Furudokei</title>
  <year />
  <rating>Other - NR (Not Rated)</rating>
</game>
<game ROM="Mickey to Utau Tori no Shima - Minnie wo Sagashite Wakuwaku Daibouken! (Japan)">
  <title>Mickey to Utau Tori no Shima - Minnie wo Sagashite Wakuwaku Daibouken!</title>
  <year />
  <rating>Other - NR (Not Rated)</rating>
</game>
<game ROM="Mickey&apos;s Blast into the Past (Europe)">
  <title>Mickey&apos;s Blast into the Past</title>
  <year />
  <rating>Other - NR (Not Rated)</rating>
</game>
<game ROM="Mickey&apos;s Blast into the Past (USA)">
  <title>Mickey&apos;s Blast into the Past</title>
  <year />
  <rating>Other - NR (Not Rated)</rating>
</game>
<game ROM="Mickys lustiges Abenteuer (Germany) (Proto)">
  <title>Mickys lustiges Abenteuer</title>
  <year />
  <rating>Other - NR (Not Rated)</rating>
</game>
<game ROM="Miimi to Taata no Waiwai o-Ekaki Doubutsuen (Japan)">
  <title>Miimi to Taata no Waiwai o-Ekaki Doubutsuen</title>
  <year />
  <rating>Other - NR (Not Rated)</rating>
</game>
<game ROM="Mike to Asobou Tobidase Milky Way (Japan) (Mixt Book Player - Copera)">
  <title>Mike to Asobou Tobidase Milky Way</title>
  <year />
  <rating>Other - NR (Not Rated)</rating>
</game>
<game ROM="MiniMoni. Eigo de Asobundapyon! (Japan)">
  <title>MiniMoni. Eigo de Asobundapyon!</title>
  <year />
  <rating>Other - NR (Not Rated)</rating>
</game>
<game ROM="MiniMoni. MiniMoni. TV ni Derundapyon! (Japan)">
  <title>MiniMoni. MiniMoni. TV ni Derundapyon!</title>
  <year />
  <rating>Other - NR (Not Rated)</rating>
</game>
<game ROM="Minna de Karaoke! Issho ni Utaou Suki na Uta! (Japan)">
  <title>Minna de Karaoke! Issho ni Utaou Suki na Uta!</title>
  <year />
  <rating>Other - NR (Not Rated)</rating>
</game>
<game ROM="Minna de O-ryouri O-saihou (Japan)">
  <title>Minna de O-ryouri O-saihou</title>
  <year />
  <rating>Other - NR (Not Rated)</rating>
</game>
<game ROM="Moshimoshi Pico Set with Dare ga Deru kana Moshimoshi Pico de TV to o-Shaberi! (Japan)">
  <title>Moshimoshi Pico Set with Dare ga Deru kana Moshimoshi Pico de TV to o-Shaberi!</title>
  <year />
  <rating>Other - NR (Not Rated)</rating>
</game>
<game ROM="Mo~tto! Ojamajo Doremi (Japan)">
  <title>Mo~tto! Ojamajo Doremi</title>
  <year />
  <rating>Other - NR (Not Rated)</rating>
</game>
<game ROM="Muppets, The - On the Go! (USA)">
  <title>Muppets, The - On the Go!</title>
  <year />
  <rating>Other - NR (Not Rated)</rating>
</game>
<game ROM="NHK o-Kaasan to Issho Do Re Mi Fa Do~nuts! Asobi Ippai Uta Ippai! (Japan)">
  <title>NHK o-Kaasan to Issho Do Re Mi Fa Do~nuts! Asobi Ippai Uta Ippai!</title>
  <year />
  <rating>Other - NR (Not Rated)</rating>
</game>
<game ROM="NHK o-Kaasan to Issho Do Re Mi Fa Do~nuts! o-Ekaki Daaisuki! Omoshiro o-Ekaki Daishuugou! (Japan)">
  <title>NHK o-Kaasan to Issho Do Re Mi Fa Do~nuts! o-Ekaki Daaisuki! Omoshiro o-Ekaki Daishuugou!</title>
  <year />
  <rating>Other - NR (Not Rated)</rating>
</game>
<game ROM="Ninja Sentai Hurricanger &amp; Hyakujuu Sentai Gaoranger Chou Sentai Super Battle (Japan)">
  <title>Ninja Sentai Hurricanger &amp; Hyakujuu Sentai Gaoranger Chou Sentai Super Battle</title>
  <year />
  <rating>Other - NR (Not Rated)</rating>
</game>
<game ROM="Ninpuu Sentai Hurricaneger &amp; Hyakujuu Sentai Gaoranger Chou Sentai Super Battle (Japan)">
  <title>Ninpuu Sentai Hurricaneger &amp; Hyakujuu Sentai Gaoranger Chou Sentai Super Battle</title>
  <year />
  <rating>Other - NR (Not Rated)</rating>
</game>
<game ROM="No-Intro_-_Sega_-_PICO__20120605-135225_">
  <title>No-Intro_-_Sega_-_PICO__20120605-135225_</title>
  <year />
  <rating>Other - NR (Not Rated)</rating>
</game>
<game ROM="Norimono Studio Go Go! Noristar Asobi Macho! (Japan)">
  <title>Norimono Studio Go Go! Noristar Asobi Macho!</title>
  <year />
  <rating>Other - NR (Not Rated)</rating>
</game>
<game ROM="Nurie Daisuki! Dumbo no Waku Waku Circus! (Japan)">
  <title>Nurie Daisuki! Dumbo no Waku Waku Circus!</title>
  <year />
  <rating>Other - NR (Not Rated)</rating>
</game>
<game ROM="O Rei Leao - As Aventuras De Simba (Brazil)">
  <title>O Rei Leao - As Aventuras De Simba</title>
  <year />
  <rating>Other - NR (Not Rated)</rating>
</game>
<game ROM="Ojamajo Doremi (Japan)">
  <title>Ojamajo Doremi</title>
  <year />
  <rating>Other - NR (Not Rated)</rating>
</game>
<game ROM="Ojarumaru (Japan)">
  <title>Ojarumaru</title>
  <year />
  <rating>Other - NR (Not Rated)</rating>
</game>
<game ROM="Ongaku Daisuki Snoopy (Japan)">
  <title>Ongaku Daisuki Snoopy</title>
  <year />
  <rating>Other - NR (Not Rated)</rating>
</game>
<game ROM="Oshare Pico - Suteki ni Henshin! Runa-chan no Oshare Hair Salon (Japan)">
  <title>Oshare Pico - Suteki ni Henshin! Runa-chan no Oshare Hair Salon</title>
  <year />
  <rating>Other - NR (Not Rated)</rating>
</game>
<game ROM="Otto Katachitchi (Japan) (Mixt Book Player - Copera)">
  <title>Otto Katachitchi</title>
  <year />
  <rating>Other - NR (Not Rated)</rating>
</game>
<game ROM="Outa no Canvas (Japan) (Mixt Book Player - Copera)">
  <title>Outa no Canvas</title>
  <year />
  <rating>Other - NR (Not Rated)</rating>
</game>
<game ROM="Paddington no Sekai Ryokou (Japan)">
  <title>Paddington no Sekai Ryokou</title>
  <year />
  <rating>Other - NR (Not Rated)</rating>
</game>
<game ROM="Pekora no Daibouken Maboroshi no Ice Cream o Sagase! (Japan)">
  <title>Pekora no Daibouken Maboroshi no Ice Cream o Sagase!</title>
  <year />
  <rating>Other - NR (Not Rated)</rating>
</game>
<game ROM="Pepe&apos;s Puzzles (USA)">
  <title>Pepe&apos;s Puzzles</title>
  <year />
  <rating>Other - NR (Not Rated)</rating>
</game>
<game ROM="Pet to Issho ni Tanoshiku Asobo - PC Pico (Japan)">
  <title>Pet to Issho ni Tanoshiku Asobo - PC Pico</title>
  <year />
  <rating>Other - NR (Not Rated)</rating>
</game>
<game ROM="Peter Pan - Neverland e Ikou! (Japan)">
  <title>Peter Pan - Neverland e Ikou!</title>
  <year />
  <rating>Other - NR (Not Rated)</rating>
</game>
<game ROM="Pico Soccer - Mezase Soccer Senshu (Japan)">
  <title>Pico Soccer - Mezase Soccer Senshu</title>
  <year />
  <rating>Other - NR (Not Rated)</rating>
</game>
<game ROM="Plarail Pico - Plarail de Asobou! (Japan)">
  <title>Plarail Pico - Plarail de Asobou!</title>
  <year />
  <rating>Other - NR (Not Rated)</rating>
</game>
<game ROM="Pocahontas (Brazil)">
  <title>Pocahontas</title>
  <year />
  <rating>Other - NR (Not Rated)</rating>
</game>
<game ROM="Pocahontas (Europe)">
  <title>Pocahontas</title>
  <year />
  <rating>Other - NR (Not Rated)</rating>
</game>
<game ROM="Pocahontas - Riverbend Adventures (USA)">
  <title>Pocahontas - Riverbend Adventures</title>
  <year />
  <rating>Other - NR (Not Rated)</rating>
</game>
<game ROM="Pocket Monsters Advance Generation - Minna de Pico - Pokemon Waiwai Battle! (Japan)">
  <title>Pocket Monsters Advance Generation - Minna de Pico - Pokemon Waiwai Battle!</title>
  <year />
  <rating>Other - NR (Not Rated)</rating>
</game>
<game ROM="Pocket Monsters Advance Generation Hiragana! Katakana! Kakechatta! (Japan)">
  <title>Pocket Monsters Advance Generation Hiragana! Katakana! Kakechatta!</title>
  <year />
  <rating>Other - NR (Not Rated)</rating>
</game>
<game ROM="Pocket Monsters Suuji o Tsukamaeyou! (Japan)">
  <title>Pocket Monsters Suuji o Tsukamaeyou!</title>
  <year />
  <rating>Other - NR (Not Rated)</rating>
</game>
<game ROM="Pooh-san no Hajimete no Eigo (Japan) (Rev 0)">
  <title>Pooh-san no Hajimete no Eigo</title>
  <year />
  <rating>Other - NR (Not Rated)</rating>
</game>
<game ROM="Pooh-san no Hajimete no Eigo (Japan) (Rev 1)">
  <title>Pooh-san no Hajimete no Eigo</title>
  <year />
  <rating>Other - NR (Not Rated)</rating>
</game>
<game ROM="Pooh-san no Hajimete no Eigo (Japan)">
  <title>Pooh-san no Hajimete no Eigo</title>
  <year />
  <rating>Other - NR (Not Rated)</rating>
</game>
<game ROM="Pooh-san no Ichinichi (Japan) (Rev 0)">
  <title>Pooh-san no Ichinichi</title>
  <year />
  <rating>Other - NR (Not Rated)</rating>
</game>
<game ROM="Pooh-san no Ichinichi (Japan) (Rev 1)">
  <title>Pooh-san no Ichinichi</title>
  <year />
  <rating>Other - NR (Not Rated)</rating>
</game>
<game ROM="Pooh-san no Ichinichi (Japan)">
  <title>Pooh-san no Ichinichi</title>
  <year />
  <rating>Other - NR (Not Rated)</rating>
</game>
<game ROM="Professeur Pico et la Machine a Couleurs (France)">
  <title>Professeur Pico et la Machine a Couleurs</title>
  <year />
  <rating>Other - NR (Not Rated)</rating>
</game>
<game ROM="Professor Pico e l&apos;Enigma della Scatola di Pastelli, Il (Italy)">
  <title>Professor Pico e l&apos;Enigma della Scatola di Pastelli, Il</title>
  <year />
  <rating>Other - NR (Not Rated)</rating>
</game>
<game ROM="Professor Pico und das Malkasten Puzzle (Germany)">
  <title>Professor Pico und das Malkasten Puzzle</title>
  <year />
  <rating>Other - NR (Not Rated)</rating>
</game>
<game ROM="Puff E As Quatro Estacoes (Brazil)">
  <title>Puff E As Quatro Estacoes</title>
  <year />
  <rating>Other - NR (Not Rated)</rating>
</game>
<game ROM="Quiz ni Challenge! Doraemon (Japan)">
  <title>Quiz ni Challenge! Doraemon</title>
  <year />
  <rating>Other - NR (Not Rated)</rating>
</game>
<game ROM="Race ni Deyou yo! Ken-chan to Pepe Boku no Kuruma de Daibouken (Japan)">
  <title>Race ni Deyou yo! Ken-chan to Pepe Boku no Kuruma de Daibouken</title>
  <year />
  <rating>Other - NR (Not Rated)</rating>
</game>
<game ROM="Rhythm Pico Pippi-chan to Rhythm Asobi (Japan)">
  <title>Rhythm Pico Pippi-chan to Rhythm Asobi</title>
  <year />
  <rating>Other - NR (Not Rated)</rating>
</game>
<game ROM="Richard Scarry&apos;s - Huckle and Lowly&apos;s Busiest Day Ever (Europe)">
  <title>Richard Scarry&apos;s - Huckle and Lowly&apos;s Busiest Day Ever</title>
  <year />
  <rating>Other - NR (Not Rated)</rating>
</game>
<game ROM="Richard Scarry&apos;s El Dia Mas Ajetreado de las Vidas de Felipe y Gusy (Spain)">
  <title>Richard Scarry&apos;s El Dia Mas Ajetreado de las Vidas de Felipe y Gusy</title>
  <year />
  <rating>Other - NR (Not Rated)</rating>
</game>
<game ROM="Richard Scarry&apos;s Huckle and Lowly&apos;s Busiest Day Ever (USA)">
  <title>Richard Scarry&apos;s Huckle and Lowly&apos;s Busiest Day Ever</title>
  <year />
  <rating>Other - NR (Not Rated)</rating>
</game>
<game ROM="Richard Scarry&apos;s La Giornata Indaffaratissima di Sandrino e Zigo-Zago (Italy)">
  <title>Richard Scarry&apos;s La Giornata Indaffaratissima di Sandrino e Zigo-Zago</title>
  <year />
  <rating>Other - NR (Not Rated)</rating>
</game>
<game ROM="Richard Scarry&apos;s Une Journee Bien Remplie pour Cassis et Asticot (France)">
  <title>Richard Scarry&apos;s Une Journee Bien Remplie pour Cassis et Asticot</title>
  <year />
  <rating>Other - NR (Not Rated)</rating>
</game>
<game ROM="Richard Scarry&apos;s Viel zu tun fuer Huckleberry und Egon (Germany)">
  <title>Richard Scarry&apos;s Viel zu tun fuer Huckleberry und Egon</title>
  <year />
  <rating>Other - NR (Not Rated)</rating>
</game>
<game ROM="Sanou Kaihatsu Series 1 - Zukei Ninshiki (Japan) (Rev 1)">
  <title>Sanou Kaihatsu Series 1 - Zukei Ninshiki</title>
  <year />
  <rating>Other - NR (Not Rated)</rating>
</game>
<game ROM="Sanou Kaihatsu Series 3 - Hikaku, Bunrui (Japan)">
  <title>Sanou Kaihatsu Series 3 - Hikaku, Bunrui</title>
  <year />
  <rating>Other - NR (Not Rated)</rating>
</game>
<game ROM="Sanou Kaihatsu Series 4 - Suiri - Kousei (Japan) (Rev 1)">
  <title>Sanou Kaihatsu Series 4 - Suiri - Kousei</title>
  <year />
  <rating>Other - NR (Not Rated)</rating>
</game>
<game ROM="Sanou Kaihatsu Series 6 - Ouyou Mondai (Japan)">
  <title>Sanou Kaihatsu Series 6 - Ouyou Mondai</title>
  <year />
  <rating>Other - NR (Not Rated)</rating>
</game>
<game ROM="Sansuu - Eigo de Mojars ni Chousen - Image Training for the Right Side of the Brain (Japan)">
  <title>Sansuu - Eigo de Mojars ni Chousen - Image Training for the Right Side of the Brain</title>
  <year />
  <rating>Other - NR (Not Rated)</rating>
</game>
<game ROM="Sekai Meisaku Gekijou (Japan)">
  <title>Sekai Meisaku Gekijou</title>
  <year />
  <rating>Other - NR (Not Rated)</rating>
</game>
<game ROM="Sesame Street - Alphabet Avenue (USA)">
  <title>Sesame Street - Alphabet Avenue</title>
  <year />
  <rating>Other - NR (Not Rated)</rating>
</game>
<game ROM="Shichida Makoto Kanshuu - Unou Image Training - Hiragana, Katakana - Casino de Moja-Vegas Dream! (Japan)">
  <title>Shichida Makoto Kanshuu - Unou Image Training - Hiragana, Katakana - Casino de Moja-Vegas Dream!</title>
  <year />
  <rating>Other - NR (Not Rated)</rating>
</game>
<game ROM="Shima Shima Tora no Shimajirou - Tanoshii Ichinichi (Japan)">
  <title>Shima Shima Tora no Shimajirou - Tanoshii Ichinichi</title>
  <year />
  <rating>Other - NR (Not Rated)</rating>
</game>
<game ROM="Shimajiro to Yume no Kuni e Daibouken! (Japan)">
  <title>Shimajiro to Yume no Kuni e Daibouken!</title>
  <year />
  <rating>Other - NR (Not Rated)</rating>
</game>
<game ROM="Smart Alex and Smart Alice - Curious Kids (USA)">
  <title>Smart Alex and Smart Alice - Curious Kids</title>
  <year />
  <rating>Other - NR (Not Rated)</rating>
</game>
<game ROM="Snoopy no Gakugeikai (Japan)">
  <title>Snoopy no Gakugeikai</title>
  <year />
  <rating>Other - NR (Not Rated)</rating>
</game>
<game ROM="Sodatete Manabu Doubutsu Oukoku! (Japan)">
  <title>Sodatete Manabu Doubutsu Oukoku!</title>
  <year />
  <rating>Other - NR (Not Rated)</rating>
</game>
<game ROM="Sonic The Hedgehog&apos;s Gameworld (Japan)">
  <title>Sonic The Hedgehog&apos;s Gameworld</title>
  <year />
  <rating>Other - NR (Not Rated)</rating>
</game>
<game ROM="Sonic The Hedgehog&apos;s Gameworld (USA)">
  <title>Sonic The Hedgehog&apos;s Gameworld</title>
  <year />
  <rating>Other - NR (Not Rated)</rating>
</game>
<game ROM="Soreike! Anpanman - Anpanman to Denwa de Asobou! (Japan)">
  <title>Soreike! Anpanman - Anpanman to Denwa de Asobou!</title>
  <year />
  <rating>Other - NR (Not Rated)</rating>
</game>
<game ROM="Soreike! Anpanman - Anpanman to Kotoba Asobi (Japan)">
  <title>Soreike! Anpanman - Anpanman to Kotoba Asobi</title>
  <year />
  <rating>Other - NR (Not Rated)</rating>
</game>
<game ROM="Soreike! Anpanman - Anpanman to Tanoshii Drive! (Japan)">
  <title>Soreike! Anpanman - Anpanman to Tanoshii Drive!</title>
  <year />
  <rating>Other - NR (Not Rated)</rating>
</game>
<game ROM="Soreike! Anpanman Eigo to Nakayoshi 2 Tanoshii Carnival (Japan)">
  <title>Soreike! Anpanman Eigo to Nakayoshi 2 Tanoshii Carnival</title>
  <year />
  <rating>Other - NR (Not Rated)</rating>
</game>
<game ROM="Soreike! Anpanman no Game de Asobou Anpanman (Japan)">
  <title>Soreike! Anpanman no Game de Asobou Anpanman</title>
  <year />
  <rating>Other - NR (Not Rated)</rating>
</game>
<game ROM="Soreike! Anpanman no Medalympic World (Japan)">
  <title>Soreike! Anpanman no Medalympic World</title>
  <year />
  <rating>Other - NR (Not Rated)</rating>
</game>
<game ROM="Soreike! Anpanman no Medalympic World 2 (Japan)">
  <title>Soreike! Anpanman no Medalympic World 2</title>
  <year />
  <rating>Other - NR (Not Rated)</rating>
</game>
<game ROM="Soreike! Anpanman no Ohanashi Daisuki Anpanman (Japan)">
  <title>Soreike! Anpanman no Ohanashi Daisuki Anpanman</title>
  <year />
  <rating>Other - NR (Not Rated)</rating>
</game>
<game ROM="Sylvanian Families Mori no Nakama to Tanoshii o-Tanjoubikai (Japan)">
  <title>Sylvanian Families Mori no Nakama to Tanoshii o-Tanjoubikai</title>
  <year />
  <rating>Other - NR (Not Rated)</rating>
</game>
<game ROM="Tails And The Music Maker (Europe)">
  <title>Tails And The Music Maker</title>
  <year />
  <rating>Other - NR (Not Rated)</rating>
</game>
<game ROM="Tails and the Music Maker (USA)">
  <title>Tails and the Music Maker</title>
  <year />
  <rating>Other - NR (Not Rated)</rating>
</game>
<game ROM="Tails et le Faiseur de Musique (France)">
  <title>Tails et le Faiseur de Musique</title>
  <year />
  <rating>Other - NR (Not Rated)</rating>
</game>
<game ROM="Tails und der Musikant (Germany)">
  <title>Tails und der Musikant</title>
  <year />
  <rating>Other - NR (Not Rated)</rating>
</game>
<game ROM="Tails y el Musico (Spain)">
  <title>Tails y el Musico</title>
  <year />
  <rating>Other - NR (Not Rated)</rating>
</game>
<game ROM="Tanoshiku Asonde Nouryoku Up!! - Tanoshii Youchien (Japan)">
  <title>Tanoshiku Asonde Nouryoku Up!! - Tanoshii Youchien</title>
  <year />
  <rating>Other - NR (Not Rated)</rating>
</game>
<game ROM="Tanoshiku Asonde Nouryoku Up!! Tanoshii Youchien &apos;95-nendoban (Japan)">
  <title>Tanoshiku Asonde Nouryoku Up!! Tanoshii Youchien &apos;95-nendoban</title>
  <year />
  <rating>Other - NR (Not Rated)</rating>
</game>
<game ROM="Tokyo Disneyland Toon Town Mickey no Boku wa Untenshu (Japan)">
  <title>Tokyo Disneyland Toon Town Mickey no Boku wa Untenshu</title>
  <year />
  <rating>Other - NR (Not Rated)</rating>
</game>
<game ROM="Tokyo DisneySea - Mickey to Asobou! (Japan)">
  <title>Tokyo DisneySea - Mickey to Asobou!</title>
  <year />
  <rating>Other - NR (Not Rated)</rating>
</game>
<game ROM="Tomica Pico - Bokura no Machi Tomica Town de Asobou! (Japan)">
  <title>Tomica Pico - Bokura no Machi Tomica Town de Asobou!</title>
  <year />
  <rating>Other - NR (Not Rated)</rating>
</game>
<game ROM="Tottoko Hamtarou - Oekaki Ippai! Ham-chans! (Japan)">
  <title>Tottoko Hamtarou - Oekaki Ippai! Ham-chans!</title>
  <year />
  <rating>Other - NR (Not Rated)</rating>
</game>
<game ROM="Tottoko Hamtarou Haru Natsu Aki Fuyu Tottoko Nakayoshi! Ham-chans! (Japan)">
  <title>Tottoko Hamtarou Haru Natsu Aki Fuyu Tottoko Nakayoshi! Ham-chans!</title>
  <year />
  <rating>Other - NR (Not Rated)</rating>
</game>
<game ROM="Toy Story 2 - Woody Sousaku Daisakusen! (Japan)">
  <title>Toy Story 2 - Woody Sousaku Daisakusen!</title>
  <year />
  <rating>Other - NR (Not Rated)</rating>
</game>
<game ROM="Ultra Hero (Japan)">
  <title>Ultra Hero</title>
  <year />
  <rating>Other - NR (Not Rated)</rating>
</game>
<game ROM="Ultraman Dyna D (Japan)">
  <title>Ultraman Dyna D</title>
  <year />
  <rating>Other - NR (Not Rated)</rating>
</game>
<game ROM="Ultraman Kids - Tobidase! Space Picnic (Japan)">
  <title>Ultraman Kids - Tobidase! Space Picnic</title>
  <year />
  <rating>Other - NR (Not Rated)</rating>
</game>
<game ROM="Ultraman Tiga (Japan)">
  <title>Ultraman Tiga</title>
  <year />
  <rating>Other - NR (Not Rated)</rating>
</game>
<game ROM="Ultraman vs. Kaijuu Gundan (Japan)">
  <title>Ultraman vs. Kaijuu Gundan</title>
  <year />
  <rating>Other - NR (Not Rated)</rating>
</game>
<game ROM="Un Ano En La Esquina De Pooh (Spain)">
  <title>Un Ano En La Esquina De Pooh</title>
  <year />
  <rating>Other - NR (Not Rated)</rating>
</game>
<game ROM="Un Dia en la Escuela con los Ositos Berenstain (Spain)">
  <title>Un Dia en la Escuela con los Ositos Berenstain</title>
  <year />
  <rating>Other - NR (Not Rated)</rating>
</game>
<game ROM="Une Annee en Compagnie de Winnie l&apos;Ourson (France)">
  <title>Une Annee en Compagnie de Winnie l&apos;Ourson</title>
  <year />
  <rating>Other - NR (Not Rated)</rating>
</game>
<game ROM="Unou Kaihatsu Series 1 - Richard Scarry&apos;s Huckle to Lowly (Japan)">
  <title>Unou Kaihatsu Series 1 - Richard Scarry&apos;s Huckle to Lowly</title>
  <year />
  <rating>Other - NR (Not Rated)</rating>
</game>
<game ROM="Unou Kaihatsu Series 2 - ECCO Jr. and the Great Ocean Treasure Hunt! (Japan)">
  <title>Unou Kaihatsu Series 2 - ECCO Jr. and the Great Ocean Treasure Hunt!</title>
  <year />
  <rating>Other - NR (Not Rated)</rating>
</game>
<game ROM="Unou Kaihatsu Series 3 - Hello Kitty no Machi e Odekake (Japan)">
  <title>Unou Kaihatsu Series 3 - Hello Kitty no Machi e Odekake</title>
  <year />
  <rating>Other - NR (Not Rated)</rating>
</game>
<game ROM="Unou Kaihatsu Series 4 - Kerokero Keroppi no Iro Katachi (Japan)">
  <title>Unou Kaihatsu Series 4 - Kerokero Keroppi no Iro Katachi</title>
  <year />
  <rating>Other - NR (Not Rated)</rating>
</game>
<game ROM="Unou Kaihatsu Series 6 - Ahiru no Pekkle no Kazoetemiyou (Japan)">
  <title>Unou Kaihatsu Series 6 - Ahiru no Pekkle no Kazoetemiyou</title>
  <year />
  <rating>Other - NR (Not Rated)</rating>
</game>
<game ROM="Unou Kaihatsu Series 7 - Tails and the Music Maker (Japan)">
  <title>Unou Kaihatsu Series 7 - Tails and the Music Maker</title>
  <year />
  <rating>Other - NR (Not Rated)</rating>
</game>
<game ROM="Unou Kaihatsu Series 8 - Dolucky no o-Ekaki House (Japan)">
  <title>Unou Kaihatsu Series 8 - Dolucky no o-Ekaki House</title>
  <year />
  <rating>Other - NR (Not Rated)</rating>
</game>
<game ROM="Unou Kaihatsu Series 9 - Nihon Mukashibanashi (Japan)">
  <title>Unou Kaihatsu Series 9 - Nihon Mukashibanashi</title>
  <year />
  <rating>Other - NR (Not Rated)</rating>
</game>
<game ROM="Yobeba Kotaeru Doraemon - Nobita to Himitsu Dougu o Mitsukeyou! (Japan)">
  <title>Yobeba Kotaeru Doraemon - Nobita to Himitsu Dougu o Mitsukeyou!</title>
  <year />
  <rating>Other - NR (Not Rated)</rating>
</game>
<game ROM="Yukai na Mori no Packet (Japan)">
  <title>Yukai na Mori no Packet</title>
  <year />
  <rating>Other - NR (Not Rated)</rating>
</game>
<game ROM="Zauberbuntstifte (Germany)">
  <title>Zauberbuntstifte</title>
  <year />
  <rating>Other - NR (Not Rated)</rating>
</game>
</menu>
