<?xml version="1.0" encoding="utf-8" standalone="yes"?>
<menu>
<header>
  <listname>Watara Supervision</listname>
  <lastlistupdate></lastlistupdate>
  <listversion>V1</listversion>
  <exporterversion>V1 GameDBInfo converter</exporterversion>
</header>
<game ROM="2 in 1 - Hash Blocks + Eagle Plan (USA, Europe)">
  <title>2 in 1 - Hash Blocks + Eagle Plan</title>
  <year />
  <rating>Other - NR (Not Rated)</rating>
</game>
<game ROM="Alien (USA, Europe)">
  <title>Alien</title>
  <year />
  <rating>Other - NR (Not Rated)</rating>
</game>
<game ROM="Balloon Fight (USA, Europe)">
  <title>Balloon Fight</title>
  <year />
  <rating>Other - NR (Not Rated)</rating>
</game>
<game ROM="Block Buster (USA, Europe)">
  <title>Block Buster</title>
  <year />
  <rating>Other - NR (Not Rated)</rating>
</game>
<game ROM="Brain Power (USA, Europe)">
  <title>Brain Power</title>
  <year />
  <rating>Other - NR (Not Rated)</rating>
</game>
<game ROM="Carrier (USA, Europe)">
  <title>Carrier</title>
  <year />
  <rating>Other - NR (Not Rated)</rating>
</game>
<game ROM="Cave Wonders (USA, Europe)">
  <title>Cave Wonders</title>
  <year />
  <rating>Other - NR (Not Rated)</rating>
</game>
<game ROM="Challenger Tank (USA, Europe)">
  <title>Challenger Tank</title>
  <year />
  <rating>Other - NR (Not Rated)</rating>
</game>
<game ROM="Chimera (USA, Europe)">
  <title>Chimera</title>
  <year />
  <rating>Other - NR (Not Rated)</rating>
</game>
<game ROM="Crystball (USA, Europe)">
  <title>Crystball</title>
  <year />
  <rating>Other - NR (Not Rated)</rating>
</game>
<game ROM="Delta Hero (USA, Europe)">
  <title>Delta Hero</title>
  <year />
  <rating>Other - NR (Not Rated)</rating>
</game>
<game ROM="Eagle Plan (USA, Europe)">
  <title>Eagle Plan</title>
  <year />
  <rating>Other - NR (Not Rated)</rating>
</game>
<game ROM="Earth Defender (USA, Europe)">
  <title>Earth Defender</title>
  <year />
  <rating>Other - NR (Not Rated)</rating>
</game>
<game ROM="Fatal Craft (USA, Europe)">
  <title>Fatal Craft</title>
  <year />
  <rating>Other - NR (Not Rated)</rating>
</game>
<game ROM="Final Combat (USA, Europe)">
  <title>Final Combat</title>
  <year />
  <rating>Other - NR (Not Rated)</rating>
</game>
<game ROM="Galactic Crusader (USA, Europe)">
  <title>Galactic Crusader</title>
  <year />
  <rating>Other - NR (Not Rated)</rating>
</game>
<game ROM="Galaxy Fighter (USA, Europe)">
  <title>Galaxy Fighter</title>
  <year />
  <rating>Other - NR (Not Rated)</rating>
</game>
<game ROM="Grand Prix (USA, Europe)">
  <title>Grand Prix</title>
  <year />
  <rating>Other - NR (Not Rated)</rating>
</game>
<game ROM="Happy Pairs (USA, Europe)">
  <title>Happy Pairs</title>
  <year />
  <rating>Other - NR (Not Rated)</rating>
</game>
<game ROM="Hash Blocks (USA, Europe)">
  <title>Hash Blocks</title>
  <year />
  <rating>Other - NR (Not Rated)</rating>
</game>
<game ROM="Hero Kid (USA, Europe)">
  <title>Hero Kid</title>
  <year />
  <rating>Other - NR (Not Rated)</rating>
</game>
<game ROM="Honey Bee (USA, Europe)">
  <title>Honey Bee</title>
  <year />
  <rating>Other - NR (Not Rated)</rating>
</game>
<game ROM="Jacky Lucky (USA, Europe)">
  <title>Jacky Lucky</title>
  <year />
  <rating>Other - NR (Not Rated)</rating>
</game>
<game ROM="Jaguar Bomber (USA, Europe)">
  <title>Jaguar Bomber</title>
  <year />
  <rating>Other - NR (Not Rated)</rating>
</game>
<game ROM="John Adventure (USA, Europe)">
  <title>John Adventure</title>
  <year />
  <rating>Other - NR (Not Rated)</rating>
</game>
<game ROM="Juggler (USA, Europe)">
  <title>Juggler</title>
  <year />
  <rating>Other - NR (Not Rated)</rating>
</game>
<game ROM="Kabi Island - Gold in Island (USA, Europe)">
  <title>Kabi Island - Gold in Island</title>
  <year />
  <rating>Other - NR (Not Rated)</rating>
</game>
<game ROM="Linear Racing (USA, Europe)">
  <title>Linear Racing</title>
  <year />
  <rating>Other - NR (Not Rated)</rating>
</game>
<game ROM="Magincross (USA, Europe)">
  <title>Magincross</title>
  <year />
  <rating>Other - NR (Not Rated)</rating>
</game>
<game ROM="Matta Blatta (USA, Europe)">
  <title>Matta Blatta</title>
  <year />
  <rating>Other - NR (Not Rated)</rating>
</game>
<game ROM="Olympic Trials (USA, Europe)">
  <title>Olympic Trials</title>
  <year />
  <rating>Other - NR (Not Rated)</rating>
</game>
<game ROM="P-52 Sea Battle (USA, Europe)">
  <title>P-52 Sea Battle</title>
  <year />
  <rating>Other - NR (Not Rated)</rating>
</game>
<game ROM="PacBoy &amp; Mouse (USA, Europe)">
  <title>PacBoy &amp; Mouse</title>
  <year />
  <rating>Other - NR (Not Rated)</rating>
</game>
<game ROM="Penguin Hideout (USA, Europe)">
  <title>Penguin Hideout</title>
  <year />
  <rating>Other - NR (Not Rated)</rating>
</game>
<game ROM="Police Bust (USA, Europe)">
  <title>Police Bust</title>
  <year />
  <rating>Other - NR (Not Rated)</rating>
</game>
<game ROM="Pyramid (USA, Europe)">
  <title>Pyramid</title>
  <year />
  <rating>Other - NR (Not Rated)</rating>
</game>
<game ROM="Soccer Champion (USA, Europe)">
  <title>Soccer Champion</title>
  <year />
  <rating>Other - NR (Not Rated)</rating>
</game>
<game ROM="SSSnake (USA, Europe)">
  <title>SSSnake</title>
  <year />
  <rating>Other - NR (Not Rated)</rating>
</game>
<game ROM="Super Block (USA, Europe)">
  <title>Super Block</title>
  <year />
  <rating>Other - NR (Not Rated)</rating>
</game>
<game ROM="Super Kong (USA, Europe)">
  <title>Super Kong</title>
  <year />
  <rating>Other - NR (Not Rated)</rating>
</game>
<game ROM="Tasac 2010 (USA, Europe)">
  <title>Tasac 2010</title>
  <year />
  <rating>Other - NR (Not Rated)</rating>
</game>
<game ROM="Tennis Pro &apos;92 (USA, Europe)">
  <title>Tennis Pro &apos;92</title>
  <year />
  <rating>Other - NR (Not Rated)</rating>
</game>
<game ROM="Treasure Hunter (USA, Europe)">
  <title>Treasure Hunter</title>
  <year />
  <rating>Other - NR (Not Rated)</rating>
</game>
</menu>
