<?xml version="1.0" encoding="utf-8" standalone="yes"?>
<menu>
<header>
  <listname>Microsoft MSX 2</listname>
  <lastlistupdate></lastlistupdate>
  <listversion>test</listversion>
  <exporterversion></exporterversion>
</header>
<game name="1942 (Japan)">
  <description>1942 (Japan)</description>
  <year>1986</year>
  <rating>Other - NR (Not Rated)</rating>
  <manufacturer>ASCII</manufacturer>
  <dev></dev>
  <genre>Shoot-&apos;Em-Up</genre>
  <score></score>
  <player></player>
  <story></story>
  <enabled>Yes</enabled>
  <crc></crc>
  <cloneof></cloneof>
</game>
<game name="AcroJet (Japan)">
  <description>AcroJet (Japan)</description>
  <year>1988</year>
  <rating>Other - NR (Not Rated)</rating>
  <manufacturer>SystemSoft</manufacturer>
  <dev></dev>
  <genre>Simulation</genre>
  <score></score>
  <player></player>
  <story></story>
  <enabled>Yes</enabled>
  <crc></crc>
  <cloneof></cloneof>
</game>
<game name="Aleste (Japan)">
  <description>Aleste (Japan)</description>
  <year>1988</year>
  <rating>Other - NR (Not Rated)</rating>
  <manufacturer>Compile</manufacturer>
  <dev></dev>
  <genre>Shoot-&apos;Em-Up</genre>
  <score></score>
  <player></player>
  <story></story>
  <enabled>Yes</enabled>
  <crc></crc>
  <cloneof></cloneof>
</game>
<game name="Alges no Yoku (Japan)">
  <description>Alges no Yoku (Japan)</description>
  <year>1986</year>
  <rating>Other - NR (Not Rated)</rating>
  <manufacturer>Kogado</manufacturer>
  <dev></dev>
  <genre>Role-Playing</genre>
  <score></score>
  <player></player>
  <story></story>
  <enabled>Yes</enabled>
  <crc></crc>
  <cloneof></cloneof>
</game>
<game name="American Soccer (Japan)">
  <description>American Soccer (Japan)</description>
  <year>1988</year>
  <rating>Other - NR (Not Rated)</rating>
  <manufacturer>Nidecom Soft</manufacturer>
  <dev></dev>
  <genre>Sports</genre>
  <score></score>
  <player></player>
  <story></story>
  <enabled>Yes</enabled>
  <crc></crc>
  <cloneof></cloneof>
</game>
<game name="Aoki Ookami to Shiroki Mejika - Genchou Hishi (Japan)">
  <description>Aoki Ookami to Shiroki Mejika - Genchou Hishi (Japan)</description>
  <year>1992</year>
  <rating>Other - NR (Not Rated)</rating>
  <manufacturer>Koei</manufacturer>
  <dev></dev>
  <genre>Strategy</genre>
  <score></score>
  <player></player>
  <story></story>
  <enabled>Yes</enabled>
  <crc></crc>
  <cloneof></cloneof>
</game>
<game name="Aoki Ookami to Shiroki Mejika - Genghis Khan (Japan)">
  <description>Aoki Ookami to Shiroki Mejika - Genghis Khan (Japan)</description>
  <year>1991</year>
  <rating>Other - NR (Not Rated)</rating>
  <manufacturer>Koei</manufacturer>
  <dev></dev>
  <genre>Strategy</genre>
  <score></score>
  <player></player>
  <story></story>
  <enabled>Yes</enabled>
  <crc></crc>
  <cloneof></cloneof>
</game>
<game name="Arctic - Active Rail Playing (Japan)">
  <description>Arctic - Active Rail Playing (Japan)</description>
  <year>1989</year>
  <rating>Other - NR (Not Rated)</rating>
  <manufacturer>Pony Canyon</manufacturer>
  <dev></dev>
  <genre>Puzzle</genre>
  <score></score>
  <player></player>
  <story></story>
  <enabled>Yes</enabled>
  <crc></crc>
  <cloneof></cloneof>
</game>
<game name="Arkanoid II - Revenge of Doh (Japan)">
  <description>Arkanoid II - Revenge of Doh (Japan)</description>
  <year>1988</year>
  <rating>Other - NR (Not Rated)</rating>
  <manufacturer>Taito</manufacturer>
  <dev></dev>
  <genre>Action</genre>
  <score></score>
  <player></player>
  <story></story>
  <enabled>Yes</enabled>
  <crc></crc>
  <cloneof></cloneof>
</game>
<game name="Asada Tetsuya no Akyoo Mahjong (Japan)">
  <description>Asada Tetsuya no Akyoo Mahjong (Japan)</description>
  <year>1989</year>
  <rating>Other - NR (Not Rated)</rating>
  <manufacturer>Pony Canyon</manufacturer>
  <dev></dev>
  <genre>Mahjong</genre>
  <score></score>
  <player></player>
  <story></story>
  <enabled>Yes</enabled>
  <crc></crc>
  <cloneof></cloneof>
</game>
<game name="AshGuine - Densetsu no Seisenshi (Japan)">
  <description>AshGuine - Densetsu no Seisenshi (Japan)</description>
  <year>1987</year>
  <rating>Other - NR (Not Rated)</rating>
  <manufacturer>Bit2</manufacturer>
  <dev></dev>
  <genre>Action</genre>
  <score></score>
  <player></player>
  <story></story>
  <enabled>Yes</enabled>
  <crc></crc>
  <cloneof></cloneof>
</game>
<game name="AshGuine Story II - Citadel in the Void (Japan) (Translated En)">
  <description>AshGuine Story II - Citadel in the Void (Japan) (Translated En)</description>
  <year>1987</year>
  <rating>Other - NR (Not Rated)</rating>
  <manufacturer>Bit2</manufacturer>
  <dev></dev>
  <genre>Action</genre>
  <score></score>
  <player></player>
  <story></story>
  <enabled>Yes</enabled>
  <crc></crc>
  <cloneof></cloneof>
</game>
<game name="AshGuine Story II - Kokuu no Gajou (Japan)">
  <description>AshGuine Story II - Kokuu no Gajou (Japan)</description>
  <year>1987</year>
  <rating>Other - NR (Not Rated)</rating>
  <manufacturer>TE Soft</manufacturer>
  <dev></dev>
  <genre>Action</genre>
  <score></score>
  <player></player>
  <story></story>
  <enabled>Yes</enabled>
  <crc></crc>
  <cloneof></cloneof>
</game>
<game name="AshGuine Story III - Fukushuu no Honoo (Japan)">
  <description>AshGuine Story III - Fukushuu no Honoo (Japan)</description>
  <year>1987</year>
  <rating>Other - NR (Not Rated)</rating>
  <manufacturer>Micro Cabin - Panasoft</manufacturer>
  <dev></dev>
  <genre>Action</genre>
  <score></score>
  <player></player>
  <story></story>
  <enabled>Yes</enabled>
  <crc></crc>
  <cloneof></cloneof>
</game>
<game name="Blade Lords (Japan)">
  <description>Blade Lords (Japan)</description>
  <year>1994</year>
  <rating>Other - NR (Not Rated)</rating>
  <manufacturer>Parallax</manufacturer>
  <dev></dev>
  <genre>Platform</genre>
  <score></score>
  <player></player>
  <story></story>
  <enabled>Yes</enabled>
  <crc></crc>
  <cloneof></cloneof>
</game>
<game name="Bubble Bobble (Japan)">
  <description>Bubble Bobble (Japan)</description>
  <year>1987</year>
  <rating>Other - NR (Not Rated)</rating>
  <manufacturer>Taito</manufacturer>
  <dev></dev>
  <genre>Platform</genre>
  <score></score>
  <player></player>
  <story></story>
  <enabled>Yes</enabled>
  <crc></crc>
  <cloneof></cloneof>
</game>
<game name="Cockpit, The (Japan)">
  <description>Cockpit, The (Japan)</description>
  <year>1988</year>
  <rating>Other - NR (Not Rated)</rating>
  <manufacturer>Taito</manufacturer>
  <dev></dev>
  <genre>Simulation</genre>
  <score></score>
  <player></player>
  <story></story>
  <enabled>Yes</enabled>
  <crc></crc>
  <cloneof></cloneof>
</game>
<game name="Contra (Japan)">
  <description>Contra (Japan)</description>
  <year>1987</year>
  <rating>Other - NR (Not Rated)</rating>
  <manufacturer>Konami</manufacturer>
  <dev></dev>
  <genre>Shooter</genre>
  <score></score>
  <player></player>
  <story></story>
  <enabled>Yes</enabled>
  <crc></crc>
  <cloneof></cloneof>
</game>
<game name="Crimson (Japan)">
  <description>Crimson (Japan)</description>
  <year>1988</year>
  <rating>Other - NR (Not Rated)</rating>
  <manufacturer>XTALSOFT</manufacturer>
  <dev></dev>
  <genre>Role-Playing</genre>
  <score></score>
  <player></player>
  <story></story>
  <enabled>Yes</enabled>
  <crc></crc>
  <cloneof></cloneof>
</game>
<game name="Daikoukai Jidai (Japan)">
  <description>Daikoukai Jidai (Japan)</description>
  <year>1990</year>
  <rating>Other - NR (Not Rated)</rating>
  <manufacturer>Koei</manufacturer>
  <dev></dev>
  <genre>Strategy</genre>
  <score></score>
  <player></player>
  <story></story>
  <enabled>Yes</enabled>
  <crc></crc>
  <cloneof></cloneof>
</game>
<game name="Daisenryaku Risk (Japan)">
  <description>Daisenryaku Risk (Japan)</description>
  <year>1987</year>
  <rating>Other - NR (Not Rated)</rating>
  <manufacturer>Micro Cabin</manufacturer>
  <dev></dev>
  <genre>Strategy</genre>
  <score></score>
  <player></player>
  <story></story>
  <enabled>Yes</enabled>
  <crc></crc>
  <cloneof></cloneof>
</game>
<game name="Darwin 4078 (Japan)">
  <description>Darwin 4078 (Japan)</description>
  <year>1987</year>
  <rating>Other - NR (Not Rated)</rating>
  <manufacturer>Hudson</manufacturer>
  <dev></dev>
  <genre>Shoot-&apos;Em-Up</genre>
  <score></score>
  <player></player>
  <story></story>
  <enabled>Yes</enabled>
  <crc></crc>
  <cloneof></cloneof>
</game>
<game name="Deep Forest (Japan)">
  <description>Deep Forest (Japan)</description>
  <year>1987</year>
  <rating>Other - NR (Not Rated)</rating>
  <manufacturer>XAIN</manufacturer>
  <dev></dev>
  <genre>Role-Playing</genre>
  <score></score>
  <player></player>
  <story></story>
  <enabled>Yes</enabled>
  <crc></crc>
  <cloneof></cloneof>
</game>
<game name="Dires - Giger Loop (Japan)">
  <description>Dires - Giger Loop (Japan)</description>
  <year>1987</year>
  <rating>Other - NR (Not Rated)</rating>
  <manufacturer>Bothtec</manufacturer>
  <dev></dev>
  <genre>Action</genre>
  <score></score>
  <player></player>
  <story></story>
  <enabled>Yes</enabled>
  <crc></crc>
  <cloneof></cloneof>
</game>
<game name="Double Vision (Japan)">
  <description>Double Vision (Japan)</description>
  <year>1987</year>
  <rating>Other - NR (Not Rated)</rating>
  <manufacturer>Hard</manufacturer>
  <dev></dev>
  <genre>Simulation</genre>
  <score></score>
  <player></player>
  <story></story>
  <enabled>Yes</enabled>
  <crc></crc>
  <cloneof></cloneof>
</game>
<game name="Dragon Buster (Japan)">
  <description>Dragon Buster (Japan)</description>
  <year>1987</year>
  <rating>Other - NR (Not Rated)</rating>
  <manufacturer>TOSE</manufacturer>
  <dev></dev>
  <genre>Role-Playing</genre>
  <score></score>
  <player></player>
  <story></story>
  <enabled>Yes</enabled>
  <crc></crc>
  <cloneof></cloneof>
</game>
<game name="Dragon Quest (Japan)">
  <description>Dragon Quest (Japan)</description>
  <year>1986</year>
  <rating>Other - NR (Not Rated)</rating>
  <manufacturer>Enix</manufacturer>
  <dev></dev>
  <genre>Role-Playing</genre>
  <score></score>
  <player></player>
  <story></story>
  <enabled>Yes</enabled>
  <crc></crc>
  <cloneof></cloneof>
</game>
<game name="Dragon Quest II (Japan)">
  <description>Dragon Quest II (Japan)</description>
  <year>1988</year>
  <rating>Other - NR (Not Rated)</rating>
  <manufacturer>Enix</manufacturer>
  <dev></dev>
  <genre>Role-Playing</genre>
  <score></score>
  <player></player>
  <story></story>
  <enabled>Yes</enabled>
  <crc></crc>
  <cloneof></cloneof>
</game>
<game name="Dragon Slayer IV - Drasle Family (Japan)">
  <description>Dragon Slayer IV - Drasle Family (Japan)</description>
  <year>1987</year>
  <rating>Other - NR (Not Rated)</rating>
  <manufacturer>Falcom</manufacturer>
  <dev></dev>
  <genre>Role-Playing</genre>
  <score></score>
  <player></player>
  <story></story>
  <enabled>Yes</enabled>
  <crc></crc>
  <cloneof></cloneof>
</game>
<game name="Dragon Slayer IV - Drasle Family (Japan)(Translated En)">
  <description>Dragon Slayer IV - Drasle Family (Japan)(Translated En)</description>
  <year>1987</year>
  <rating>Other - NR (Not Rated)</rating>
  <manufacturer>Falcom</manufacturer>
  <dev></dev>
  <genre>Role-Playing</genre>
  <score></score>
  <player></player>
  <story></story>
  <enabled>Yes</enabled>
  <crc></crc>
  <cloneof></cloneof>
</game>
<game name="Dragon Slayer Jr. - Romancia (Japan)">
  <description>Dragon Slayer Jr. - Romancia (Japan)</description>
  <year>1986</year>
  <rating>Other - NR (Not Rated)</rating>
  <manufacturer>Falcom</manufacturer>
  <dev></dev>
  <genre>Role-Playing</genre>
  <score></score>
  <player></player>
  <story></story>
  <enabled>Yes</enabled>
  <crc></crc>
  <cloneof></cloneof>
</game>
<game name="Dragon Slayer Jr. - Romancia (Japan) (Translated En)">
  <description>Dragon Slayer Jr. - Romancia (Japan) (Translated En)</description>
  <year>1986</year>
  <rating>Other - NR (Not Rated)</rating>
  <manufacturer>Falcom</manufacturer>
  <dev></dev>
  <genre>Role-Playing</genre>
  <score></score>
  <player></player>
  <story></story>
  <enabled>Yes</enabled>
  <crc></crc>
  <cloneof></cloneof>
</game>
<game name="Druid (Japan)">
  <description>Druid (Japan)</description>
  <year>1988</year>
  <rating>Other - NR (Not Rated)</rating>
  <manufacturer>Nippon</manufacturer>
  <dev></dev>
  <genre>Role-Playing</genre>
  <score></score>
  <player></player>
  <story></story>
  <enabled>Yes</enabled>
  <crc></crc>
  <cloneof></cloneof>
</game>
<game name="Dynamite Bowl (Japan)">
  <description>Dynamite Bowl (Japan)</description>
  <year>1987</year>
  <rating>Other - NR (Not Rated)</rating>
  <manufacturer>Toshiba EMI</manufacturer>
  <dev></dev>
  <genre>Sports</genre>
  <score></score>
  <player></player>
  <story></story>
  <enabled>Yes</enabled>
  <crc></crc>
  <cloneof></cloneof>
</game>
<game name="Eidolon, The (Europe)">
  <description>Eidolon, The (Europe)</description>
  <year>1985</year>
  <rating>Other - NR (Not Rated)</rating>
  <manufacturer>LucasFilm</manufacturer>
  <dev></dev>
  <genre>Action</genre>
  <score></score>
  <player></player>
  <story></story>
  <enabled>Yes</enabled>
  <crc></crc>
  <cloneof></cloneof>
</game>
<game name="Elslid (Japan)">
  <description>Elslid (Japan)</description>
  <year>1989</year>
  <rating>Other - NR (Not Rated)</rating>
  <manufacturer>NCS</manufacturer>
  <dev></dev>
  <genre>Strategy</genre>
  <score></score>
  <player></player>
  <story></story>
  <enabled>Yes</enabled>
  <crc></crc>
  <cloneof></cloneof>
</game>
<game name="Empereur, L&apos; (Japan)">
  <description>Empereur, L&apos; (Japan)</description>
  <year>1990</year>
  <rating>Other - NR (Not Rated)</rating>
  <manufacturer>Koei</manufacturer>
  <dev></dev>
  <genre>Simulation</genre>
  <score></score>
  <player></player>
  <story></story>
  <enabled>Yes</enabled>
  <crc></crc>
  <cloneof></cloneof>
</game>
<game name="Europe Sensen (Japan)">
  <description>Europe Sensen (Japan)</description>
  <year>1992</year>
  <rating>Other - NR (Not Rated)</rating>
  <manufacturer>Koei</manufacturer>
  <dev></dev>
  <genre>Strategy</genre>
  <score></score>
  <player></player>
  <story></story>
  <enabled>Yes</enabled>
  <crc></crc>
  <cloneof></cloneof>
</game>
<game name="F-15 Strike Eagle (Japan)">
  <description>F-15 Strike Eagle (Japan)</description>
  <year>1990</year>
  <rating>Other - NR (Not Rated)</rating>
  <manufacturer>Novotrade / MicroProse</manufacturer>
  <dev></dev>
  <genre>Flying</genre>
  <score></score>
  <player></player>
  <story></story>
  <enabled>Yes</enabled>
  <crc></crc>
  <cloneof></cloneof>
</game>
<game name="Famicle Parodic (Japan)">
  <description>Famicle Parodic (Japan)</description>
  <year>1988</year>
  <rating>Other - NR (Not Rated)</rating>
  <manufacturer>Bit2</manufacturer>
  <dev></dev>
  <genre>Shoot-&apos;Em-Up</genre>
  <score></score>
  <player></player>
  <story></story>
  <enabled>Yes</enabled>
  <crc></crc>
  <cloneof></cloneof>
</game>
<game name="Family Billiards (Japan)">
  <description>Family Billiards (Japan)</description>
  <year>1988</year>
  <rating>Other - NR (Not Rated)</rating>
  <manufacturer>Dual / Pack-In-Video</manufacturer>
  <dev></dev>
  <genre>Pool and Dart</genre>
  <score></score>
  <player></player>
  <story></story>
  <enabled>Yes</enabled>
  <crc></crc>
  <cloneof></cloneof>
</game>
<game name="Family Boxing - MSX Title Match (Japan)">
  <description>Family Boxing - MSX Title Match (Japan)</description>
  <year>1988</year>
  <rating>Other - NR (Not Rated)</rating>
  <manufacturer>SCEI</manufacturer>
  <dev></dev>
  <genre>Sports</genre>
  <score></score>
  <player></player>
  <story></story>
  <enabled>Yes</enabled>
  <crc></crc>
  <cloneof></cloneof>
</game>
<game name="Fantasy Zone II - The Tears of Opa-Opa (Japan)">
  <description>Fantasy Zone II - The Tears of Opa-Opa (Japan)</description>
  <year>1989</year>
  <rating>Other - NR (Not Rated)</rating>
  <manufacturer>Atelier Double / Pony Canyon</manufacturer>
  <dev></dev>
  <genre>Shoot-&apos;Em-Up</genre>
  <score></score>
  <player></player>
  <story></story>
  <enabled>Yes</enabled>
  <crc></crc>
  <cloneof></cloneof>
</game>
<game name="Final Mystery Murder Club - Satsujin Club (Japan)">
  <description>Final Mystery Murder Club - Satsujin Club (Japan)</description>
  <year>1988</year>
  <rating>Other - NR (Not Rated)</rating>
  <manufacturer>Micro Cabin</manufacturer>
  <dev></dev>
  <genre>Adventure</genre>
  <score></score>
  <player></player>
  <story></story>
  <enabled>Yes</enabled>
  <crc></crc>
  <cloneof></cloneof>
</game>
<game name="Fire Ball (Japan)">
  <description>Fire Ball (Japan)</description>
  <year>1988</year>
  <rating>Other - NR (Not Rated)</rating>
  <manufacturer>Hummingbird Soft</manufacturer>
  <dev></dev>
  <genre>Pinball</genre>
  <score></score>
  <player></player>
  <story></story>
  <enabled>Yes</enabled>
  <crc></crc>
  <cloneof></cloneof>
</game>
<game name="Fleet Commander II - Koukon no Kaiiki (Japan)">
  <description>Fleet Commander II - Koukon no Kaiiki (Japan)</description>
  <year>1990</year>
  <rating>Other - NR (Not Rated)</rating>
  <manufacturer>ASCII</manufacturer>
  <dev></dev>
  <genre>Strategy</genre>
  <score></score>
  <player></player>
  <story></story>
  <enabled>Yes</enabled>
  <crc></crc>
  <cloneof></cloneof>
</game>
<game name="Gakuen Monogatari - High School Story (Japan)">
  <description>Gakuen Monogatari - High School Story (Japan)</description>
  <year>1988</year>
  <rating>Other - NR (Not Rated)</rating>
  <manufacturer>Great</manufacturer>
  <dev></dev>
  <genre>Adventure</genre>
  <score></score>
  <player></player>
  <story></story>
  <enabled>Yes</enabled>
  <crc></crc>
  <cloneof></cloneof>
</game>
<game name="Gambler Jiko Chuushinha 2 - Jishou! Kyougou Janshi Hen (Japan)">
  <description>Gambler Jiko Chuushinha 2 - Jishou! Kyougou Janshi Hen (Japan)</description>
  <year>1989</year>
  <rating>Other - NR (Not Rated)</rating>
  <manufacturer>Game Arts</manufacturer>
  <dev></dev>
  <genre>Tabletop</genre>
  <score></score>
  <player></player>
  <story></story>
  <enabled>Yes</enabled>
  <crc></crc>
  <cloneof></cloneof>
</game>
<game name="Ganbare Goemon! - Karakuri Douchuu (Japan)">
  <description>Ganbare Goemon! - Karakuri Douchuu (Japan)</description>
  <year>1987</year>
  <rating>Other - NR (Not Rated)</rating>
  <manufacturer>Konami</manufacturer>
  <dev></dev>
  <genre>Action</genre>
  <score></score>
  <player></player>
  <story></story>
  <enabled>Yes</enabled>
  <crc></crc>
  <cloneof></cloneof>
</game>
<game name="Garyuu Ou (Japan)">
  <description>Garyuu Ou (Japan)</description>
  <year>1987</year>
  <rating>Other - NR (Not Rated)</rating>
  <manufacturer>XAIN</manufacturer>
  <dev></dev>
  <genre>Action</genre>
  <score></score>
  <player></player>
  <story></story>
  <enabled>Yes</enabled>
  <crc></crc>
  <cloneof></cloneof>
</game>
<game name="Gekitotsu Pennant Race - Pro Yakyuu, The (Japan)">
  <description>Gekitotsu Pennant Race - Pro Yakyuu, The (Japan)</description>
  <year>1988</year>
  <rating>Other - NR (Not Rated)</rating>
  <manufacturer>Konami</manufacturer>
  <dev></dev>
  <genre>Sports</genre>
  <score></score>
  <player></player>
  <story></story>
  <enabled>Yes</enabled>
  <crc></crc>
  <cloneof></cloneof>
</game>
<game name="Gekitotsu Pennant Race 2 (Japan) (English Menu)">
  <description>Gekitotsu Pennant Race 2 (Japan) (English Menu)</description>
  <year>1989</year>
  <rating>Other - NR (Not Rated)</rating>
  <manufacturer>Konami</manufacturer>
  <dev></dev>
  <genre>Sports</genre>
  <score></score>
  <player></player>
  <story></story>
  <enabled>Yes</enabled>
  <crc></crc>
  <cloneof></cloneof>
</game>
<game name="Girly Block (Japan)">
  <description>Girly Block (Japan)</description>
  <year>1988</year>
  <rating>Other - NR (Not Rated)</rating>
  <manufacturer>Compile / Nippon Telenet</manufacturer>
  <dev></dev>
  <genre>Action</genre>
  <score></score>
  <player></player>
  <story></story>
  <enabled>Yes</enabled>
  <crc></crc>
  <cloneof></cloneof>
</game>
<game name="Gitahei (Japan)">
  <description>Gitahei (Japan)</description>
  <year>1986</year>
  <rating>Other - NR (Not Rated)</rating>
  <manufacturer>Micro Cabin</manufacturer>
  <dev></dev>
  <genre>Tabletop</genre>
  <score></score>
  <player></player>
  <story></story>
  <enabled>Yes</enabled>
  <crc></crc>
  <cloneof></cloneof>
</game>
<game name="Go Othello. Connect Stones (Japan)">
  <description>Go Othello. Connect Stones (Japan)</description>
  <year>1990</year>
  <rating>Other - NR (Not Rated)</rating>
  <manufacturer>Konami</manufacturer>
  <dev></dev>
  <genre>Tabletop</genre>
  <score></score>
  <player></player>
  <story></story>
  <enabled>Yes</enabled>
  <crc></crc>
  <cloneof></cloneof>
</game>
<game name="Hacker (Japan)">
  <description>Hacker (Japan)</description>
  <year>1988</year>
  <rating>Other - NR (Not Rated)</rating>
  <manufacturer>Pony Canyon</manufacturer>
  <dev></dev>
  <genre>Adventure</genre>
  <score></score>
  <player></player>
  <story></story>
  <enabled>Yes</enabled>
  <crc></crc>
  <cloneof></cloneof>
</game>
<game name="Hai no Majutsushi (Japan)">
  <description>Hai no Majutsushi (Japan)</description>
  <year>1989</year>
  <rating>Other - NR (Not Rated)</rating>
  <manufacturer>Konami</manufacturer>
  <dev></dev>
  <genre>Tabletop</genre>
  <score></score>
  <player></player>
  <story></story>
  <enabled>Yes</enabled>
  <crc></crc>
  <cloneof></cloneof>
</game>
<game name="Han Seimei Senki Andorogynus (Japan)">
  <description>Han Seimei Senki Andorogynus (Japan)</description>
  <year>1987</year>
  <rating>Other - NR (Not Rated)</rating>
  <manufacturer>Telenet Japan Co., Ltd.</manufacturer>
  <dev></dev>
  <genre>Action</genre>
  <score></score>
  <player></player>
  <story></story>
  <enabled>Yes</enabled>
  <crc></crc>
  <cloneof></cloneof>
</game>
<game name="Hard Ball (Japan)">
  <description>Hard Ball (Japan)</description>
  <year>1987</year>
  <rating>Other - NR (Not Rated)</rating>
  <manufacturer>SCEI</manufacturer>
  <dev></dev>
  <genre>Sports</genre>
  <score></score>
  <player></player>
  <story></story>
  <enabled>Yes</enabled>
  <crc></crc>
  <cloneof></cloneof>
</game>
<game name="Heroes of the Lance (Japan)">
  <description>Heroes of the Lance (Japan)</description>
  <year>1991</year>
  <rating>Other - NR (Not Rated)</rating>
  <manufacturer>Pony Canyon</manufacturer>
  <dev></dev>
  <genre>Role-Playing</genre>
  <score></score>
  <player></player>
  <story></story>
  <enabled>Yes</enabled>
  <crc></crc>
  <cloneof></cloneof>
</game>
<game name="Higemaru Makai Shima - Nanatsu no Shima Daibouken (Japan)">
  <description>Higemaru Makai Shima - Nanatsu no Shima Daibouken (Japan)</description>
  <year>1987</year>
  <rating>Other - NR (Not Rated)</rating>
  <manufacturer>Compile / Capcom</manufacturer>
  <dev></dev>
  <genre>Action</genre>
  <score></score>
  <player></player>
  <story></story>
  <enabled>Yes</enabled>
  <crc></crc>
  <cloneof></cloneof>
</game>
<game name="High School! Kimengumi (Japan)">
  <description>High School! Kimengumi (Japan)</description>
  <year>1987</year>
  <rating>Other - NR (Not Rated)</rating>
  <manufacturer>Pony Canyon</manufacturer>
  <dev></dev>
  <genre>Action</genre>
  <score></score>
  <player></player>
  <story></story>
  <enabled>Yes</enabled>
  <crc></crc>
  <cloneof></cloneof>
</game>
<game name="Hinotori - Houou Hen (Japan)">
  <description>Hinotori - Houou Hen (Japan)</description>
  <year>1987</year>
  <rating>Other - NR (Not Rated)</rating>
  <manufacturer>Konami</manufacturer>
  <dev></dev>
  <genre>Shoot-&apos;Em-Up</genre>
  <score></score>
  <player></player>
  <story></story>
  <enabled>Yes</enabled>
  <crc></crc>
  <cloneof></cloneof>
</game>
<game name="Hole in One Special (Japan)">
  <description>Hole in One Special (Japan)</description>
  <year>1986</year>
  <rating>Other - NR (Not Rated)</rating>
  <manufacturer>Hal</manufacturer>
  <dev></dev>
  <genre>Sports</genre>
  <score></score>
  <player></player>
  <story></story>
  <enabled>Yes</enabled>
  <crc></crc>
  <cloneof></cloneof>
</game>
<game name="Hydlide 3 - The Space Memories (Japan)">
  <description>Hydlide 3 - The Space Memories (Japan)</description>
  <year>1987</year>
  <rating>Other - NR (Not Rated)</rating>
  <manufacturer>TE Soft</manufacturer>
  <dev></dev>
  <genre>Role-Playing</genre>
  <score></score>
  <player></player>
  <story></story>
  <enabled>Yes</enabled>
  <crc></crc>
  <cloneof></cloneof>
</game>
<game name="Hyper Somen (Japan)">
  <description>Hyper Somen (Japan)</description>
  <year>1989</year>
  <rating>Other - NR (Not Rated)</rating>
  <manufacturer>Konami</manufacturer>
  <dev></dev>
  <genre>Miscellaneous</genre>
  <score></score>
  <player></player>
  <story></story>
  <enabled>Yes</enabled>
  <crc></crc>
  <cloneof></cloneof>
</game>
<game name="Ide Yousuke Meijin no Jissen Mahjong (Japan)">
  <description>Ide Yousuke Meijin no Jissen Mahjong (Japan)</description>
  <year>1988</year>
  <rating>Other - NR (Not Rated)</rating>
  <manufacturer>Pack-In-Video</manufacturer>
  <dev></dev>
  <genre>Mahjong</genre>
  <score></score>
  <player></player>
  <story></story>
  <enabled>Yes</enabled>
  <crc></crc>
  <cloneof></cloneof>
</game>
<game name="Ikari (Japan)">
  <description>Ikari (Japan)</description>
  <year>1987</year>
  <rating>Other - NR (Not Rated)</rating>
  <manufacturer>SNK</manufacturer>
  <dev></dev>
  <genre>Shooter</genre>
  <score></score>
  <player></player>
  <story></story>
  <enabled>Yes</enabled>
  <crc></crc>
  <cloneof></cloneof>
</game>
<game name="Inindou - Datou Nobunaga (Japan)">
  <description>Inindou - Datou Nobunaga (Japan)</description>
  <year>1991</year>
  <rating>Other - NR (Not Rated)</rating>
  <manufacturer>Koei</manufacturer>
  <dev></dev>
  <genre>Role-Playing</genre>
  <score></score>
  <player></player>
  <story></story>
  <enabled>Yes</enabled>
  <crc></crc>
  <cloneof></cloneof>
</game>
<game name="Ishin no Arashi (Japan)">
  <description>Ishin no Arashi (Japan)</description>
  <year>1989</year>
  <rating>Other - NR (Not Rated)</rating>
  <manufacturer>Koei</manufacturer>
  <dev></dev>
  <genre>Strategy</genre>
  <score></score>
  <player></player>
  <story></story>
  <enabled>Yes</enabled>
  <crc></crc>
  <cloneof></cloneof>
</game>
<game name="Jansei (Japan)">
  <description>Jansei (Japan)</description>
  <year>1986</year>
  <rating>Other - NR (Not Rated)</rating>
  <manufacturer>Chatnoir / Sony Corporation</manufacturer>
  <dev></dev>
  <genre>Tabletop</genre>
  <score></score>
  <player></player>
  <story></story>
  <enabled>Yes</enabled>
  <crc></crc>
  <cloneof></cloneof>
</game>
<game name="Janyuu (Japan)">
  <description>Janyuu (Japan)</description>
  <year>1986</year>
  <rating>Other - NR (Not Rated)</rating>
  <manufacturer>SCEE</manufacturer>
  <dev></dev>
  <genre>Mahjong</genre>
  <score></score>
  <player></player>
  <story></story>
  <enabled>Yes</enabled>
  <crc></crc>
  <cloneof></cloneof>
</game>
<game name="Kenpelen Chess (Japan)">
  <description>Kempelen Chess (Japan)</description>
  <year>1988</year>
  <rating>Other - NR (Not Rated)</rating>
  <manufacturer>Pony Canyon</manufacturer>
  <dev></dev>
  <genre>Tabletop</genre>
  <score></score>
  <player></player>
  <story></story>
  <enabled>Yes</enabled>
  <crc></crc>
  <cloneof></cloneof>
</game>
<game name="Kikikai-kai (Japan)">
  <description>Kikikai-kai (Japan)</description>
  <year>1987</year>
  <rating>Other - NR (Not Rated)</rating>
  <manufacturer>Pixel / SCEI</manufacturer>
  <dev></dev>
  <genre>Shooter</genre>
  <score></score>
  <player></player>
  <story></story>
  <enabled>Yes</enabled>
  <crc></crc>
  <cloneof></cloneof>
</game>
<game name="King Kong 2 - Yomigaeru Densetsu (Japan)">
  <description>King Kong 2 - Yomigaeru Densetsu (Japan)</description>
  <year>1987</year>
  <rating>Other - NR (Not Rated)</rating>
  <manufacturer>Konami</manufacturer>
  <dev></dev>
  <genre>Action</genre>
  <score></score>
  <player></player>
  <story></story>
  <enabled>Yes</enabled>
  <crc></crc>
  <cloneof></cloneof>
</game>
<game name="King Kong 2 - Yomigaeru Densetsu (Japan)(Translated En)">
  <description>King Kong 2 - Yomigaeru Densetsu (Japan)(Translated En) (Japan)</description>
  <year>1987</year>
  <rating>Other - NR (Not Rated)</rating>
  <manufacturer>Konami</manufacturer>
  <dev></dev>
  <genre>Action</genre>
  <score></score>
  <player></player>
  <story></story>
  <enabled>Yes</enabled>
  <crc></crc>
  <cloneof></cloneof>
</game>
<game name="King&apos;s Valley II - The Seal of El Giza (Japan)">
  <description>King&apos;s Valley II - The Seal of El Giza (Japan)</description>
  <year>1988</year>
  <rating>Other - NR (Not Rated)</rating>
  <manufacturer>Konami</manufacturer>
  <dev></dev>
  <genre>Action</genre>
  <score></score>
  <player></player>
  <story></story>
  <enabled>Yes</enabled>
  <crc></crc>
  <cloneof></cloneof>
</game>
<game name="King&apos;s Valley II - The Seal of El Giza - Edit Contest Version (Japan)">
  <description>King&apos;s Valley II - The Seal of El Giza - Edit Contest Version (Japan)</description>
  <year>1988</year>
  <rating>Other - NR (Not Rated)</rating>
  <manufacturer>Konami</manufacturer>
  <dev></dev>
  <genre>Action</genre>
  <score></score>
  <player></player>
  <story></story>
  <enabled>Yes</enabled>
  <crc></crc>
  <cloneof></cloneof>
</game>
<game name="Kisei (Japan)">
  <description>Kisei (Japan)</description>
  <year>1987</year>
  <rating>Other - NR (Not Rated)</rating>
  <manufacturer>SCEI</manufacturer>
  <dev></dev>
  <genre>Tabletop</genre>
  <score></score>
  <player></player>
  <story></story>
  <enabled>Yes</enabled>
  <crc></crc>
  <cloneof></cloneof>
</game>
<game name="Koji Tanigawa&apos;s Shougi Shinan II (Japan)">
  <description>Koji Tanigawa&apos;s Shougi Shinan II (Japan)</description>
  <year>1988</year>
  <rating>Other - NR (Not Rated)</rating>
  <manufacturer>Pony Canyon</manufacturer>
  <dev></dev>
  <genre>Tabletop</genre>
  <score></score>
  <player></player>
  <story></story>
  <enabled>Yes</enabled>
  <crc></crc>
  <cloneof></cloneof>
</game>
<game name="Koronis Rift (Europe)">
  <description>Koronis Rift (Europe)</description>
  <year>1987</year>
  <rating>Other - NR (Not Rated)</rating>
  <manufacturer>Pony Canyon</manufacturer>
  <dev></dev>
  <genre>Action</genre>
  <score></score>
  <player></player>
  <story></story>
  <enabled>Yes</enabled>
  <crc></crc>
  <cloneof></cloneof>
</game>
<game name="Kyoto Ryu no Tera Satsujin Jiken (Japan)">
  <description>Kyoto Ryu no Tera Satsujin Jiken (Japan)</description>
  <year>1988</year>
  <rating>Other - NR (Not Rated)</rating>
  <manufacturer>Taito</manufacturer>
  <dev></dev>
  <genre>Adventure</genre>
  <score></score>
  <player></player>
  <story></story>
  <enabled>Yes</enabled>
  <crc></crc>
  <cloneof></cloneof>
</game>
<game name="Labyrinth (Japan)">
  <description>Labyrinth (Japan)</description>
  <year>1987</year>
  <rating>Other - NR (Not Rated)</rating>
  <manufacturer>Pack-In-Video</manufacturer>
  <dev></dev>
  <genre>Shooter</genre>
  <score></score>
  <player></player>
  <story></story>
  <enabled>Yes</enabled>
  <crc></crc>
  <cloneof></cloneof>
</game>
<game name="Livingstone Supongo (Japan)">
  <description>Livingstone Supongo (Japan)</description>
  <year>1987</year>
  <rating>Other - NR (Not Rated)</rating>
  <manufacturer>Opera Soft</manufacturer>
  <dev></dev>
  <genre>Platform</genre>
  <score></score>
  <player></player>
  <story></story>
  <enabled>Yes</enabled>
  <crc></crc>
  <cloneof></cloneof>
</game>
<game name="Lupin Sansei - Babylon no Ougon Densetsu (Japan)">
  <description>Lupin Sansei - Babylon no Ougon Densetsu (Japan)</description>
  <year>1988</year>
  <rating>Other - NR (Not Rated)</rating>
  <manufacturer>Toho</manufacturer>
  <dev></dev>
  <genre>Platform</genre>
  <score></score>
  <player></player>
  <story></story>
  <enabled>Yes</enabled>
  <crc></crc>
  <cloneof></cloneof>
</game>
<game name="Lupin Sansei - Cagliostro no Shiro (Japan)">
  <description>Lupin Sansei - Cagliostro no Shiro (Japan)</description>
  <year>1987</year>
  <rating>Other - NR (Not Rated)</rating>
  <manufacturer>Toho</manufacturer>
  <dev></dev>
  <genre>Platform</genre>
  <score></score>
  <player></player>
  <story></story>
  <enabled>Yes</enabled>
  <crc></crc>
  <cloneof></cloneof>
</game>
<game name="Mad Rider (Japan)">
  <description>Mad Rider (Japan)</description>
  <year>1987</year>
  <rating>Other - NR (Not Rated)</rating>
  <manufacturer>Carry Lab</manufacturer>
  <dev></dev>
  <genre>Driving</genre>
  <score></score>
  <player></player>
  <story></story>
  <enabled>Yes</enabled>
  <crc></crc>
  <cloneof></cloneof>
</game>
<game name="Maison Ikkoku - Kanketsu Hen - Sayonara, Soshite... (Japan)">
  <description>Maison Ikkoku - Kanketsu Hen - Sayonara, Soshite... (Japan)</description>
  <year>1988</year>
  <rating>Other - NR (Not Rated)</rating>
  <manufacturer>Micro Cabin</manufacturer>
  <dev></dev>
  <genre>Adventure</genre>
  <score></score>
  <player></player>
  <story></story>
  <enabled>Yes</enabled>
  <crc></crc>
  <cloneof></cloneof>
</game>
<game name="Maison Ikkoku - Omoide no Photograph (Japan)">
  <description>Maison Ikkoku - Omoide no Photograph (Japan)</description>
  <year>1987</year>
  <rating>Other - NR (Not Rated)</rating>
  <manufacturer>Micro Cabin</manufacturer>
  <dev></dev>
  <genre>Adventure</genre>
  <score></score>
  <player></player>
  <story></story>
  <enabled>Yes</enabled>
  <crc></crc>
  <cloneof></cloneof>
</game>
<game name="Malaya no Hibou (Japan)">
  <description>Malaya no Hibou (Japan)</description>
  <year>1988</year>
  <rating>Other - NR (Not Rated)</rating>
  <manufacturer>Pony Canyon</manufacturer>
  <dev></dev>
  <genre>Action</genre>
  <score></score>
  <player></player>
  <story></story>
  <enabled>Yes</enabled>
  <crc></crc>
  <cloneof></cloneof>
</game>
<game name="Metal Gear (Europe)">
  <description>Metal Gear (Europe)</description>
  <year>1987</year>
  <rating>Other - NR (Not Rated)</rating>
  <manufacturer>Konami</manufacturer>
  <dev></dev>
  <genre>Action</genre>
  <score></score>
  <player></player>
  <story></story>
  <enabled>Yes</enabled>
  <crc></crc>
  <cloneof></cloneof>
</game>
<game name="Metal Gear (Japan)">
  <description>Metal Gear (Japan)</description>
  <year>1987</year>
  <rating>Other - NR (Not Rated)</rating>
  <manufacturer>Konami</manufacturer>
  <dev></dev>
  <genre>Action</genre>
  <score></score>
  <player></player>
  <story></story>
  <enabled>Yes</enabled>
  <crc></crc>
  <cloneof></cloneof>
</game>
<game name="Metal Gear 2 - Solid Snake (Japan)">
  <description>Metal Gear 2 - Solid Snake (Japan)</description>
  <year>1990</year>
  <rating>Other - NR (Not Rated)</rating>
  <manufacturer>Konami</manufacturer>
  <dev></dev>
  <genre>Action</genre>
  <score></score>
  <player></player>
  <story></story>
  <enabled>Yes</enabled>
  <crc></crc>
  <cloneof></cloneof>
</game>
<game name="Metal Gear 2 - Solid Snake (Japan) (Demo)">
  <description>Metal Gear 2 - Solid Snake (Japan) (Demo)</description>
  <year>1990</year>
  <rating>Other - NR (Not Rated)</rating>
  <manufacturer>Konami</manufacturer>
  <dev></dev>
  <genre>Action</genre>
  <score></score>
  <player></player>
  <story></story>
  <enabled>Yes</enabled>
  <crc></crc>
  <cloneof></cloneof>
</game>
<game name="Metal Gear 2 - Solid Snake (Japan)(Translated En)">
  <description>Metal Gear 2 - Solid Snake (Japan)(Translated En)</description>
  <year>1990</year>
  <rating>Other - NR (Not Rated)</rating>
  <manufacturer>Konami</manufacturer>
  <dev></dev>
  <genre>Action</genre>
  <score></score>
  <player></player>
  <story></story>
  <enabled>Yes</enabled>
  <crc></crc>
  <cloneof></cloneof>
</game>
<game name="Mirai (Japan)">
  <description>Mirai (Japan)</description>
  <year>1987</year>
  <rating>Other - NR (Not Rated)</rating>
  <manufacturer>XAIN</manufacturer>
  <dev></dev>
  <genre>Role-Playing</genre>
  <score></score>
  <player></player>
  <story></story>
  <enabled>Yes</enabled>
  <crc></crc>
  <cloneof></cloneof>
</game>
<game name="Mississippi Satsujinjiken (Japan)">
  <description>Mississippi Satsujinjiken (Japan)</description>
  <year>1987</year>
  <rating>Other - NR (Not Rated)</rating>
  <manufacturer>Jaleco Entertainment</manufacturer>
  <dev></dev>
  <genre>Adventure</genre>
  <score></score>
  <player></player>
  <story></story>
  <enabled>Yes</enabled>
  <crc></crc>
  <cloneof></cloneof>
</game>
<game name="Moero!! Nettou Yakyuu &apos;88 (Japan)">
  <description>Moero!! Nettou Yakyuu &apos;88 (Japan)</description>
  <year>1988</year>
  <rating>Other - NR (Not Rated)</rating>
  <manufacturer>Jaleco Entertainment</manufacturer>
  <dev></dev>
  <genre>Sports</genre>
  <score></score>
  <player></player>
  <story></story>
  <enabled>Yes</enabled>
  <crc></crc>
  <cloneof></cloneof>
</game>
<game name="Monmon Kaibutsu (Japan)">
  <description>Monmon Kaibutsu (Japan)</description>
  <year>1989</year>
  <rating>Other - NR (Not Rated)</rating>
  <manufacturer>Hot-B</manufacturer>
  <dev></dev>
  <genre>Action</genre>
  <score></score>
  <player></player>
  <story></story>
  <enabled>Yes</enabled>
  <crc></crc>
  <cloneof></cloneof>
</game>
<game name="Nekketsu Juudou (Japan)">
  <description>Nekketsu Juudou (Japan)</description>
  <year>1989</year>
  <rating>Other - NR (Not Rated)</rating>
  <manufacturer>Opera House / Pony Canyon</manufacturer>
  <dev></dev>
  <genre>Sports</genre>
  <score></score>
  <player></player>
  <story></story>
  <enabled>Yes</enabled>
  <crc></crc>
  <cloneof></cloneof>
</game>
<game name="Ninja-kun - Asura no Shou (Japan)">
  <description>Ninja-kun - Asura no Shou (Japan)</description>
  <year>1987</year>
  <rating>Other - NR (Not Rated)</rating>
  <manufacturer>Opera House / HAL Labs</manufacturer>
  <dev></dev>
  <genre>Action</genre>
  <score></score>
  <player></player>
  <story></story>
  <enabled>Yes</enabled>
  <crc></crc>
  <cloneof></cloneof>
</game>
<game name="Nobunaga no Yabou - Zenkoku Ban (Japan)">
  <description>Nobunaga no Yabou - Zenkoku Ban (Japan)</description>
  <year>1987</year>
  <rating>Other - NR (Not Rated)</rating>
  <manufacturer>Koei</manufacturer>
  <dev></dev>
  <genre>Strategy</genre>
  <score></score>
  <player></player>
  <story></story>
  <enabled>Yes</enabled>
  <crc></crc>
  <cloneof></cloneof>
</game>
<game name="Nobunaga no Yabou 2 - Sengoku Gunyuu Den (Japan)">
  <description>Nobunaga no Yabou 2 - Sengoku Gunyuu Den (Japan)</description>
  <year>1989</year>
  <rating>Other - NR (Not Rated)</rating>
  <manufacturer>Koei</manufacturer>
  <dev></dev>
  <genre>Strategy</genre>
  <score></score>
  <player></player>
  <story></story>
  <enabled>Yes</enabled>
  <crc></crc>
  <cloneof></cloneof>
</game>
<game name="Nobunaga no Yabou 3 - Bushou Fuuun Roku (Japan)">
  <description>Nobunaga no Yabou 3 - Bushou Fuuun Roku (Japan)</description>
  <year>1991</year>
  <rating>Other - NR (Not Rated)</rating>
  <manufacturer>Koei</manufacturer>
  <dev></dev>
  <genre>Strategy</genre>
  <score></score>
  <player></player>
  <story></story>
  <enabled>Yes</enabled>
  <crc></crc>
  <cloneof></cloneof>
</game>
<game name="Ogre (Japan)">
  <description>Ogre (Japan)</description>
  <year>1987</year>
  <rating>Other - NR (Not Rated)</rating>
  <manufacturer>SystemSoft</manufacturer>
  <dev></dev>
  <genre>Action</genre>
  <score></score>
  <player></player>
  <story></story>
  <enabled>Yes</enabled>
  <crc></crc>
  <cloneof></cloneof>
</game>
<game name="Out Run (Japan)">
  <description>Out Run (Japan)</description>
  <year>1988</year>
  <rating>Other - NR (Not Rated)</rating>
  <manufacturer>Bedrock Software / US Gold</manufacturer>
  <dev></dev>
  <genre>Driving</genre>
  <score></score>
  <player></player>
  <story></story>
  <enabled>Yes</enabled>
  <crc></crc>
  <cloneof></cloneof>
</game>
<game name="Pac-Mania (Japan)">
  <description>Pac-Mania (Japan)</description>
  <year>1989</year>
  <rating>Other - NR (Not Rated)</rating>
  <manufacturer>Namco</manufacturer>
  <dev></dev>
  <genre>Action</genre>
  <score></score>
  <player></player>
  <story></story>
  <enabled>Yes</enabled>
  <crc></crc>
  <cloneof></cloneof>
</game>
<game name="Pachi Pro Densetsu (Japan)">
  <description>Pachi Pro Densetsu (Japan)</description>
  <year>1989</year>
  <rating>Other - NR (Not Rated)</rating>
  <manufacturer>Hal</manufacturer>
  <dev></dev>
  <genre>Miscellaneous</genre>
  <score></score>
  <player></player>
  <story></story>
  <enabled>Yes</enabled>
  <crc></crc>
  <cloneof></cloneof>
</game>
<game name="Penguin-kun Wars 2 (Japan)">
  <description>Penguin-kun Wars 2 (Japan)</description>
  <year>1988</year>
  <rating>Other - NR (Not Rated)</rating>
  <manufacturer>ASCII Entertainment</manufacturer>
  <dev></dev>
  <genre>Action</genre>
  <score></score>
  <player></player>
  <story></story>
  <enabled>Yes</enabled>
  <crc></crc>
  <cloneof></cloneof>
</game>
<game name="Penguin-kun Wars 2 (Japan)(Translated En)">
  <description>Penguin-kun Wars 2 (Japan)(Translated En)</description>
  <year>1988</year>
  <rating>Other - NR (Not Rated)</rating>
  <manufacturer>ASCII Entertainment</manufacturer>
  <dev></dev>
  <genre>Action</genre>
  <score></score>
  <player></player>
  <story></story>
  <enabled>Yes</enabled>
  <crc></crc>
  <cloneof></cloneof>
</game>
<game name="Persevere Goemon! A Tricky Journey (Japan)(Translated En)">
  <description>Persevere Goemon! A Tricky Journey (Japan)(Translated En)</description>
  <year>1987</year>
  <rating>Other - NR (Not Rated)</rating>
  <manufacturer>Konami</manufacturer>
  <dev></dev>
  <genre>Action</genre>
  <score></score>
  <player></player>
  <story></story>
  <enabled>Yes</enabled>
  <crc></crc>
  <cloneof></cloneof>
</game>
<game name="Predator (Japan)">
  <description>Predator (Japan)</description>
  <year>1988</year>
  <rating>Other - NR (Not Rated)</rating>
  <manufacturer>Pack-In-Video</manufacturer>
  <dev></dev>
  <genre>Shooter</genre>
  <score></score>
  <player></player>
  <story></story>
  <enabled>Yes</enabled>
  <crc></crc>
  <cloneof></cloneof>
</game>
<game name="Pro Yakyuu Family Stadium - Pennant Race (Japan)">
  <description>Pro Yakyuu Family Stadium - Pennant Race (Japan)</description>
  <year>1989</year>
  <rating>Other - NR (Not Rated)</rating>
  <manufacturer>Compile / Namco</manufacturer>
  <dev></dev>
  <genre>Sports</genre>
  <score></score>
  <player></player>
  <story></story>
  <enabled>Yes</enabled>
  <crc></crc>
  <cloneof></cloneof>
</game>
<game name="Pro Yakyuu Fan - Telenet Stadium (Japan)">
  <description>Pro Yakyuu Fan - Telenet Stadium (Japan)</description>
  <year>1987</year>
  <rating>Other - NR (Not Rated)</rating>
  <manufacturer>Nippon Telenet</manufacturer>
  <dev></dev>
  <genre>Action</genre>
  <score></score>
  <player></player>
  <story></story>
  <enabled>Yes</enabled>
  <crc></crc>
  <cloneof></cloneof>
</game>
<game name="Professional Mahjong Gokuu (Japan)">
  <description>Professional Mahjong Gokuu (Japan)</description>
  <year>1988</year>
  <rating>Other - NR (Not Rated)</rating>
  <manufacturer>Chat Noir</manufacturer>
  <dev></dev>
  <genre>Mahjong</genre>
  <score></score>
  <player></player>
  <story></story>
  <enabled>Yes</enabled>
  <crc></crc>
  <cloneof></cloneof>
</game>
<game name="Project A2 - Shijousaidai no Hyouteki (Japan)">
  <description>Project A2 - Shijousaidai no Hyouteki (Japan)</description>
  <year>1987</year>
  <rating>Other - NR (Not Rated)</rating>
  <manufacturer>Opera House / Pony Canyon</manufacturer>
  <dev></dev>
  <genre>Action</genre>
  <score></score>
  <player></player>
  <story></story>
  <enabled>Yes</enabled>
  <crc></crc>
  <cloneof></cloneof>
</game>
<game name="Quarth (Japan)">
  <description>Quarth (Japan)</description>
  <year>1990</year>
  <rating>Other - NR (Not Rated)</rating>
  <manufacturer>Konami</manufacturer>
  <dev></dev>
  <genre>Puzzle</genre>
  <score></score>
  <player></player>
  <story></story>
  <enabled>Yes</enabled>
  <crc></crc>
  <cloneof></cloneof>
</game>
<game name="Quarth (Japan) (Demo)">
  <description>Quarth (Japan) (Demo)</description>
  <year>1990</year>
  <rating>Other - NR (Not Rated)</rating>
  <manufacturer>Konami</manufacturer>
  <dev></dev>
  <genre>Puzzle</genre>
  <score></score>
  <player></player>
  <story></story>
  <enabled>Yes</enabled>
  <crc></crc>
  <cloneof></cloneof>
</game>
<game name="Quarth (Korea)">
  <description>Quarth (Korea)</description>
  <year>1990</year>
  <rating>Other - NR (Not Rated)</rating>
  <manufacturer>Konami</manufacturer>
  <dev></dev>
  <genre>Puzzle</genre>
  <score></score>
  <player></player>
  <story></story>
  <enabled>Yes</enabled>
  <crc></crc>
  <cloneof></cloneof>
</game>
<game name="Quinpl (Japan)">
  <description>Quinpl (Japan)</description>
  <year>1988</year>
  <rating>Other - NR (Not Rated)</rating>
  <manufacturer>Bit2</manufacturer>
  <dev></dev>
  <genre>Action</genre>
  <score></score>
  <player></player>
  <story></story>
  <enabled>Yes</enabled>
  <crc></crc>
  <cloneof></cloneof>
</game>
<game name="Rastan Saga (Japan)">
  <description>Rastan Saga (Japan)</description>
  <year>1988</year>
  <rating>Other - NR (Not Rated)</rating>
  <manufacturer>Taito Corporation</manufacturer>
  <dev></dev>
  <genre>Platform</genre>
  <score></score>
  <player></player>
  <story></story>
  <enabled>Yes</enabled>
  <crc></crc>
  <cloneof></cloneof>
</game>
<game name="Relics (Japan)">
  <description>Relics (Japan)</description>
  <year>1988</year>
  <rating>Other - NR (Not Rated)</rating>
  <manufacturer>Bothtec / Eaglesoft</manufacturer>
  <dev></dev>
  <genre>Action</genre>
  <score></score>
  <player></player>
  <story></story>
  <enabled>Yes</enabled>
  <crc></crc>
  <cloneof></cloneof>
</game>
<game name="Replicart (Japan)">
  <description>Replicart (Japan)</description>
  <year>1987</year>
  <rating>Other - NR (Not Rated)</rating>
  <manufacturer>Dual / SCEI</manufacturer>
  <dev></dev>
  <genre>Action</genre>
  <score></score>
  <player></player>
  <story></story>
  <enabled>Yes</enabled>
  <crc></crc>
  <cloneof></cloneof>
</game>
<game name="Return of Ishtar, The (Japan)">
  <description>Return of Ishtar, The (Japan)</description>
  <year>1988</year>
  <rating>Other - NR (Not Rated)</rating>
  <manufacturer>Namco</manufacturer>
  <dev></dev>
  <genre>Action</genre>
  <score></score>
  <player></player>
  <story></story>
  <enabled>Yes</enabled>
  <crc></crc>
  <cloneof></cloneof>
</game>
<game name="Return of Jelda (Japan)">
  <description>Return of Jelda (Japan)</description>
  <year>1987</year>
  <rating>Other - NR (Not Rated)</rating>
  <manufacturer>Carry Lab</manufacturer>
  <dev></dev>
  <genre>Action</genre>
  <score></score>
  <player></player>
  <story></story>
  <enabled>Yes</enabled>
  <crc></crc>
  <cloneof></cloneof>
</game>
<game name="Rick to Mick no Daibouken (Japan)">
  <description>Rick to Mick no Daibouken (Japan)</description>
  <year>1987</year>
  <rating>Other - NR (Not Rated)</rating>
  <manufacturer>Hummingbird Soft</manufacturer>
  <dev></dev>
  <genre>Action</genre>
  <score></score>
  <player></player>
  <story></story>
  <enabled>Yes</enabled>
  <crc></crc>
  <cloneof></cloneof>
</game>
<game name="Royal Blood (Japan)">
  <description>Royal Blood (Japan)</description>
  <year>1991</year>
  <rating>Other - NR (Not Rated)</rating>
  <manufacturer>Koei</manufacturer>
  <dev></dev>
  <genre>Strategy</genre>
  <score></score>
  <player></player>
  <story></story>
  <enabled>Yes</enabled>
  <crc></crc>
  <cloneof></cloneof>
</game>
<game name="Sangokushi (Japan)">
  <description>Sangokushi (Japan)</description>
  <year>1986</year>
  <rating>Other - NR (Not Rated)</rating>
  <manufacturer>Koei</manufacturer>
  <dev></dev>
  <genre>Strategy</genre>
  <score></score>
  <player></player>
  <story></story>
  <enabled>Yes</enabled>
  <crc></crc>
  <cloneof></cloneof>
</game>
<game name="Sangokushi II (Japan)">
  <description>Sangokushi II (Japan)</description>
  <year>1990</year>
  <rating>Other - NR (Not Rated)</rating>
  <manufacturer>Koei</manufacturer>
  <dev></dev>
  <genre>Strategy</genre>
  <score></score>
  <player></player>
  <story></story>
  <enabled>Yes</enabled>
  <crc></crc>
  <cloneof></cloneof>
</game>
<game name="Scramble Formation (Japan)">
  <description>Scramble Formation (Japan)</description>
  <year>1987</year>
  <rating>Other - NR (Not Rated)</rating>
  <manufacturer>Taito Corporation</manufacturer>
  <dev></dev>
  <genre>Shoot-&apos;Em-Up</genre>
  <score></score>
  <player></player>
  <story></story>
  <enabled>Yes</enabled>
  <crc></crc>
  <cloneof></cloneof>
</game>
<game name="Seigimatsu II Special Attack Devil (Japan)">
  <description>Seigimatsu II Special Attack Devil (Japan)</description>
  <year>1987</year>
  <rating>Other - NR (Not Rated)</rating>
  <manufacturer>Sony</manufacturer>
  <dev></dev>
  <genre>Action</genre>
  <score></score>
  <player></player>
  <story></story>
  <enabled>Yes</enabled>
  <crc></crc>
  <cloneof></cloneof>
</game>
<game name="Shanghai (Japan)">
  <description>Shanghai (Japan)</description>
  <year>1987</year>
  <rating>Other - NR (Not Rated)</rating>
  <manufacturer>System Soft / Activision</manufacturer>
  <dev></dev>
  <genre>Mahjong</genre>
  <score></score>
  <player></player>
  <story></story>
  <enabled>Yes</enabled>
  <crc></crc>
  <cloneof></cloneof>
</game>
<game name="Shirei Sensen - War of the Dead (Japan)">
  <description>Shirei Sensen - War of the Dead (Japan)</description>
  <year>1988</year>
  <rating>Other - NR (Not Rated)</rating>
  <manufacturer>Fun Factory</manufacturer>
  <dev></dev>
  <genre>Role-Playing</genre>
  <score></score>
  <player></player>
  <story></story>
  <enabled>Yes</enabled>
  <crc></crc>
  <cloneof></cloneof>
</game>
<game name="Space Manbow (Japan)">
  <description>Space Manbow (Japan)</description>
  <year>1989</year>
  <rating>Other - NR (Not Rated)</rating>
  <manufacturer>Konami</manufacturer>
  <dev></dev>
  <genre>Shoot-&apos;Em-Up</genre>
  <score></score>
  <player></player>
  <story></story>
  <enabled>Yes</enabled>
  <crc></crc>
  <cloneof></cloneof>
</game>
<game name="Star Virgin (Japan)">
  <description>Star Virgin (Japan)</description>
  <year>1988</year>
  <rating>Other - NR (Not Rated)</rating>
  <manufacturer>Marionette / Pony Canyon</manufacturer>
  <dev></dev>
  <genre>Action</genre>
  <score></score>
  <player></player>
  <story></story>
  <enabled>Yes</enabled>
  <crc></crc>
  <cloneof></cloneof>
</game>
<game name="Strategic Mars (Japan)">
  <description>Strategic Mars (Japan)</description>
  <year>1988</year>
  <rating>Other - NR (Not Rated)</rating>
  <manufacturer>DB Soft</manufacturer>
  <dev></dev>
  <genre>Shooter</genre>
  <score></score>
  <player></player>
  <story></story>
  <enabled>Yes</enabled>
  <crc></crc>
  <cloneof></cloneof>
</game>
<game name="Suikoden - Tenmei no Chikai (Japan)">
  <description>Suikoden - Tenmei no Chikai (Japan)</description>
  <year>1988</year>
  <rating>Other - NR (Not Rated)</rating>
  <manufacturer>Koei</manufacturer>
  <dev></dev>
  <genre>Strategy</genre>
  <score></score>
  <player></player>
  <story></story>
  <enabled>Yes</enabled>
  <crc></crc>
  <cloneof></cloneof>
</game>
<game name="Super Daisenryaku (Japan)">
  <description>Super Daisenryaku (Japan)</description>
  <year>1989</year>
  <rating>Other - NR (Not Rated)</rating>
  <manufacturer>Koei</manufacturer>
  <dev></dev>
  <genre>Strategy</genre>
  <score></score>
  <player></player>
  <story></story>
  <enabled>Yes</enabled>
  <crc></crc>
  <cloneof></cloneof>
</game>
<game name="Super Load Runner (Japan)">
  <description>Super Load Runner (Japan)</description>
  <year>1987</year>
  <rating>Other - NR (Not Rated)</rating>
  <manufacturer>Irem</manufacturer>
  <dev></dev>
  <genre>Platform</genre>
  <score></score>
  <player></player>
  <story></story>
  <enabled>Yes</enabled>
  <crc></crc>
  <cloneof></cloneof>
</game>
<game name="Super Rambo Special (Japan)">
  <description>Super Rambo Special (Japan)</description>
  <year>1986</year>
  <rating>Other - NR (Not Rated)</rating>
  <manufacturer>Pack-In-Video</manufacturer>
  <dev></dev>
  <genre>Shooter</genre>
  <score></score>
  <player></player>
  <story></story>
  <enabled>Yes</enabled>
  <crc></crc>
  <cloneof></cloneof>
</game>
<game name="Super Runner (Japan)">
  <description>Super Runner (Japan)</description>
  <year>1987</year>
  <rating>Other - NR (Not Rated)</rating>
  <manufacturer>Opera House / Pony Canyon</manufacturer>
  <dev></dev>
  <genre>Action</genre>
  <score></score>
  <player></player>
  <story></story>
  <enabled>Yes</enabled>
  <crc></crc>
  <cloneof></cloneof>
</game>
<game name="Super Tritorn (Japan)">
  <description>Super Tritorn (Japan)</description>
  <year>1986</year>
  <rating>Other - NR (Not Rated)</rating>
  <manufacturer>XAIN</manufacturer>
  <dev></dev>
  <genre>Action</genre>
  <score></score>
  <player></player>
  <story></story>
  <enabled>Yes</enabled>
  <crc></crc>
  <cloneof></cloneof>
</game>
<game name="Taiyou no Shinden - Asteka II (Japan)">
  <description>Taiyou no Shinden - Asteka II (Japan)</description>
  <year>1988</year>
  <rating>Other - NR (Not Rated)</rating>
  <manufacturer>Zap / Tokyo Shoseki</manufacturer>
  <dev></dev>
  <genre>Action</genre>
  <score></score>
  <player></player>
  <story></story>
  <enabled>Yes</enabled>
  <crc></crc>
  <cloneof></cloneof>
</game>
<game name="Take the A Train (Japan)">
  <description>Take the A Train (Japan)</description>
  <year>1989</year>
  <rating>Other - NR (Not Rated)</rating>
  <manufacturer>Pony Canyon</manufacturer>
  <dev></dev>
  <genre>Simulation</genre>
  <score></score>
  <player></player>
  <story></story>
  <enabled>Yes</enabled>
  <crc></crc>
  <cloneof></cloneof>
</game>
<game name="Tengoku Yoitoko (Japan)">
  <description>Tengoku Yoitoko (Japan)</description>
  <year>1987</year>
  <rating>Other - NR (Not Rated)</rating>
  <manufacturer>Taito Corporation</manufacturer>
  <dev></dev>
  <genre>Role-Playing</genre>
  <score></score>
  <player></player>
  <story></story>
  <enabled>Yes</enabled>
  <crc></crc>
  <cloneof></cloneof>
</game>
<game name="Tetris (Japan)">
  <description>Tetris (Japan)</description>
  <year>1987</year>
  <rating>Other - NR (Not Rated)</rating>
  <manufacturer>AcademySoft / Mirrorsoft</manufacturer>
  <dev></dev>
  <genre>Puzzle</genre>
  <score></score>
  <player></player>
  <story></story>
  <enabled>Yes</enabled>
  <crc></crc>
  <cloneof></cloneof>
</game>
<game name="Title Memory (Japan)">
  <description>Title Memory (Japan)</description>
  <year>1988</year>
  <rating>Other - NR (Not Rated)</rating>
  <manufacturer>Konami</manufacturer>
  <dev></dev>
  <genre>Puzzle</genre>
  <score></score>
  <player></player>
  <story></story>
  <enabled>Yes</enabled>
  <crc></crc>
  <cloneof></cloneof>
</game>
<game name="Topple Zip (Japan)">
  <description>Topple Zip (Japan)</description>
  <year>1986</year>
  <rating>Other - NR (Not Rated)</rating>
  <manufacturer>Bothtec / Eaglesoft</manufacturer>
  <dev></dev>
  <genre>Action</genre>
  <score></score>
  <player></player>
  <story></story>
  <enabled>Yes</enabled>
  <crc></crc>
  <cloneof></cloneof>
</game>
<game name="Treasure of Usas, The (Japan, Europe)">
  <description>Treasure of Usas, The (Japan, Europe)</description>
  <year>1987</year>
  <rating>Other - NR (Not Rated)</rating>
  <manufacturer>Konami</manufacturer>
  <dev></dev>
  <genre>Action</genre>
  <score></score>
  <player></player>
  <story></story>
  <enabled>Yes</enabled>
  <crc></crc>
  <cloneof></cloneof>
</game>
<game name="Tsurikichi Sanpei - Blue Marine Hen (Japan)">
  <description>Tsurikichi Sanpei - Blue Marine Hen (Japan)</description>
  <year>1988</year>
  <rating>Other - NR (Not Rated)</rating>
  <manufacturer>Victor Interactive Software</manufacturer>
  <dev></dev>
  <genre>Sports</genre>
  <score></score>
  <player></player>
  <story></story>
  <enabled>Yes</enabled>
  <crc></crc>
  <cloneof></cloneof>
</game>
<game name="Turikichi Sampei Turisennin Hen (Japan)">
  <description>Turikichi Sampei Turisennin Hen (Japan)</description>
  <year>1989</year>
  <rating>Other - NR (Not Rated)</rating>
  <manufacturer>Victor Interactive Software</manufacturer>
  <dev></dev>
  <genre>Sports</genre>
  <score></score>
  <player></player>
  <story></story>
  <enabled>Yes</enabled>
  <crc></crc>
  <cloneof></cloneof>
</game>
<game name="Ultima III - Exodus (Japan)">
  <description>Ultima III - Exodus (Japan)</description>
  <year>1988</year>
  <rating>Other - NR (Not Rated)</rating>
  <manufacturer>Pony Canyon</manufacturer>
  <dev></dev>
  <genre>Role-Playing</genre>
  <score></score>
  <player></player>
  <story></story>
  <enabled>Yes</enabled>
  <crc></crc>
  <cloneof></cloneof>
</game>
<game name="Urusei Yatsura - Koi no Survival Birthday (Japan)">
  <description>Urusei Yatsura - Koi no Survival Birthday (Japan)</description>
  <year>1987</year>
  <rating>Other - NR (Not Rated)</rating>
  <manufacturer>Micro Cabin</manufacturer>
  <dev></dev>
  <genre>Adventure</genre>
  <score></score>
  <player></player>
  <story></story>
  <enabled>Yes</enabled>
  <crc></crc>
  <cloneof></cloneof>
</game>
<game name="Vampire Killer (Japan)">
  <description>Vampire Killer (Japan)</description>
  <year>1986</year>
  <rating>Other - NR (Not Rated)</rating>
  <manufacturer>Konami</manufacturer>
  <dev></dev>
  <genre>Action</genre>
  <score></score>
  <player></player>
  <story></story>
  <enabled>Yes</enabled>
  <crc></crc>
  <cloneof></cloneof>
</game>
<game name="Victorius Nine II (Japan)">
  <description>Victorius Nine II (Japan)</description>
  <year>1988</year>
  <rating>Other - NR (Not Rated)</rating>
  <manufacturer>Taito Corporation</manufacturer>
  <dev></dev>
  <genre>Sports</genre>
  <score></score>
  <player></player>
  <story></story>
  <enabled>Yes</enabled>
  <crc></crc>
  <cloneof></cloneof>
</game>
<game name="Wizardry - Proving Grounds of Mad Overload (Japan)">
  <description>Wizardry - Proving Grounds of Mad Overload (Japan)</description>
  <year>1987</year>
  <rating>Other - NR (Not Rated)</rating>
  <manufacturer>ASCII Entertainment</manufacturer>
  <dev></dev>
  <genre>Role-Playing</genre>
  <score></score>
  <player></player>
  <story></story>
  <enabled>Yes</enabled>
  <crc></crc>
  <cloneof></cloneof>
</game>
<game name="Woody Poco (Japan)">
  <description>Woody Poco (Japan)</description>
  <year>1987</year>
  <rating>Other - NR (Not Rated)</rating>
  <manufacturer>DB Soft</manufacturer>
  <dev></dev>
  <genre>Action</genre>
  <score></score>
  <player></player>
  <story></story>
  <enabled>Yes</enabled>
  <crc></crc>
  <cloneof></cloneof>
</game>
<game name="Woody Poco (Japan)(Translated En)">
  <description>Woody Poco (Japan)(Translated En)</description>
  <year>1987</year>
  <rating>Other - NR (Not Rated)</rating>
  <manufacturer>DB Soft</manufacturer>
  <dev></dev>
  <genre>Action</genre>
  <score></score>
  <player></player>
  <story></story>
  <enabled>Yes</enabled>
  <crc></crc>
  <cloneof></cloneof>
</game>
<game name="Xevious - Fardraut Saga (Japan)">
  <description>Xevious - Fardraut Saga (Japan)</description>
  <year>1988</year>
  <rating>Other - NR (Not Rated)</rating>
  <manufacturer>Compile / Namco</manufacturer>
  <dev></dev>
  <genre>Shoot-&apos;Em-Up</genre>
  <score></score>
  <player></player>
  <story></story>
  <enabled>Yes</enabled>
  <crc></crc>
  <cloneof></cloneof>
</game>
<game name="Yaksa (Japan)">
  <description>Yaksa (Japan)</description>
  <year>1987</year>
  <rating>Other - NR (Not Rated)</rating>
  <manufacturer>Wolf Tam</manufacturer>
  <dev></dev>
  <genre>Role-Playing</genre>
  <score></score>
  <player></player>
  <story></story>
  <enabled>Yes</enabled>
  <crc></crc>
  <cloneof></cloneof>
</game>
<game name="Yuurei Kun (Japan)">
  <description>Yuurei Kun (Japan)</description>
  <year>1988</year>
  <rating>Other - NR (Not Rated)</rating>
  <manufacturer>System Sacom</manufacturer>
  <dev></dev>
  <genre>Platform</genre>
  <score></score>
  <player></player>
  <story></story>
  <enabled>Yes</enabled>
  <crc></crc>
  <cloneof></cloneof>
</game>
<game name="Zanac-Ex (Japan)">
  <description>Zanac-Ex (Japan)</description>
  <year>1986</year>
  <rating>Other - NR (Not Rated)</rating>
  <manufacturer>Compile</manufacturer>
  <dev></dev>
  <genre>Shoot-&apos;Em-Up</genre>
  <score></score>
  <player></player>
  <story></story>
  <enabled>Yes</enabled>
  <crc></crc>
  <cloneof></cloneof>
</game>
<game name="Zoids (Japan)">
  <description>Zoids (Japan)</description>
  <year>1987</year>
  <rating>Other - NR (Not Rated)</rating>
  <manufacturer>Micronics / Toshiba EMI</manufacturer>
  <dev></dev>
  <genre>Action</genre>
  <score></score>
  <player></player>
  <story></story>
  <enabled>Yes</enabled>
  <crc></crc>
  <cloneof></cloneof>
</game>
<game name="Zombie Hunter (Japan)">
  <description>Zombie Hunter (Japan)</description>
  <year>1988</year>
  <rating>Other - NR (Not Rated)</rating>
  <manufacturer>Hi-Score Media Work</manufacturer>
  <dev></dev>
  <genre>Action</genre>
  <score></score>
  <player></player>
  <story></story>
  <enabled>Yes</enabled>
  <crc></crc>
  <cloneof></cloneof>
</game>
<game name="Zukkoke Yajikita Onmitsudoutyuu (Japan)">
  <description>Zukkoke Yajikita Onmitsudoutyuu (Japan)</description>
  <year>1987</year>
  <rating>Other - NR (Not Rated)</rating>
  <manufacturer>Hal</manufacturer>
  <dev></dev>
  <genre>Action</genre>
  <score></score>
  <player></player>
  <story></story>
  <enabled>Yes</enabled>
  <crc></crc>
  <cloneof></cloneof>
</game>
</menu>
