<?xml version='1.0' encoding='UTF-8'?>
<addons>
    <addon id="repository.chrisism" name="Chrisism's repository" provider-name="chrisism" version="1.0.0">
        
        <extension name="Chrisism's repository" point="xbmc.addon.repository">
            <info compressed="false">https://raw.githubusercontent.com/chrisism/repository.chrisism/master/addons.xml</info>
            <checksum>https://raw.githubusercontent.com/chrisism/repository.chrisism/master/addons.xml.md5</checksum>
            <datadir zip="true">https://raw.githubusercontent.com/chrisism/repository.chrisism/master/</datadir>
        </extension>
        <extension point="xbmc.addon.metadata">
            <summary lang="en">Kodi repository for addons</summary>
            <description lang="en">Kodi repository for addons</description>
            <platform>all</platform>
        </extension>
    </addon>
</addons>