<includes>
	
	<!-- Netflix 1 Spotlight Widget -->
	<include name="NetFlixHomeSpotLightWidget">
        <control type="group">
            <left>50</left>
            <width>1820</width>
            <height>500</height>
            <top>140</top>
            <!-- background panel -->
            <control type="image">
                <texture border="15">diffuse/bgpanel.png</texture>
                <colordiffuse>$VAR[ViewDetailsPanelColor]</colordiffuse>
                <aspectratio>stretch</aspectratio>
                <visible>!Skin.HasSetting(HideWidgetPanelBackground)</visible>
            </control>

            <control type="grouplist">
                <width>47%</width>
                <left>10</left>
                <posy>10</posy>
                <bottom>10</bottom>
                <orientation>vertical</orientation>
                <control type="label">
                    <height>60</height>
                    <width>99%</width>
                    <font>Reg36</font>
                    <align>left</align>
                    <aligny>top</aligny>
                    <textcolor>$INFO[Skin.String(ViewDetailsTextColor)]</textcolor>
                    <shadowcolor>$INFO[Skin.String(ViewDetailsTextShadowColor)]</shadowcolor>
                    <label>$VAR[HomeMenuWidgetInfoLabel]</label>
                </control>
                <control type="textbox">
                    <height>240</height>
                    <width>99%</width>
                    <label>$VAR[HomeMenuWidgetInfoPlotAlt]</label>
                    <textcolor>$INFO[Skin.String(ViewDetailsTextColor)]</textcolor>
                    <shadowcolor>$INFO[Skin.String(ViewDetailsTextShadowColor)]</shadowcolor>
                    <align>justify</align>
                    <font>Light28</font>
                    <visible>Control.IsVisible(505)</visible>
                </control>
                <control type="textbox">
                    <height>329</height>
                    <width>99%</width>
                    <label>$VAR[HomeMenuWidgetInfoPlotAlt]</label>
                    <textcolor>$INFO[Skin.String(ViewDetailsTextColor)]</textcolor>
                    <shadowcolor>$INFO[Skin.String(ViewDetailsTextShadowColor)]</shadowcolor>
                    <align>justify</align>
                    <font>Light28</font>
                    <visible>!Control.IsVisible(505)</visible>
                </control>
                <control type="label">
                    <height>45</height>
                    <label></label>
                </control>
                <control type="group">
                    <height>100</height>
                    <width>99%</width>
                    <left>5</left>
                    <include>mediaflags</include>
                    <visible>Control.IsVisible(505) | [!Control.IsVisible(505) + !String.IsEmpty(Window(Home).Property(ListItem.VideoCodec))]</visible>
                </control>
            </control>
            <control type="grouplist" id="505">
                <width>800</width>
                <bottom>10</bottom>
                <left>10</left>
                <height>55</height>
                <orientation>horizontal</orientation>
                <onleft>300</onleft>
                <visible allowhiddenfocus="true">ControlGroup(505).HasFocus() + Integer.IsGreater(Container(1508).NumItems,0)</visible>
                <control type="button" id="51">
                    <description>Play</description>
                    <width>320</width>
                    <height>100%</height>
                    <label>208</label>
                    <onright>52</onright>
                    <onleft>300</onleft>
                    <ondown>77777</ondown>
                    <onup>77777</onup>
                    <include content="WidgetsAutoRotate" condition="Skin.String(widgets_rotate_delay) + !Skin.String(widgets_rotate,disabled)">
                        <param name="interval" value="$INFO[Skin.String(widgets_rotate_delay)]" />
                    </include>
                    <onfocus>Setproperty(SkinHelper.WidgetContainer,1508)</onfocus>
                    <onclick>PlayMedia($ESCINFO[Container(1508).ListItem.FileNameAndPath])</onclick>
                </control>
                <control type="button" id="52">
                    <description>Info</description>
                    <width>320</width>
                    <height>100%</height>
                    <label>19033</label>
                    <onleft>51</onleft>
                    <onright>53</onright>
                    <ondown>77777</ondown>
                    <onup>77777</onup>
                    <include content="WidgetsAutoRotate" condition="Skin.String(widgets_rotate_delay) + !Skin.String(widgets_rotate,disabled)">
                        <param name="interval" value="$INFO[Skin.String(widgets_rotate_delay)]" />
                    </include>
                    <onclick>RunScript(script.skin.helper.service,action=showinfo)</onclick>
                    <onfocus>Setproperty(SkinHelper.WidgetContainer,1508)</onfocus>
                </control>
                <control type="radiobutton" id="53">
                    <label></label>
                    <height>100%</height>
                    <width>60</width>
                    <height>60</height>
                    <textureradiofocus colordiffuse="$INFO[Skin.String(ButtonFocusTextColor)]">dialogs/keyboard/left.png</textureradiofocus>
                    <textureradionofocus colordiffuse="$INFO[Skin.String(ButtonTextColor)]">dialogs/keyboard/left.png</textureradionofocus>
                    <radiowidth>40</radiowidth>
                    <radioheight>40</radioheight>
                    <radioposx>0</radioposx>
                    <onright>54</onright>
                    <onleft>52</onleft>
                    <ondown>77777</ondown>
                    <onclick>Control.Move(1508,-1)</onclick>
                    <selected>Control.HasFocus(53)</selected>
                </control>
                <control type="radiobutton" id="54">
                    <label></label>
                    <height>100%</height>
                    <width>60</width>
                    <height>60</height>
                    <onleft>53</onleft>
                    <ondown>77777</ondown>
                    <textureradiofocus colordiffuse="$INFO[Skin.String(ButtonFocusTextColor)]">dialogs/keyboard/right.png</textureradiofocus>
                    <textureradionofocus colordiffuse="$INFO[Skin.String(ButtonTextColor)]">dialogs/keyboard/right.png</textureradionofocus>
                    <radiowidth>40</radiowidth>
                    <radioheight>40</radioheight>
                    <radioposx>0</radioposx>
                    <onclick>Control.Move(1508,1)</onclick>
                    <selected>Control.HasFocus(54)</selected>
                </control>
            </control>

            <!-- spotlight widget -->
            <control type="panel" id="1508">
                <right>60</right>
                <top>10</top>
                <width>960</width>
                <height>555</height>
                <orientation>horizontal</orientation>
                <focusposition>2</focusposition>
                <onup>51</onup>
                <ondown>51</ondown>
                <onfocus>51</onfocus>
                <scrolltime tween="cubic" easing="inout">500</scrolltime>
                <itemlayout width="960" height="555">
                </itemlayout>
                <focusedlayout width="960" height="555">
                    <include content="HiddenWidgetButton">
                        <param name="widgetstyle" value="spotlight" />
                        <param name="widgetId" value="1508" />
                    </include>
                </focusedlayout>
                <content target="videos">$VAR[NetFlixHomeSpotLightWidgetContent]</content>
            </control>

            <!-- spotlight image  -->
            <control type="group">
                <right>10</right>
                <top>10</top>
                <width>50%</width>
                <bottom>10</bottom>
                <control type="image">
                    <bordersize>5</bordersize>
                    <texture background="true" diffuse="diffuse/wide.png">$VAR[EnhancedHomeSpotLightWidgetImage]</texture>
                    <aspectratio scalediffuse="false">scale</aspectratio>
                    <fadetime>350</fadetime>
                </control>
                <control type="image">
                    <bottom>8</bottom>
                    <right>8</right>
                    <width>50%</width>
                    <height>50%</height>
                    <bordersize>5</bordersize>
                    <aspectratio align="right" aligny="bottom">keep</aspectratio>
                    <texture background="true">$VAR[HomeMenuWidgetInfoclearlogo]</texture>
                </control>
            </control>

            <!-- busy image while widget loading -->
            <control type="multiimage">
                <left>50</left>
                <top>50</top>
                <width>100</width>
                <height>100</height>
                <aspectratio>keep</aspectratio>
                <imagepath>$INFO[Skin.String(SkinHelper.SpinnerTexture.Path)]</imagepath>
                <timeperimage>100</timeperimage>
                <colordiffuse>$INFO[Skin.String(SpinnerTexture.Color)]</colordiffuse>
                <fadetime>0</fadetime>
                <visible>!Skin.String(SkinHelper.SpinnerTexture.Path,None)</visible>
                <visible>Control.IsVisible(1508) + Container(1508).IsUpdating</visible>
            </control>
        </control>
    </include>
	
	<!-- Netflix 1 Home -->
	<include name="HomeNetflix">

        <include>NowPlayingModern</include>

        <control type="group" id="9000">
            <animation time="300" effect="fade" start="100" end="20" reversible="true" easing="inout" condition="[ControlGroup(9001).HasFocus() + window.isactive(home)] | ControlGroup(300).HasFocus() | String.IsEqual(Window(Home).Property(ShowViewSubMenu),show) | Control.HasFocus(300)">Conditional</animation>

            <!-- spotlight -->
            <include condition="!Skin.HasSetting(NetflixHomeDisableFirstRow)">NetFlixHomeSpotLightWidget</include>

            <!-- all widgets -->
            <control type="grouplist" id="77777">
                <include content="NetFlixHome_WidgetPos" condition="Skin.HasSetting(NetflixHomeDisableFirstRow)">
					<param name="top" value="100"/>
					<param name="bottom" value="5"/>
				</include>
				<include condition="!Skin.HasSetting(NetflixHomeDisableFirstRow)">NetFlixHome_WidgetPos</include>
                
                <left>50</left>
                <right>50</right>
                
				<orientation>vertical</orientation>
				<usecontrolcoords>true</usecontrolcoords>
				<scrolltime tween="cubic" easing="in">300</scrolltime>
				<itemgap>-40</itemgap>
				<pagecontrol>317</pagecontrol>
                
				
                <ondown>77777</ondown>
                <onfocus>ClearProperty(ShowViewSubMenu, Home)</onfocus>
                <onleft condition="!Skin.HasSetting(EnhancedHome_Circular)">300</onleft>
                <onup condition="!Skin.HasSetting(NetflixHomeDisableFirstRow)">505</onup>
                <onback>300</onback>
                <include content="WidgetsAutoRotate" condition="Skin.String(widgets_rotate_delay) + !Skin.String(widgets_rotate,disabled)">
                    <param name="interval" value="$INFO[Skin.String(widgets_rotate_delay)]" />
                </include>
				<include>1stRow_AlignmentCorrection</include>
				<include>skinshortcuts-template-Widgets</include>
            </control>

            <control type="scrollbar" id="317">
                <right>50</right>
                <bottom>0</bottom>
                <onleft>77777</onleft>
                <onright>300</onright>
                <showonepage>false</showonepage>
                <visible>[Skin.HasSetting(EnableTouchSupport) | Skin.HasSetting(alwaysShowScrollbars)]</visible>
            </control>
            <!-- Header -->
            <include>Header</include>
        </control>
        <!--Sub Menu Tab Left-->
        <control type="group">
            <animation type="Conditional" condition="ControlGroup(300).HasFocus()">
                <effect type="fade" start="100" end="0" time="100" />
            </animation>
            <animation type="Conditional" condition="!ControlGroup(300).HasFocus()">
                <effect type="fade" start="0" end="100" time="400" delay="600" />
            </animation>
            <control type="button" id="99001">
                <posx>0</posx>
                <posy>470</posy>
                <width>32</width>
                <height>140</height>
                <align>center</align>
                <aligny>center</aligny>
                <label>[UPPERCASE]$LOCALIZE[33061][/UPPERCASE]</label>
                <textoffsetx>0</textoffsetx>
                <textoffsety>23</textoffsety>
                <angle>90</angle>
                <textwidth>140</textwidth>
                <font>Reg20</font>
                <textcolor>$INFO[Skin.String(GeneralTextColor)]</textcolor>
                <texturefocus colordiffuse="$INFO[Skin.String(ButtonFocusColor)]">colors/color_white.png</texturefocus>
                <texturenofocus colordiffuse="$INFO[Skin.String(GeneralPanelsColor)]">colors/color_white.png</texturenofocus>
                <onclick condition="!String.IsEqual(Window(Home).Property(ShowViewSubMenu),show)">SetProperty(ShowViewSubMenu, show, Home)</onclick>
                <onclick condition="String.IsEqual(Window(Home).Property(ShowViewSubMenu),show)">ClearProperty(ShowViewSubMenu, Home)</onclick>
                <animation effect="fade" start="100" end="80" time="0" condition="!Control.HasFocus(99001)">Conditional</animation>
            </control>
        </control>

        <!--Side Menu BIG-->
        <control type="group">
            <top>0</top>
            <left>0</left>
            <include condition="Skin.HasSetting(NetFlixHome_LargeMenu)">HomeBigVertical</include>
            <animation type="Conditional" condition="![ControlGroup(300).HasFocus() | String.IsEqual(Window(Home).Property(ShowViewSubMenu),show) | Control.HasFocus(300)]">
                <effect type="slide" start="0" end="-660" time="300" delay="0" tween="cubic" easing="inout" />
            </animation>
        </control>
        <!-- Side Menu Small -->
        <include condition="!Skin.HasSetting(NetFlixHome_LargeMenu)">SideBladeMainMenu</include>
    </include>
	
	<!-- Netflix Home 2 -->
	<include name="HomeNetflix2">
		<control type="group" id="9000">
            <include>NetflixHome_PanelSlide</include>
			
			<!-- spotlight previewwindow section right check if property needed-->
			<control type="group">
				<visible>!String.IsEmpty(Window(Home).Property(FocusSpotlightButtons))</visible>
				<animation effect="fade" time="800">VisibleChange</animation>
				<include content="SpotlightVideoWindow">
					<param name="width" value="100%" />
					<param name="height" value="100%" />
				</include>
			</control>
			
			<!-- MPAA Info while SPOTLIGHT TRAILER is playing -->
			<control type="group">
				<visible>!String.IsEmpty(Control.GetLabel(5633398)) + !String.IsEmpty(Window(Home).Property(FocusSpotlightButtons)) + Player.HasVideo</visible>
				<animation time="800" delay="200" effect="slide" start="0,0" end="-200,0">VisibleChange</animation>
				<right>-180</right>
				<top>675</top>
				<height>55</height>
				<width>180</width>
				<control type="image">
					<height>55</height>
					<width>5</width>
					<align>left</align>
					<aligny>center</aligny>
					<texture colordiffuse="$INFO[Skin.String(ViewNetfixHighlightTextColor)]">colors/color_white.png</texture>
				</control>
				<control type="image">
					<left>10</left>
					<height>55</height>
					<width>200</width>
					<texture colordiffuse="cc242424">colors/color_white.png</texture>
				</control>
				<control type="label" id="5633398">
					<left>30</left>
					<height>55</height>
					<width>130</width>
					<align>left</align>
					<font>Reg28</font>
					<textcolor>white</textcolor>
					<label>$VAR[RatingFlagVar]</label>
				</control>
			</control>
			
			<!-- common previewwindow section right -->
			<control type="group">
				<visible>String.IsEmpty(Window(Home).Property(FocusSpotlightButtons))</visible>
				<animation effect="fade" time="800">VisibleChange</animation>
				<include content="SpotlightVideoWindow">
					<param name="width" value="1395" />
					<param name="height" value="884" />
				</include>
			</control>
			
			<!-- ARTWORK image Common WIDGETS -->
			<control type="group">
				<visible>String.IsEmpty(Window(Home).Property(FocusSpotlightButtons))</visible>
				<animation effect="fade" time="800">VisibleChange</animation>
			    <include content="SpotlightArtwork">
					<param name="width" value="1330" />
					<param name="height" value="762" />
					<param name="diffuse" value="diffuse/netflixnornerdiffuse.png" />
				</include>
			</control>
			
			<!-- ARTWORK image Spotlight WIDGETS -->
			<control type="group">
				<visible>!String.IsEmpty(Window(Home).Property(FocusSpotlightButtons))</visible>
				<animation effect="fade" time="800">VisibleChange</animation>
				<include content="SpotlightArtwork">
					<param name="width" value="100%" />
					<param name="height" value="100%" />
					<param name="diffuse" value="special://home/addons/resource.images.backgroundoverlays.basic/resources/Spot.png" />
				</include>
				<!-- SPOTLIGHT  WIDGET overlay 
				<control type="image">
					<width>100%</width>
					<height>100%</height>
					<colordiffuse>$INFO[Skin.String(NetflixBGColor)]</colordiffuse>
					<texture border="5">Overlay.png</texture>
				</control>
				-->
			</control>
			
			<!-- SPOTLIGHT AREA INFOS (left) -->
			<control type="group">
				<left>130</left>
				<width>1820</width>
				
				<visible>!Skin.HasSetting(NetflixHomeDisableFirstRow)</visible>
				<!-- INFOS -->
				<control type="grouplist">
					<animation time="300" effect="slide" end="0,120" reversible="true" easing="inout" condition="!String.IsEmpty(Window(Home).Property(FocusSpotlightButtons))">Conditional</animation>
					
					<width>850</width>
					<height>650</height>
					<top>10</top>
					<bottom>10</bottom>
					<orientation>vertical</orientation>
					<itemgap>10</itemgap>
					<usecontrolcoords>true</usecontrolcoords>
					
					<!-- clearlogo -->
					<control type="image" id="1601">
						<!-- <visible>!String.IsEmpty(Control.GetLabel(1601))</visible> -->
						<visible>!String.IsEmpty(Control.GetLabel(1601)) + String.IsEmpty(Window(Home).Property(SpotlightTrailerPlaying))</visible>
						<height>245</height>
						<bordersize>10</bordersize>
						<aspectratio align="left" aligny="top">keep</aspectratio>
						<texture background="true">$VAR[ListItemClearLogo]</texture>
					</control>
					<!-- Label,  3rows no clearlogo replace clearlogo on trailer playback, temp solution trough widget refresh on playback, force clearlogo property refresh					-->
					<control type="textbox">
						<visible>String.IsEmpty(Control.GetLabel(1601)) | !String.IsEmpty(Window(Home).Property(SpotlightTrailerPlaying))</visible>
						<!-- <visible>String.IsEmpty(Control.GetLabel(1601))</visible> -->
						<height>235</height>
						<width>600</width>
						<wrapmultiline>true</wrapmultiline>
						<include condition="Skin.HasSetting(UseHelveticaNeueNetflix_font)">font_Netflix_Title</include>
						<include condition="!Skin.HasSetting(UseHelveticaNeueNetflix_font)">font_Def_Title</include>
						<align>left</align>
						<aligny>bottom</aligny>
						 <textcolor>$INFO[Skin.String(ViewNetfixHighlightTextColor)]</textcolor>
						<label>$VAR[HomeMenuWidgetInfoLabel]</label>
					</control>
					
					<!-- detail 1 row Home -->
					<control type="group">
						<height>50</height>
						<width>100%</width>
						<!-- <include>Netflix_FlagsDetails</include> -->
						<include>SpotlightRowDetails</include>
						<visible>String.IsEmpty(Window(Home).Property(FocusSpotlightButtons))</visible>
					</control>
					<!-- subtitle: MOTTO for Movies-->
					<!-- <control type="label">
						<top>-8</top>
						<height>50</height>
						<width>700</width>
						<include condition="Skin.HasSetting(UseHelveticaNeueNetflix_font)">font_Netflix_DetailRow</include>
						<include condition="!Skin.HasSetting(UseHelveticaNeueNetflix_font)">font_Def_DetailRow</include>
						<align>left</align>
						<aligny>center</aligny>
						<wrapmultiline>true</wrapmultiline>
						<textcolor>$INFO[Skin.String(ViewNetfixHighlightTextColor)]</textcolor>
						<label>$INFO[ListItem.TagLine,[B][I],[/B][/I]]</label>
						<visible>!String.IsEmpty(ListItem.TagLine)</visible>
					</control> -->
					<!-- detail 1 spacer for spotlight buttons  Home -->
					<control type="group">
						<height>120</height>
						<width>1</width>
						<visible>!String.IsEmpty(Window(Home).Property(FocusSpotlightButtons))</visible>
					</control>
					
					<!-- episode info -->
                    <control type="grouplist" id="588688">
                        <visible>String.IsEmpty(Window(Home).Property(FocusSpotlightButtons)) + [String.IsEqual(ListItem.DBTYPE,episode) | String.IsEqual(ListItem.Property(DBTYPE),episode) | String.IsEqual(Window(Home).Property(ListItem.DBTYPE,episode)) | String.IsEqual(Window(Home).Property(ListItem.Property(DBTYPE)),episode)]</visible>
                        <orientation>vertical</orientation>
                        <height>125</height>
                        <width>600</width>
                        <include>Default_Fade</include>
                        <!-- next episode label -->
                        <control type="label">
                            <visible>!Integer.IsGreater(ListItem.PercentPlayed,0)</visible>
                            <height>25</height>
                            <width>600</width>
                            <include condition="Skin.HasSetting(UseHelveticaNeueNetflix_font)">font_Netflix_Plot</include>
							<include condition="!Skin.HasSetting(UseHelveticaNeueNetflix_font)">font_Plot</include>
							<align>left</align>
                            <aligny>center</aligny>
                            <textcolor>$INFO[Skin.String(NetflixPrimaryTextColor)]</textcolor>
                            <label>[CAPITALIZE][B]$LOCALIZE[31212][/B][/CAPITALIZE]</label>
                        </control>
                        <!-- season x episode x & title -->
                        <control type="label">
                            <height>25</height>
                            <width>650</width>
                            <include condition="Skin.HasSetting(UseHelveticaNeueNetflix_font)">font_Netflix_Plot</include>
							<include condition="!Skin.HasSetting(UseHelveticaNeueNetflix_font)">font_Plot</include>
							<align>left</align>
							<aligny>center</aligny>
                            <textcolor>$INFO[Skin.String(NetflixSecondaryTextColor)]</textcolor>
                            <label>$VAR[NetflixEpisodeInfoLabel]</label>
                        </control>
                        <!-- progress bar & continue label -->
                        <control type="group">
                            <visible>Integer.IsGreater(ListItem.PercentPlayed,0)</visible>
                            <width>600</width>
                            <height>40</height>
                            <aligny>center</aligny>
                            <!-- Progress bar -->
                            <control type="progress">
                                <description>progress bar</description>
                                <left>3</left>
								<top>16</top>
                                <width>150</width>
                                <height>5</height>
                                <align>left</align>
                                <texturebg colordiffuse="B1FFFFFF" border="2">colors/color_white.png</texturebg>
                                <lefttexture></lefttexture>
                                <midtexture colordiffuse="$INFO[Skin.String(ViewNetfixHighlightTextColor)]" border="2">colors/color_white.png</midtexture>
                                <righttexture></righttexture>
                                <info>ListItem.PercentPlayed</info>
                            </control>
                            <!--continue watching -->
                            <control type="label">
                                <left>175</left>
                                <height>30</height>
                                <width>600</width>
								<include condition="Skin.HasSetting(UseHelveticaNeueNetflix_font)">font_Netflix_Plot</include>
								<include condition="!Skin.HasSetting(UseHelveticaNeueNetflix_font)">font_Plot</include>
								<textcolor>$INFO[Skin.String(ViewNetfixHighlightTextColor)]</textcolor>
                                <label>[B]$LOCALIZE[31535][/B]</label>
                            </control>
                        </control>
                    </control>
                    
					<!-- PLOT Episodes -->
					<control type="textbox">
						<visible>[String.IsEqual(ListItem.DBTYPE,episode) | String.IsEqual(ListItem.Property(DBTYPE),episode) | String.IsEqual(Window(Home).Property(ListItem.DBTYPE,episode)) | String.IsEqual(Window(Home).Property(ListItem.Property(DBTYPE)),episode)]</visible>
						<top>5</top>
						<height max="125">auto</height>
						<width>600</width>
						<label>$VAR[HomeMenuWidgetInfoPlot]</label>
						<textcolor>$INFO[Skin.String(NetflixPrimaryTextColor)]</textcolor>
						<align>left</align>
						<include condition="Skin.HasSetting(UseHelveticaNeueNetflix_font)">font_Netflix_Plot</include>
						<include condition="!Skin.HasSetting(UseHelveticaNeueNetflix_font)">font_Plot</include>
					</control>
					<!-- PLOT common -->
					<control type="textbox">
						<visible>![String.IsEqual(ListItem.DBTYPE,episode) | String.IsEqual(ListItem.Property(DBTYPE),episode) | String.IsEqual(Window(Home).Property(ListItem.DBTYPE,episode)) | String.IsEqual(Window(Home).Property(ListItem.Property(DBTYPE)),episode)]</visible>
						<height max="205">auto</height>
						<width>600</width>
						<label>$VAR[HomeMenuWidgetInfoPlot]</label>
						<textcolor>$INFO[Skin.String(NetflixPrimaryTextColor)]</textcolor>
						<align>left</align>
						<include condition="Skin.HasSetting(UseHelveticaNeueNetflix_font)">font_Netflix_Plot</include>
						<include condition="!Skin.HasSetting(UseHelveticaNeueNetflix_font)">font_Plot</include>
					</control>
					<!-- decide to use random info (cast,genre,director,nominations sometime -->
					<control type="grouplist">
						<visible>String.IsEmpty(Window(Home).Property(FocusSpotlightButtons))</visible>
						<height>60</height>
						<orientation>horizontal</orientation>
						<itemgap>10</itemgap>
						<usecontrolcoords>true</usecontrolcoords>
						<align>left</align>
						<include>Netflix_Genre</include>
					</control>
				</control>
				
				<!-- media flags -->
                <control type="group">
					<animation time="1200" effect="slide" end="0,150" reversible="false" easing="inout" condition="!String.IsEmpty(Window(Home).Property(FocusSpotlightButtons))">Conditional</animation>
					<posx>10</posx>
					<height>52</height>
                    <top>620</top>
                    <include>mediaflags</include>
					<animation alignx="true" aligny="true" effect="zoom" end="70,70" time="0" condition="Skin.String(mediaflagsstyle,large) | Skin.String(mediaflagsstyle,large_color)">Conditional</animation>					
				</control>
				<!-- ratings & studio -->
                <control type="group">
                    <right>60</right>
                    <top>520</top>
                    <height>150</height>
                    <width>1000</width>
                    <include>AltRatingFooter</include>
					<animation time="1200" effect="slide" end="0,150" reversible="false" easing="inout" condition="!String.IsEmpty(Window(Home).Property(FocusSpotlightButtons))">Conditional</animation>
				</control>
			
			</control>
			
			<!-- spotlight Buttons -->
			<control type="grouplist" id="30000">
				<orientation>horizontal</orientation>
				<height>75</height>
				<top>380</top>
				<left>120</left>
				<itemgap>10</itemgap>
				<visible>!String.IsEmpty(Window(Home).Property(FocusSpotlightButtons))</visible>
				
				<onleft>30000</onleft>
				<onright>30000</onright>
				<onback>300</onback>
				<onback>SetProperty(DontFocusSpotlightButtons,true,Home)</onback>
				<onback>ClearProperty(FocusSpotlightButtons, Home)</onback>
				
				<control type="radiobutton" id="3010">
					<description>Select, will get issues if not using default select action</description>
					<width>290</width>
					<height>65</height>
					<font>Reg30</font>
					<label>[CAPITALIZE]$VAR[Spotlight_SelectActionLabel][/CAPITALIZE]</label>
					
					<include content="SpotlightButton_UseTransBG" condition="Skin.HasSetting(SpotlightButton_UseNF_Frame)">
						<param name="radiobutton" value="netflix/play.png"/>
					</include>
					<include content="SpotlightButton_UseFrame" condition="!Skin.HasSetting(SpotlightButton_UseNF_Frame)">
						<param name="radiobutton" value="netflix/play.png"/>
					</include>
					
					<onup>SetProperty(DontFocusSpotlightButtons,true,Home)</onup>
					<onup>ClearProperty(FocusSpotlightButtons, Home)</onup>
					<onup>SetFocus(77777)</onup>
					
					<ondown>SetProperty(DontFocusSpotlightButtons,true,Home)</ondown>
					<ondown>ClearProperty(FocusSpotlightButtons, Home)</ondown>
					<ondown>77777</ondown>
					
					<onclick>SetFocus(77777)</onclick>
					<onclick>Action(Select)</onclick>
				 
				 </control>
			
				
				<control type="radiobutton" id="3011">
					<description>TRAILER</description>
					<visible>!Skin.HasSetting(SpotLightTrailers)</visible>
					<width>290</width>
					<height>65</height>
					<font>Reg30</font>
					<label>$LOCALIZE[20410]</label>
				   
					<include content="SpotlightButton_UseTransBG" condition="Skin.HasSetting(SpotlightButton_UseNF_Frame)">
						<param name="radiobutton" value="netflix/tvshowstatus.png"/>
					</include>
					<include content="SpotlightButton_UseFrame" condition="!Skin.HasSetting(SpotlightButton_UseNF_Frame)">
						<param name="radiobutton" value="netflix/tvshowstatus.png"/>
					</include>
					
					<onup>SetProperty(DontFocusSpotlightButtons,true,Home)</onup>
					<onup>ClearProperty(FocusSpotlightButtons, Home)</onup>
					<onup>SetFocus(77777)</onup>
					<ondown>SetProperty(DontFocusSpotlightButtons,true,Home)</ondown>
					<ondown>ClearProperty(FocusSpotlightButtons, Home)</ondown>
					<ondown>SetFocus(77777)</ondown>
					
					<onclick>SetFocus(77777)</onclick>
					<onclick>SetProperty(SpotlightTrailerPlaying,home)</onclick>
					<onclick condition="!String.IsEmpty(Window(home).Property(trailer_avail))">PlayMedia($INFO[listitem.path]$INFO[ListItem.FolderName,,-trailer.mp4],1)</onclick>
					<onclick condition="String.IsEmpty(Window(home).Property(trailer_avail))">PlayMedia($INFO[ListItem.Trailer],1)</onclick>
					<onclick condition="!String.IsEmpty(Window(home).Property(ForceOnlineTrailer))">RunScript(script.skin.helper.service,action=playtraileryoutube,mode=windowed,title=$INFO[ListItem.Title],local=true)</onclick>
				
				</control>
			
				<control type="radiobutton" id="3013">
					<description>INFO 29915  vs Summary 20037</description>
					<width>290</width>
					<height>65</height>
					<font>Reg30</font>
					<label>[CAPITALIZE]$LOCALIZE[29915][/CAPITALIZE]</label>
					<visible>!String.IsEqual(Window(Home).Property(ListItem.dbtype),season)</visible>
					<include content="SpotlightButton_UseTransBG" condition="Skin.HasSetting(SpotlightButton_UseNF_Frame)">
						<param name="radiobutton" value="netflix/info2.png"/>
					</include>
					<include content="SpotlightButton_UseFrame" condition="!Skin.HasSetting(SpotlightButton_UseNF_Frame)">
						<param name="radiobutton" value="netflix/info2.png"/>
					</include>
					
					<textcolor>$INFO[Skin.String(HomeSpotlightButtonFocusBGColor)]</textcolor>                       
					<focusedcolor>$INFO[Skin.String(HomeSpotlightButtonFocusLabelColor)]</focusedcolor>
					
					<onup>SetProperty(DontFocusSpotlightButtons,true,Home)</onup>
					<onup>ClearProperty(FocusSpotlightButtons, Home)</onup>
					<onup>SetFocus(77777)</onup>
					<ondown>SetProperty(DontFocusSpotlightButtons,true,Home)</ondown>
					<ondown>ClearProperty(FocusSpotlightButtons, Home)</ondown>
					<ondown>SetFocus(77777)</ondown>
					
					<onclick>SetFocus(77777)</onclick>
					<onclick>Action(Info)</onclick>
				</control>
				
				<!-- <control type="button" id="3019">
					<description>hidden button to send click to play trailer</description>
					<width>1</width>
					<height>65</height>
					<font></font>
					<label></label>
					<visible>Skin.HasSetting(SpotLightTrailers) + !Player.HasVideo</visible>
					<texturefocus></texturefocus>
					<texturenofocus></texturenofocus>
					
					<onfocus>SetFocus(77777)</onfocus>
					<onfocus>SetProperty(SpotlightTrailerPlaying,home)</onfocus>
					
					<onfocus condition="!String.IsEmpty(Window(home).Property(trailer_avail))">PlayMedia($INFO[listitem.path]$INFO[ListItem.FolderName,,-trailer.mp4],1)</onfocus>
					<onfocus condition="[!String.IsEmpty(ListItem.Trailer) + String.IsEmpty(Window(home).Property(trailer_avail))]">PlayMedia($INFO[ListItem.Trailer],1)</onfocus>
					<onfocus condition="[[String.IsEmpty(Window(home).Property(trailer_avail)) + String.IsEmpty(ListItem.Trailer)] | ListItem.IsCollection | String.Contains(ListItem.Path,http)]">RunScript(script.skin.helper.service,action=playtraileryoutube,mode=windowed,title=$INFO[ListItem.Title],local=true)</onfocus>
				</control> -->
			</control>
			
			<!-- STANDARD widgets -->
            <control type="grouplist" id="77777">
				<description>shortcuts templates need overhaul, may not worth it, use seperate containers instead of whole group</description>
				<!-- temp solution ,till widgetid header pos fixed/changed-->
				<animation effect="slide" start="0" end="0,170" time="1200" condition="!String.IsEmpty(Window(Home).Property(FocusSpotlightButtons)) + String.EndsWith(Window(Home).Property(widgetstyle),netflixspotlight)" reversible="false">Conditional</animation>
				
				<include content="NetFlixHome_WidgetPos" condition="Skin.HasSetting(NetflixHomeDisableFirstRow)">
					<param name="top" value="100"/>
					<param name="bottom" value="100"/>
				</include>
                <include content="NetFlixHome_WidgetPos" condition="!Skin.HasSetting(NetflixHomeDisableFirstRow)" />
                
				<left>120</left>
				<width>1800</width>
				<orientation>vertical</orientation>
				<usecontrolcoords>true</usecontrolcoords>
				<scrolltime tween="cubic" easing="in">300</scrolltime>
				<itemgap>-40</itemgap>
                <pagecontrol>317</pagecontrol>
				<ondown>1510</ondown>
				<onup>77777</onup>
                <onfocus>ClearProperty(ShowViewSubMenu, Home)</onfocus>
                <onleft condition="!Skin.HasSetting(EnhancedHome_Circular)">300</onleft>
                <onback>300</onback>
                <!-- <onback>SetFocus($PARAM[widgetid],0,absolute)</onback> -->
                
				<include content="WidgetsAutoRotate" condition="Skin.String(widgets_rotate_delay) + !Skin.String(widgets_rotate,disabled)">
                    <param name="interval" value="$INFO[Skin.String(widgets_rotate_delay)]" />
                </include>
				<include condition="Window.IsActive(Home)">1stRow_AlignmentCorrection</include>
				
				<control type="group" id="77999">
					<visible>!Window.IsActive(Home)</visible>
					<height>25</height>
					<description>temp circumstance wrong positioning 1st widget Netflix HUBS</description>
				</control>
				
				<include condition="Window.IsActive(Home)">skinshortcuts-template-Widgets</include>
				<include condition="Window.IsActive(3018)">netflix_items_movies</include>
                <include condition="Window.IsActive(3017)">netflix_items_tvshows</include>
            </control>

            
        </control>
        

		<!-- NETFLIX SideBlade MainMenu -->
        <control type="group" id="9001">
            <posx>-360</posx>
            <posy>0</posy>
            <visible>!Window.IsActive(virtualkeyboard)</visible>
            <!-- panel -->
            <control type="group">
                <orientation>horizontal</orientation>
				<!-- slide PANEL on focus MENU -->
				<include>NetflixHome_ICONPos_WidgetOffset</include>
				<!-- slide on focus offset container 0 -->
				<!-- <animation type="Conditional" condition="[ControlGroup(9001).HasFocus() + window.isactive(home)] | ControlGroup(300).HasFocus() | String.IsEqual(Window(Home).Property(ShowViewSubMenu),show) | Control.HasFocus(300)">
					<effect type="slide" start="0" end="405" time="300" delay="0" tween="cubic" easing="inout" />
				</animation> -->
				
                <posy>-5%</posy>
                <posx>-20</posx>
                <width>485</width>
                <height>110%</height>
                
                <!-- bg -->
                <control type="image">
					<visible>String.IsEqual(Window(Home).Property(ShowViewSubMenu),show) | Control.HasFocus(300)</visible>
					<animation type="VisibleChange">
						<effect type="fade" start="0" end="100" time="400" />
					</animation>
					<include>NetflixHome_PanelSlide</include>
                    <align>left</align>
					<width>482</width>
                    <height>110%</height>
                    <texture>colors/color_white.png</texture>
                    <colordiffuse>$INFO[Skin.String(MainMenuPanelColor)]</colordiffuse>
                    <aspectratio>stretch</aspectratio>
                </control>
                <!-- right panel border -->
                <control type="image">
					<include>NetflixHome_PanelSlide</include>
					<left>483</left>
					<width>2</width>
                    <height>110%</height>
                    <texture>diffuse/gradient-osdslim.png</texture>
                    <colordiffuse>$INFO[Skin.String(MainMenuTextColor)]</colordiffuse>
                    <aspectratio>stretch</aspectratio>
                </control>
            </control>

            
			
            <!-- Top Left - LOGO , Profile -->
            <control type="grouplist" id="40000">
                
				<include>NetflixHome_PanelSlide</include>
				
				<visible>!Window.IsActive(notification) + !Window.IsActive(extendedprogressdialog) + !Control.IsVisible(88888)</visible>
                <posy>20</posy>
				<posx>0</posx>
                <width>440</width>
                <height>150</height>
				<orientation>vertical</orientation>
                <animation effect="slide" end="0,60" condition="Control.IsVisible(1)">Conditional</animation>
                <include>animation_fade_visible_hidden</include>
                <!-- logo -->
                <control type="image">
					<visible>!Skin.HasSetting(DisableSkinIconMainMenu)</visible>
					<left>10</left>
					<height>80</height>
					<width>275</width>
					<aspectratio align="center">keep</aspectratio>
					<texture background="true" fallback="home/kodi_logo_light.png">$INFO[Skin.String(CustomLogoImage)]</texture>
				</control>
				<control type="label">
					<visible>!Skin.HasSetting(DisableSkinIconMainMenu) + !Skin.HasSetting(DisableProfileMainMenu)</visible>
					<left>0</left>
					<height>10</height>
					<width>1</width>
					<label></label>
				</control>
                <!-- user profile -->
                <control type="group" id="40001">
                    <visible>!Skin.HasSetting(DisableProfileMainMenu)</visible>
					<height>60</height>
					<width>440</width>
					<left>5</left>
                    <control type="button" id="40002">
                        <!-- localize & hardcoded color -->
                        <label>[B]$INFO[System.ProfileName][/B][CR][COLOR ffc0c0c0]Switch Profiles[/COLOR]</label>
                        <textoffsetx>115</textoffsetx>
                        <align>left</align>
						<aligny>bottom</aligny>
                        <width>384</width>
                        <height>60</height>
                        <font>Reg20</font>
                        <ondown>300</ondown>
                        <onback>ClearProperty(ShowViewSubMenu, Home)</onback>
										
                        <onback>77777</onback>
                        <onright>ClearProperty(ShowViewSubMenu, Home)</onright>
                        <onright>77777</onright>
                        <textcolor>$INFO[Skin.String(MainMenuTextColor)]</textcolor>
                        <focusedcolor>$INFO[Skin.String(MainMenuFocusTextColor)]</focusedcolor>
                        <texturefocus colordiffuse="$INFO[Skin.String(MainMenuSecondaryFocusButtonColor)]">colors/color_white.png</texturefocus>
                        <texturenofocus></texturenofocus>
                        <onclick>ClearProperty(ShowViewSubMenu, Home)</onclick>
                        <onclick>System.LogOff</onclick>
																						  
													  
                    </control>
                    <control type="image">
                        <left>50</left>
                        <top>5</top>
                        <width>50</width>
                        <height>50</height>
                        <texture background="true">$INFO[System.ProfileThumb]</texture>
					</control>
                </control>
            </control>

            <!-- MAIN MENU 300 -->
            <control type="list" id="300">
				<posy>25%</posy>
                <width>437</width>
                <height>52%</height>
                <itemgap>0</itemgap>
				<orientation>vertical</orientation>
                
				<onright condition="Integer.IsGreater(Container(4445).NumItems,0)">4444</onright>
                <onright condition="!Integer.IsGreater(Container(4445).NumItems,0)">77777</onright>
                <onright condition="!Integer.IsGreater(Container(4445).NumItems,0)">ClearProperty(ShowViewSubMenu, Home)</onright>
                
				<onfocus>SetProperty(DontFocusSpotlightButtons,true,Home)</onfocus>
				<onfocus>ClearProperty(FocusSpotlightButtons, Home)</onfocus>
				
				<onback condition="![Window.IsActive(3017) | Window.IsActive(3018)]">40003</onback>
                <onup>300</onup>
                <ondown condition="!Skin.HasSetting(EnhancedHome_Circular)">300</ondown>
				<ondown condition="Skin.HasSetting(EnhancedHome_Circular)">40003</ondown>
				<onleft>40003</onleft>
				
				<itemlayout height="80" width="315">
					<!-- menu item icon -->
					<control type="group">
                        <visible>!Skin.HasSetting(DisableIconsMainMenu)</visible>
						<include>NetflixHome_ICONPos_WidgetOffset</include>
						<include>NetflixHome_ICONPos</include>
                        <left>60</left>
                        <height>100%</height>
                        <top>20</top>
                        <control type="image">
                            <width>35</width>
                            <height>35</height>
                            <texture background="true">$INFO[ListItem.Icon]</texture>
                            <colordiffuse>$INFO[Skin.String(MainMenuFocusTextColor)]</colordiffuse>
                            <animation end="70" effect="fade" time="0" delay="0" condition="true">Conditional</animation>
                        </control>
					</control>
						
					<!-- menu item label 
					more width with vis condition -->
					<control type="label">
						<include>NetflixHome_PanelSlide</include> 
						<width>220</width>
						<height>100%</height>
						<align>left</align>
						<left>150</left>
						<font>Light28</font>
						<textcolor>$INFO[Skin.String(MainMenuTextColor)]</textcolor>
						<label>$INFO[ListItem.Label]</label>
						<animation effect="slide" end="-50" time="0" delay="0" condition="Skin.HasSetting(DisableIconsMainMenu)">Conditional</animation>
					</control>
				</itemlayout>
                
				<focusedlayout height="80" width="315">
                    <!-- button focus color -->
					<control type="image">
						<include>NetflixHome_ICONPos</include>
						<texture>colors/color_white.png</texture>
						<width>437</width>
                        <colordiffuse>$INFO[Skin.String(HomeViewDetailsFocusColor)]</colordiffuse>
						<visible>Control.HasFocus(300) | Control.HasFocus(4444)</visible>
                    </control>
					<!-- menu item label 
					more width with vis condition -->
                    <control type="label">
						<include>NetflixHome_PanelSlide</include>
						<width>220</width>
                        <height>100%</height>
                        <align>left</align>
						<left>150</left>
                        <aligny>center</aligny>
                        <font>Light28</font>
                        <textcolor>$INFO[Skin.String(MainMenuFocusTextColor)]</textcolor>
                        <label>[B]$INFO[ListItem.Label][/B]</label>
						<autoscroll>true</autoscroll>
                        <animation effect="slide" end="-50" time="0" delay="0" condition="Skin.HasSetting(DisableIconsMainMenu)">Conditional</animation>
                    </control>
                    <!-- menu item icon -->
                    <control type="group">
						<include>NetflixHome_ICONPos</include>
						<include>NetflixHome_ICONPos_WidgetOffset</include>
                        <visible>!Skin.HasSetting(DisableIconsMainMenu)</visible>
						<left>60</left>
                        <height>100%</height>
                        <top>20</top>
                        <control type="image">
                            <width>35</width>
                            <height>35</height>
                            <texture background="true">$INFO[ListItem.Icon]</texture>
                            <colordiffuse>$INFO[Skin.String(MainMenuFocusTextColor)]</colordiffuse>
                        </control>
                    </control>
                    
                    <!-- button border focus color -->
                    <control type="image">
						<animation type="Conditional" condition="Control.HasFocus(300) | String.IsEqual(Window(Home).Property(ShowViewSubMenu),show)">
							<effect type="slide" start="0" end="412" time="300" delay="0" tween="cubic" easing="inout" />
						</animation>
                        <left>360</left>
                        <width>5</width>
                        <height>100%</height>
                        <texture>colors/color_white.png</texture>
                        <colordiffuse>$INFO[Skin.String(ViewNetfixHighlightTextColor)]</colordiffuse>
                        <aspectratio>stretch</aspectratio>
                    </control>
                    <!-- home behavior onfocus -->
                    <include>HiddenHomeMenuButton</include>
                </focusedlayout>
                <include condition="Window.IsActive(Home)">MainMenuContent</include>
                <include condition="Window.IsActive(3018)">netflix_mainmenu_movies</include>
                <include condition="Window.IsActive(3017)">netflix_mainmenu_tvshows</include>
            </control>

			<!-- custom shutdown -->
			<control type="list" id="40003">
				<include>NetflixHome_PanelSlide</include> 
				<orientation>vertical</orientation>
				<posx>2%</posx>
				<posy>85%</posy>
				<width>384</width>
				<height>125</height>
				<onup condition="!Skin.HasSetting(EnhancedHome_Circular)">40003</onup>
				<onup condition="Skin.HasSetting(EnhancedHome_Circular)">300</onup>
				<ondown>40003</ondown>
				<onright>ClearProperty(ShowViewSubMenu, Home)</onright>
				<onright>77777</onright>
				<onback>ClearProperty(ShowViewSubMenu, Home)</onback>
				<onback>300</onback>
				<onleft>300</onleft>
				<visible>![Skin.HasSetting(DisablePowerMenu) | Skin.HasSetting(HidePowerMenu)]</visible>
				<itemlayout width="384" height="45">
					<control type="label">
						<width>384</width>
						<height>45</height>
						<textoffsetx>50</textoffsetx>
						<align>left</align>
						<aligny>center</aligny>
						<font>Reg24</font>
						<textcolor>$INFO[Skin.String(MainMenuTextColor)]</textcolor>
						<label>$INFO[ListItem.Label]</label>
					</control>
				</itemlayout>
				<focusedlayout width="384" height="45">
					<control type="group">
						<width>100%</width>
						<height>100%</height>
						<control type="image">
							<width>384</width>
							<height>45</height>
							<texture colordiffuse="$INFO[Skin.String(MainMenuSecondaryFocusButtonColor)]">colors/color_white.png</texture>
							<visible>Control.HasFocus(40003)</visible>
						</control>
						<control type="label">
							<width>384</width>
							<height>45</height>
							<textoffsetx>50</textoffsetx>
							<align>left</align>
							<aligny>center</aligny>
							<font>Reg24</font>
							<label>$INFO[ListItem.Label]</label>
							<textcolor>$INFO[Skin.String(MainMenuFocusTextColor)]</textcolor>
							<visible>![Control.HasFocus(4444) | Control.HasFocus(77777) | Control.HasFocus(300)]</visible> <!-- cause Var and inculdes fail in that case -->
						</control>
						<control type="label">
							<width>384</width>
							<height>45</height>
							<textoffsetx>50</textoffsetx>
							<align>left</align>
							<aligny>center</aligny>
							<font>Reg24</font>
							<label>$INFO[ListItem.Label]</label>
							<textcolor>$INFO[Skin.String(MainMenuTextColor)]</textcolor>
							<visible>[Control.HasFocus(4444) | Control.HasFocus(77777) | Control.HasFocus(300)]</visible> <!-- cause Var and inculdes fail in that case -->
						</control>
					</control>
				</focusedlayout>
				<content>
					<include>skinshortcuts-group-powermenu</include>
				</content>
			</control>
		</control>
        
        <include>SideBladeSubMenu</include>

	
    </include>
	
    

    

    <!-- Netflix Plot Textcolor -->
    <variable name="NetflixPlotTextColor">
        <value condition="ControlGroup(505).HasFocus()">white</value> <!-- check, need look if fanart is very bright -->
        <value>$INFO[Skin.String(NetflixPrimaryTextColor)]</value>
    </variable>

    <!-- Disabled Spotlight Widgets Height ,check, need also include for disabled header on home -->
    <include name="NetFlixHome_WidgetPos">
		<param name="top" default="660" />
		<param name="bottom" default="5" />
		<definition>
			<top>$PARAM[top]</top>
            <bottom>$PARAM[bottom]</bottom>
		</definition>
    </include>

    <!-- netflix2 spotlight widget -->
    <include name="NetflixSpotlightWidget">
        <control type="panel" id="1508">
            <orientation>horizontal</orientation>
            <preloaditems>2</preloaditems>
			<itemlayout width="1920" height="210">
            </itemlayout>
            <focusedlayout width="1920" height="210">
                <control type="button">
                    <visible allowhiddenfocus="true">false</visible>
                    <onfocus condition="!Skin.HasSetting(AutoShowSubmenu)">ClearProperty(submenu)</onfocus>
                    <onfocus>ClearProperty(ShowViewSubMenu,Home)</onfocus>
                    <onfocus>SetProperty(ShowWidget,show)</onfocus>
                    <onfocus>SetProperty(widgetstyle,spotlight)</onfocus>
                    <onfocus>SetProperty(SkinHelper.WidgetContainer,1508,home)</onfocus>
                    <onfocus>SetProperty(LastFocusWidgetPos,$INFO[Container(1508).CurrentItem],Home)</onfocus>
                    <!--show info -->
                    <onfocus condition="!String.IsEmpty(Window(Home).Property(ShowSpotlightInfo))">Action(Info)</onfocus>
                    <onfocus condition="!String.IsEmpty(Window(Home).Property(ShowSpotlightInfo))">SetFocus(505)</onfocus>
                    <!--show buttons-->
                    <onunfocus condition="System.HasAlarm(focus_delay)">CancelAlarm(focus_delay,true)</onunfocus>
                    <onfocus condition="String.IsEmpty(Window(Home).Property(ShowSpotlightInfo))">AlarmClock(focus_delay,SetFocus(53),00:02,silent)</onfocus>
                    <include content="WidgetProperties">
                        <param name="widgetid" value="1508" />
                    </include>
                </control>
            </focusedlayout>
            <content>$VAR[Netflix2HomeSpotlightWidgetContent]</content>
        </control>
    </include>

    <!-- Netflix1 Spotlight Content -->
    <variable name="NetFlixHomeSpotLightWidgetContent">
        <value condition="Skin.HasSetting(ShowAllWidgets) + !String.IsEmpty(Container(300).ListItem.Property(widgetPath.99)) + !String.Contains(Container(300).ListItem.Property(widgetPath.99),INCLUDE)">$INFO[Container(300).ListItem.Property(widgetPath.99)]</value>
        <value condition="Skin.HasSetting(ShowAllWidgets) + !String.IsEmpty(Container(300).ListItemAbsolute(0).Property(widgetPath.99)) + !String.Contains(Container(300).ListItemAbsolute(0).Property(widgetPath.99),INCLUDE)">$INFO[Container(300).ListItemAbsolute(0).Property(widgetPath.99)]</value>
        <value condition="Skin.HasSetting(ShowAllWidgets) + !String.IsEmpty(Container(300).ListItemAbsolute(1).Property(widgetPath.99)) + !String.Contains(Container(300).ListItemAbsolute(1).Property(widgetPath.99),INCLUDE)">$INFO[Container(300).ListItemAbsolute(1).Property(widgetPath.99)]</value>
        <value condition="Skin.HasSetting(ShowAllWidgets) + !String.IsEmpty(Container(300).ListItemAbsolute(2).Property(widgetPath.99)) + !String.Contains(Container(300).ListItemAbsolute(2).Property(widgetPath.99),INCLUDE)">$INFO[Container(300).ListItemAbsolute(2).Property(widgetPath.99)]</value>
        <value condition="Skin.HasSetting(ShowAllWidgets) + !String.IsEmpty(Container(300).ListItemAbsolute(3).Property(widgetPath.99)) + !String.Contains(Container(300).ListItemAbsolute(3).Property(widgetPath.99),INCLUDE)">$INFO[Container(300).ListItemAbsolute(3).Property(widgetPath.99)]</value>
        <value condition="Skin.HasSetting(ShowAllWidgets) + !String.IsEmpty(Container(300).ListItemAbsolute(4).Property(widgetPath.99)) + !String.Contains(Container(300).ListItemAbsolute(4).Property(widgetPath.99),INCLUDE)">$INFO[Container(300).ListItemAbsolute(4).Property(widgetPath.99)]</value>
        <value condition="Skin.HasSetting(ShowAllWidgets) + !String.IsEmpty(Container(300).ListItemAbsolute(5).Property(widgetPath.99)) + !String.Contains(Container(300).ListItemAbsolute(5).Property(widgetPath.99),INCLUDE)">$INFO[Container(300).ListItemAbsolute(5).Property(widgetPath.99)]</value>
        <value condition="Skin.HasSetting(ShowAllWidgets) + !String.IsEmpty(Container(300).ListItemAbsolute(6).Property(widgetPath.99)) + !String.Contains(Container(300).ListItemAbsolute(6).Property(widgetPath.99),INCLUDE)">$INFO[Container(300).ListItemAbsolute(6).Property(widgetPath.99)]</value>
        <value condition="Skin.HasSetting(ShowAllWidgets) + !String.IsEmpty(Container(300).ListItemAbsolute(7).Property(widgetPath.99)) + !String.Contains(Container(300).ListItemAbsolute(7).Property(widgetPath.99),INCLUDE)">$INFO[Container(300).ListItemAbsolute(7).Property(widgetPath.99)]</value>
        <value condition="Skin.HasSetting(ShowAllWidgets) + !String.IsEmpty(Container(300).ListItemAbsolute(8).Property(widgetPath.99)) + !String.Contains(Container(300).ListItemAbsolute(8).Property(widgetPath.99),INCLUDE)">$INFO[Container(300).ListItemAbsolute(8).Property(widgetPath.99)]</value>
        <value condition="Skin.HasSetting(ShowAllWidgets) + !String.IsEmpty(Container(300).ListItemAbsolute(9).Property(widgetPath.99)) + !String.Contains(Container(300).ListItemAbsolute(9).Property(widgetPath.99),INCLUDE)">$INFO[Container(300).ListItemAbsolute(9).Property(widgetPath.99)]</value>
        <value condition="Skin.HasSetting(ShowAllWidgets) + !String.IsEmpty(Container(300).ListItemAbsolute(10).Property(widgetPath.99)) + !String.Contains(Container(300).ListItemAbsolute(10).Property(widgetPath.99),INCLUDE)">$INFO[Container(300).ListItemAbsolute(10).Property(widgetPath.99)]</value>
        <value condition="Skin.HasSetting(ShowAllWidgets) + !String.IsEmpty(Container(300).ListItemAbsolute(11).Property(widgetPath.99)) + !String.Contains(Container(300).ListItemAbsolute(11).Property(widgetPath.99),INCLUDE)">$INFO[Container(300).ListItemAbsolute(11).Property(widgetPath.99)]</value>
        <value condition="Skin.HasSetting(ShowAllWidgets) + !String.IsEmpty(Container(300).ListItemAbsolute(12).Property(widgetPath.99)) + !String.Contains(Container(300).ListItemAbsolute(12).Property(widgetPath.99),INCLUDE)">$INFO[Container(300).ListItemAbsolute(12).Property(widgetPath.99)]</value>
    </variable>

    <!-- Netflix2 Spotlight Content -->
    <variable name="Netflix2HomeSpotlightWidgetContent">
        <!-- movies hub -->
        <value condition="Window.IsActive(3018)">special://skin/video/playlists/SpotlightMovies.xsp</value>
        <!-- tvshows hub -->
        <!-- <value condition="Window.IsActive(3017)">plugin://script.skin.helper.widgets/?action=similarshows&amp;reload=$INFO[Window(Home).Property(widgetreload2)]</value> -->
        <value condition="Window.IsActive(3017)">special://skin/video/playlists/SpotlightTVshows.xsp</value>
        <!-- new hub -->
        <value condition="Window.IsActive(3020)">plugin://script.skin.helper.widgets/?action=recent&amp;mediatype=movies&amp;tag=&amp;reload=$INFO[Window(Home).Property(widgetreload-movies)]</value>
        <!-- home -->
        <value condition="Skin.HasSetting(ExperimentalSpotlight) + Skin.HasSetting(AllowTVShowsSpotlight)">plugin://script.skin.helper.widgets/?action=similar&amp;mediatype=media&amp;limit=5&amp;reload=$INFO[Window(Home).Property(widgetreload2)]</value>
        <value condition="Skin.HasSetting(ExperimentalSpotlight)">plugin://script.skin.helper.widgets/?action=similar&amp;mediatype=movies&amp;limit=5&amp;reload=$INFO[Window(Home).Property(widgetreload2)]</value>
        <value>$VAR[NetFlixHomeSpotLightWidgetContent]</value>
    </variable>

    <!-- Netflix Customhub Item 
	need cond height, based on def widget layout - for item layouts with high height value 
	eg. 
	 <texturefocus colordiffuse="$INFO[Skin.String(ButtonFocusColor)]" border="5">diffuse/gradient-osdslim.png</texturefocus>
			
	<include content="height" condition="String.Contains(Skin.String(widgetstyle),poster)">
		<param name="height" value="370" />
	-->
    <include name="netflix_customhub_item">
        <control type="label" id="$PARAM[widgetid]3">
            <top>20</top>
			<height>55</height>
			<width>100%</width>
            <align>left</align>
            <font>Bold30</font>
            <label>$INFO[Skin.String($PARAM[skinsetting].label)]</label>
            <textcolor>$INFO[Skin.String(ViewDetailsTextColor)]</textcolor>
            <visible>Skin.String($PARAM[skinsetting].label) + Skin.HasSetting(LockHubWidgets)</visible>
        </control>
		<control type="button" id="$PARAM[widgetid]4">
			<top>20</top>
			<width>100%</width>
            <height>55</height>
            <align>left</align>
            <font>Reg32</font>
            <textoffsetx>5</textoffsetx>
            <label>$INFO[Skin.String(widgetstyle)] - $INFO[Skin.String($PARAM[skinsetting].label)]</label>
            <textcolor>$INFO[Skin.String(ViewDetailsTextColor)]</textcolor>
            <shadowcolor>$INFO[Skin.String(ViewDetailsTextShadowColor)]</shadowcolor>
            <onclick>RunScript(script.skinshortcuts,type=widgets&amp;showNone=true&amp;skinWidgetName=$PARAM[skinsetting].label&amp;skinWidgetTarget=$PARAM[skinsetting].target&amp;skinWidgetPath=$PARAM[skinsetting].path)</onclick>
           <texturenofocus/>
			<visible>Skin.String($PARAM[skinsetting].label) + !Skin.HasSetting(LockHubWidgets)</visible>
        </control>
        <control type="button" id="$PARAM[widgetid]5">
            <top>20</top>
			<width>100%</width>
            <height>55</height>
            <align>left</align>
            <font>Reg32</font>
            <textoffsetx>5</textoffsetx>
            <label>31822</label>
            <textcolor>$INFO[Skin.String(ViewDetailsTextColor)]</textcolor>
            <shadowcolor>$INFO[Skin.String(ViewDetailsTextShadowColor)]</shadowcolor>
            <onclick>RunScript(script.skinshortcuts,type=widgets&amp;showNone=true&amp;skinWidgetName=$PARAM[skinsetting].label&amp;skinWidgetTarget=$PARAM[skinsetting].target&amp;skinWidgetPath=$PARAM[skinsetting].path)</onclick>
            <texturenofocus/>
			<visible>!Skin.String($PARAM[skinsetting].label) + !Skin.HasSetting(LockHubWidgets)</visible>
        </control>
        <control type="multiimage" id="$PARAM[widgetid]6">
            <top>40</top>
			<left>165</left>
            <width>100%</width>
            <height>55</height>
            <aspectratio align="left">keep</aspectratio>
            <imagepath>busy_spinner/</imagepath>
            <timeperimage>100</timeperimage>
            <colordiffuse>$INFO[Skin.String(ViewDetailsTextColor)]</colordiffuse>
            <fadetime>0</fadetime>
            <visible>Container($PARAM[widgetid]).IsUpdating</visible>
        </control>
		<control type="panel" id="$PARAM[widgetid]">
            <width>100%</width>
			<top>40</top>
			
			<include content="height" condition="String.Contains(Skin.String(widgetstyle),poster)">
				<param name="height" value="385" />
			</include>
			<include content="height" condition="String.Contains(Skin.String(widgetstyle),landscapewidedetails)">
				<param name="height" value="395" />
			</include>
			
			<orientation>horizontal</orientation>
			<include content="$PARAM[widgetStyle]">
                <param name="widgetid" value="$PARAM[widgetid]" />
                <param name="widgetTags" value="WidgetTagOverlayDisable" />
                <param name="multiRows" value="false" />
            </include>
            <content target="$INFO[Skin.String($PARAM[skinsetting].target)]">$INFO[Skin.String($PARAM[skinsetting].path)]</content>
            <visible>Skin.String($PARAM[skinsetting].path)</visible>
        </control>
    </include>

    <!-- Netflix Items Movies -->
    <include name="netflix_items_movies">
        <include condition="true" content="netflix_customhub_item">
			<param name="widgetid" value="510" />
            <param name="widgetStyle" value="widget_layout_default" />
			<param name="skinsetting" value="netflixhub-movies-510" />
		</include>
        <include condition="true" content="netflix_customhub_item">
			<param name="widgetid" value="520" />
            <param name="widgetStyle" value="widget_layout_default" />
			<param name="skinsetting" value="netflixhub-movies-520" />
		</include>
        <include condition="true" content="netflix_customhub_item">
			<param name="widgetid" value="530" />
            <param name="widgetStyle" value="widget_layout_default" />
			<param name="skinsetting" value="netflixhub-movies-530" />
		</include>
        <include condition="true" content="netflix_customhub_item">
			<param name="widgetid" value="540" />
            <param name="widgetStyle" value="widget_layout_default" />
			<param name="skinsetting" value="netflixhub-movies-540" />
		</include>
        <include condition="true" content="netflix_customhub_item">
			<param name="widgetid" value="550" />
            <param name="widgetStyle" value="widget_layout_default" />
			<param name="skinsetting" value="netflixhub-movies-550" />
		</include>        
    </include>

    <!-- Netflix Items TVShows -->
    <include name="netflix_items_tvshows">
        <include condition="true" content="netflix_customhub_item">
			<param name="widgetid" value="510" />
            <param name="widgetStyle" value="widget_layout_default" />
			<param name="skinsetting" value="netflixhub-tvshows-510" />
		</include>
        <include condition="true" content="netflix_customhub_item">
			<param name="widgetid" value="520" />
            <param name="widgetStyle" value="widget_layout_default" />
			<param name="skinsetting" value="netflixhub-tvshows-520" />
		</include>
        <include condition="true" content="netflix_customhub_item">
			<param name="widgetid" value="530" />
            <param name="widgetStyle" value="widget_layout_default" />
			<param name="skinsetting" value="netflixhub-tvshows-530" />
		</include>
        <include condition="true" content="netflix_customhub_item">
			<param name="widgetid" value="540" />
            <param name="widgetStyle" value="widget_layout_default" />
			<param name="skinsetting" value="netflixhub-tvshows-540" />
		</include>
        <include condition="true" content="netflix_customhub_item">
			<param name="widgetid" value="550" />
            <param name="widgetStyle" value="widget_layout_default" />
			<param name="skinsetting" value="netflixhub-tvshows-550" />
		</include>
    </include>

    <!-- Netflix Items New -->
    <include name="netflix_items_new">
        <include condition="true" content="netflix_customhub_item">
            <param name="widgetid" value="510" />
            <param name="widgetStyle" value="widget_layout_default" />
            <param name="skinsetting" value="netflixhub-new-510" />
        </include>
        <include condition="true" content="netflix_customhub_item">
            <param name="widgetid" value="520" />
            <param name="widgetStyle" value="widget_layout_default" />
            <param name="skinsetting" value="netflixhub-new-520" />
        </include>
        <include condition="true" content="netflix_customhub_item">
            <param name="widgetid" value="530" />
            <param name="widgetStyle" value="widget_layout_default" />
            <param name="skinsetting" value="netflixhub-new-530" />
        </include>
        <include condition="true" content="netflix_customhub_item">
            <param name="widgetid" value="540" />
            <param name="widgetStyle" value="widget_layout_default" />
            <param name="skinsetting" value="netflixhub-new-540" />
        </include>
        <include condition="true" content="netflix_customhub_item">
            <param name="widgetid" value="550" />
            <param name="widgetStyle" value="widget_layout_default" />
            <param name="skinsetting" value="netflixhub-new-550" />
        </include>
    </include>

    <include name="netflix_mainmenu_movies">
        <content target="videos">library://video/movies</content>
    </include>

    <include name="netflix_mainmenu_tvshows">
        <content target="videos">library://video/tvshows</content>
    </include>
	 <!-- netflix home clearlogo -->
    <variable name="HomeNetflixInfoClearlogo">
        <!-- normal -->
        <value condition="!String.IsEmpty(ListItem.ChannelLogo)">$INFO[ListItem.ChannelLogo]</value> <!-- check, maybe remove, channel is not similiar to a title -->
        
		<value condition="!String.IsEmpty(ListItem.Art(tvshow.clearlogo))">$INFO[ListItem.Art(tvshow.clearlogo)]</value>
        <value condition="!String.IsEmpty(ListItem.Art(clearlogo))">$INFO[ListItem.Art(clearlogo)]</value>
        <!-- spotlight -->
        <value condition="[Control(1508).HasFocus | ControlGroup(505).HasFocus()] + !String.IsEmpty(Container(1508).ListItem.Art(clearlogo))">$INFO[Container(1508).ListItem.Art(clearlogo)]</value>
        <!-- home -->
        <value condition="!String.IsEmpty(Window(Home).Property(ListItem.ChannelLogo))">$INFO[Window(Home).Property(ListItem.ChannelLogo)]</value>
        <value condition="!String.IsEmpty(Window(home).Property(ListItem.Art.ClearLogo))">$INFO[Window(home).Property(ListItem.Art.ClearLogo)]</value>
        <!-- skinhelper fallback -->
        <value condition="!String.IsEmpty(Window(Home).Property(SkinHelper.ListItem.ChannelLogo))">$INFO[Window(Home).Property(SkinHelper.ListItem.ChannelLogo)]</value>
        <value condition="!String.IsEmpty(Window(home).Property(SkinHelper.ListItem.Art.ClearLogo))">$INFO[Window(home).Property(SkinHelper.ListItem.Art.ClearLogo)]</value>
    </variable>

    <!-- Netflix Sublabel - tagline/watch now/album or song/pvr -->
    <variable name="NetflixSublabel">
        <!-- Tagline Info -->
        <value condition="!String.IsEmpty(ListItem.TagLine)">[B]$INFO[ListItem.TagLine][/B]</value>
        <value condition="!String.IsEmpty(Window(Home).Property(ListItem.TagLine))">[B]$INFO[Window(Home).Property(ListItem.TagLine)][/B]</value>
        <!-- Watch Tag Info -->
        <value condition="ControlGroup(505).HasFocus() | [String.IsEqual(ListItem.DBTYPE,tvshow) | String.IsEqual(Window(Home).Property(ListItem.Property(DBTYPE)),tvshow)]">$VAR[WatchNowTagInfo]</value>
        <!-- Album/Song Info -->
        <value condition="[String.IsEqual(ListItem.DBTYPE,album) | String.IsEqual(Window(Home).Property(ListItem.Property(DBTYPE)),album)]">$INFO[ListItem.Album]</value>
        <value condition="!String.IsEmpty(ListItem.Artist)">[B]$INFO[ListItem.Title,  "," ]$INFO[ListItem.Album, ($LOCALIZE[36918] : ,)][/B]</value>
        <!-- PVR Info -->
        <value condition="String.IsEmpty(ListItem.DBTYPE) + !String.IsEmpty(ListItem.Property(StartDateTime))">$INFO[ListItem.Channel]</value>
        <value condition="String.IsEmpty(ListItem.DBTYPE) + !String.IsEmpty(ListItem.Property(DateTime)) + !String.IsEmpty(ListItem.Label2)">$INFO[ListItem.Label2]</value>
        <value condition="String.IsEmpty(ListItem.DBTYPE) + !String.IsEmpty(ListItem.StartTime)">$INFO[ListItem.Label]</value>
    </variable>
	 <!-- <variable name="NetflixHomeHomeSpotLightImage">
        <value condition="!String.IsEmpty(Window(Home).Property(ListItem.ChannelName))">resource://resource.images.skinbackgrounds.titanium/hover_my tv.jpg</value>
        <value condition="!String.IsEmpty(Window(Home).Property(ListItem.Art.fanart))">$INFO[Window(Home).Property(ListItem.Art.fanart)]</value>
        <value condition="!String.IsEmpty(Window(Home).Property(ListItem.Art.tvshow.fanart))">$INFO[Window(Home).Property(ListItem.Art.tvshow.fanart)]</value>
        <value condition="!String.IsEmpty(Window(Home).Property(ListItem.Art.Thumb))">$INFO[Window(Home).Property(ListItem.Art.Thumb)]</value>
        <value condition="!String.IsEmpty(Window(Home).Property(ListItem.Icon))">$INFO[Window(Home).Property(ListItem.Icon)]</value>
        
        <value condition="!String.IsEmpty(Window(Home).Property(SkinHelper.ListItem.ChannelName))">resource://resource.images.skinbackgrounds.titanium/hover_my tv.jpg</value>
        <value condition="!String.IsEmpty(Window(Home).Property(SkinHelper.ListItem.Art.fanart))">$INFO[Window(Home).Property(SkinHelper.ListItem.Art.fanart)]</value>
        <value condition="!String.IsEmpty(Window(Home).Property(SkinHelper.ListItem.Art.tvshow.fanart))">$INFO[Window(Home).Property(SkinHelper.ListItem.Art.tvshow.fanart)]</value>
        <value condition="!String.IsEmpty(Window(Home).Property(SkinHelper.ListItem.Art.Thumb))">$INFO[Window(Home).Property(SkinHelper.ListItem.Art.Thumb)]</value>
        <value condition="!String.IsEmpty(Window(Home).Property(SkinHelper.ListItem.Icon))">$INFO[Window(Home).Property(SkinHelper.ListItem.Icon)]</value>

    </variable> -->
    <!-- include name="WidgetProperties" or own ?
video, movie, set, tvshow, season, episode, musicvideo) or 
music, song, album, artist
 Beware with season, the "*all seasons" entry does give a DBTYPE "season" and a DBID, but you can't get the details of that entry since it's a virtual entry in the Video Library.

[!String.IsEmpty(Container($PARAM[widgetid]).ListItem.Property(DBTYPE)) | !String.IsEmpty(Container.ListItem.DBTYPE)">SetProperty(ListItem.DBTYPE, $INFO[Container($PARAM[widgetid]).ListItem.Property(dbtype)])</onfocus>
-->
    <variable name="Spotlight_SelectActionLabel">
        <!-- is playable media - video,movie,song,channel?-->
		<value condition="
			String.IsEqual(Window(Home).Property(ListItem.dbtype),movie) |
			String.Contains(Window(Home).Property(ListItem.dbtype),video) |
			String.IsEqual(Window(Home).Property(ListItem.dbtype),episode) |
			String.IsEqual(Window(Home).Property(ListItem.dbtype),song)">$LOCALIZE[208]</value>
		<!-- has folder -->
		<value condition="String.Contains(Window(Home).Property(ListItem.dbtype),set)">$LOCALIZE[21478] $LOCALIZE[36910]</value>
		<value condition="String.IsEqual(Window(Home).Property(ListItem.dbtype),tvshow)">$LOCALIZE[21478] $LOCALIZE[36902]</value>
		<value condition="String.IsEqual(Window(Home).Property(ListItem.dbtype),season)">$LOCALIZE[21478] $LOCALIZE[36905]</value>
		<value condition="String.IsEqual(Window(Home).Property(ListItem.dbtype),artist)">$LOCALIZE[21478] $LOCALIZE[132]</value>
		<value condition="String.IsEqual(Window(Home).Property(ListItem.dbtype),album)">$LOCALIZE[20397]</value>
    </variable>	
    
	<!-- Watch Tag Info -->
    <!-- check, need localize -->
    <variable name="WatchNowTagInfo">
        <value condition="Integer.IsGreater(ListItem.Property(TotalSeasons),1) + String.IsEqual(ListItem.Property(UnWatchedEpisodes),ListItem.Property(TotalEpisodes))">[B]Watch $LOCALIZE[36904] 1 Now[/B]</value>
        <value condition="ControlGroup(505).HasFocus()">[B]Watch Now[/B]</value>
    </variable>	
</includes>