<?xml version="1.0" encoding="utf-8" standalone="yes"?>
<menu>
<header>
  <listname>Nintendo Wii U</listname>
  <lastlistupdate></lastlistupdate>
  <listversion>V1</listversion>
  <exporterversion>V1 GameDBInfo converter</exporterversion>
</header>
<game ROM="007 Legends (USA)">
  <title>007 Legends (USA)</title>
  <year>2012</year>
  <genre>Shooter</genre>
  <developer />
  <publisher>Activision</publisher>
  <rating>Other - NR (Not Rated)</rating>
</game>
<game ROM="Adventure Time - Explore the Dungeon Because I Don&apos;t Know! (USA)">
  <title>Adventure Time: Explore the Dungeon Because I Don&apos;t Know! (USA)</title>
  <year>2013</year>
  <genre>Adventure</genre>
  <developer />
  <publisher>D3Publisher</publisher>
  <rating>Other - NR (Not Rated)</rating>
</game>
<game ROM="Adventure Time - Finn and Jake Investigations (USA)">
  <title>Adventure Time: Finn and Jake Investigations (USA)</title>
  <year>2015</year>
  <genre>Adventure</genre>
  <developer />
  <publisher>Little Orbit</publisher>
  <rating>Other - NR (Not Rated)</rating>
</game>
<game ROM="Amazing Spider-Man 2, The (USA)">
  <title>Amazing Spider-Man 2, The (USA)</title>
  <year>2014</year>
  <genre>Action</genre>
  <developer />
  <publisher>Activision</publisher>
  <rating>Other - NR (Not Rated)</rating>
</game>
<game ROM="Amazing Spider-Man, The - Ultimate Edition (USA)">
  <title>Amazing Spider-Man, The: Ultimate Edition (USA)</title>
  <year>2013</year>
  <genre>Action</genre>
  <developer />
  <publisher>Activision</publisher>
  <rating>Other - NR (Not Rated)</rating>
</game>
<game ROM="Angry Birds Star Wars (USA)">
  <title>Angry Birds Star Wars (USA)</title>
  <year>2013</year>
  <genre>Miscellaneous</genre>
  <developer />
  <publisher>Activision</publisher>
  <rating>Other - NR (Not Rated)</rating>
</game>
<game ROM="Angry Birds Trilogy (USA)">
  <title>Angry Birds Trilogy (USA)</title>
  <year>2013</year>
  <genre>Miscellaneous</genre>
  <developer />
  <publisher>Activision</publisher>
  <rating>Other - NR (Not Rated)</rating>
</game>
<game ROM="Animal Crossing - amiibo Festival (USA)">
  <title>Animal Crossing: amiibo Festival (USA)</title>
  <year>2015</year>
  <genre>Board Games</genre>
  <developer />
  <publisher>Nintendo</publisher>
  <rating>Other - NR (Not Rated)</rating>
</game>
<game ROM="Art Academy - Atelier (Europe)">
  <title>Art Academy: Atelier (Europe)</title>
  <year>2015</year>
  <genre>Educational</genre>
  <developer />
  <publisher>Nintendo</publisher>
  <rating>Other - NR (Not Rated)</rating>
</game>
<game ROM="Assassin&apos;s Creed III (USA)">
  <title>Assassin&apos;s Creed III (USA)</title>
  <year>2012</year>
  <genre>Action</genre>
  <developer />
  <publisher>Ubisoft</publisher>
  <rating>Other - NR (Not Rated)</rating>
</game>
<game ROM="Assassin&apos;s Creed IV - Black Flag (USA)">
  <title>Assassin&apos;s Creed IV: Black Flag (USA)</title>
  <year>2013</year>
  <genre>Action</genre>
  <developer />
  <publisher>Ubisoft</publisher>
  <rating>Other - NR (Not Rated)</rating>
</game>
<game ROM="Baila Latino (Europe)">
  <title>Baila Latino (Europe)</title>
  <year>2015</year>
  <genre>Rhythm</genre>
  <developer />
  <publisher>Oxygene</publisher>
  <rating>Other - NR (Not Rated)</rating>
</game>
<game ROM="Barbie and Her Sisters - Puppy Rescue (USA)">
  <title>Barbie and Her Sisters: Puppy Rescue (USA)</title>
  <year>2015</year>
  <genre>Virtual Life</genre>
  <developer />
  <publisher>Little Orbit</publisher>
  <rating>Other - NR (Not Rated)</rating>
</game>
<game ROM="Barbie Dreamhouse Party (USA)">
  <title>Barbie Dreamhouse Party (USA)</title>
  <year>2013</year>
  <genre>Adventure</genre>
  <developer />
  <publisher>Little Orbit</publisher>
  <rating>Other - NR (Not Rated)</rating>
</game>
<game ROM="Batman - Arkham City - Armored Edition (USA)">
  <title>Batman: Arkham City - Armored Edition (USA)</title>
  <year>2012</year>
  <genre>Action</genre>
  <developer />
  <publisher>Warner Bros. Interactive Entertainment</publisher>
  <rating>Other - NR (Not Rated)</rating>
</game>
<game ROM="Batman - Arkham Origins (USA)">
  <title>Batman: Arkham Origins (USA)</title>
  <year>2013</year>
  <genre>Action</genre>
  <developer />
  <publisher>Warner Bros. Interactive Entertainment</publisher>
  <rating>Other - NR (Not Rated)</rating>
</game>
<game ROM="Bayonetta (USA)">
  <title>Bayonetta (USA)</title>
  <year>2014</year>
  <genre>Action</genre>
  <developer />
  <publisher>Nintendo</publisher>
  <rating>Other - NR (Not Rated)</rating>
</game>
<game ROM="Bayonetta 2 (USA)">
  <title>Bayonetta 2 (USA)</title>
  <year>2014</year>
  <genre>Action</genre>
  <developer />
  <publisher>Nintendo</publisher>
  <rating>Other - NR (Not Rated)</rating>
</game>
<game ROM="Ben 10 - Omniverse (USA)">
  <title>Ben 10: Omniverse (USA)</title>
  <year>2012</year>
  <genre>Action</genre>
  <developer />
  <publisher>D3Publisher</publisher>
  <rating>Other - NR (Not Rated)</rating>
</game>
<game ROM="Ben 10 - Omniverse 2 (USA)">
  <title>Ben 10: Omniverse 2 (USA)</title>
  <year>2013</year>
  <genre>Action</genre>
  <developer />
  <publisher>D3Publisher</publisher>
  <rating>Other - NR (Not Rated)</rating>
</game>
<game ROM="Brunswick Pro Bowling (USA)">
  <title>Brunswick Pro Bowling (USA)</title>
  <year>2015</year>
  <genre>Sports/Bowling</genre>
  <developer />
  <publisher>Alliance Digital Media</publisher>
  <rating>Other - NR (Not Rated)</rating>
</game>
<game ROM="Cabela&apos;s Big Game Hunter - Pro Hunts (USA)">
  <title>Cabela&apos;s Big Game Hunter: Pro Hunts (USA)</title>
  <year>2014</year>
  <genre>Sports/Hunting</genre>
  <developer />
  <publisher>Activision</publisher>
  <rating>Other - NR (Not Rated)</rating>
</game>
<game ROM="Cabela&apos;s Dangerous Hunts 2013 (USA)">
  <title>Cabela&apos;s Dangerous Hunts 2013 (USA)</title>
  <year>2012</year>
  <genre>Sports/Hunting</genre>
  <developer />
  <publisher>Activision</publisher>
  <rating>Other - NR (Not Rated)</rating>
</game>
<game ROM="Call of Duty - Black Ops II (USA)">
  <title>Call of Duty: Black Ops II (USA)</title>
  <year>2012</year>
  <genre>Shooter</genre>
  <developer />
  <publisher>Activision</publisher>
  <rating>Other - NR (Not Rated)</rating>
</game>
<game ROM="Call of Duty - Ghosts (USA)">
  <title>Call of Duty: Ghosts (USA)</title>
  <year>2013</year>
  <genre>Shooter</genre>
  <developer />
  <publisher>Activision</publisher>
  <rating>Other - NR (Not Rated)</rating>
</game>
<game ROM="Captain Toad - Treasure Tracker (USA)">
  <title>Captain Toad: Treasure Tracker (USA)</title>
  <year>2014</year>
  <genre>Platform</genre>
  <developer />
  <publisher>Nintendo</publisher>
  <rating>Other - NR (Not Rated)</rating>
</game>
<game ROM="Cocoto Magic Circus 2 (Europe)">
  <title>Cocoto Magic Circus 2 (Europe)</title>
  <year>2014</year>
  <genre>Gun</genre>
  <developer />
  <publisher>Bigben Interactive</publisher>
  <rating>Other - NR (Not Rated)</rating>
</game>
<game ROM="Croods, The - Prehistoric Party! (USA)">
  <title>Croods, The: Prehistoric Party! (USA)</title>
  <year>2013</year>
  <genre>Mini-Games</genre>
  <developer />
  <publisher>D3Publisher</publisher>
  <rating>Other - NR (Not Rated)</rating>
</game>
<game ROM="Darksiders II (USA)">
  <title>Darksiders II (USA)</title>
  <year>2012</year>
  <genre>Action</genre>
  <developer />
  <publisher>THQ</publisher>
  <rating>Other - NR (Not Rated)</rating>
</game>
<game ROM="Deus Ex - Human Revolution - Director&apos;s Cut (USA)">
  <title>Deus Ex: Human Revolution - Director&apos;s Cut (USA)</title>
  <year>2013</year>
  <genre>Action</genre>
  <developer />
  <publisher>Square Enix</publisher>
  <rating>Other - NR (Not Rated)</rating>
</game>
<game ROM="Devil&apos;s Third (USA)">
  <title>Devil&apos;s Third (USA)</title>
  <year>2015</year>
  <genre>Shooter</genre>
  <developer />
  <publisher>Nintendo</publisher>
  <rating>Other - NR (Not Rated)</rating>
</game>
<game ROM="Disney Infinity (USA)">
  <title>Disney Infinity (USA)</title>
  <year>2013</year>
  <genre>Adventure</genre>
  <developer />
  <publisher>Disney Interactive Studios</publisher>
  <rating>Other - NR (Not Rated)</rating>
</game>
<game ROM="Disney Infinity 2.0 Edition (USA)">
  <title>Disney Infinity 2.0 Edition (USA)</title>
  <year>2014</year>
  <genre>Adventure</genre>
  <developer />
  <publisher>Disney Interactive Studios</publisher>
  <rating>Other - NR (Not Rated)</rating>
</game>
<game ROM="Disney Infinity 3.0 Edition (USA)">
  <title>Disney Infinity 3.0 Edition (USA)</title>
  <year>2015</year>
  <genre>Adventure</genre>
  <developer />
  <publisher>Disney Interactive Studios</publisher>
  <rating>Other - NR (Not Rated)</rating>
</game>
<game ROM="Donkey Kong Country - Tropical Freeze (USA)">
  <title>Donkey Kong Country: Tropical Freeze (USA)</title>
  <year>2014</year>
  <genre>Platform</genre>
  <developer />
  <publisher>Nintendo</publisher>
  <rating>Other - NR (Not Rated)</rating>
</game>
<game ROM="DuckTales - Remastered (USA)">
  <title>DuckTales: Remastered (USA)</title>
  <year>2013</year>
  <genre>Platform</genre>
  <developer />
  <publisher>Capcom</publisher>
  <rating>Other - NR (Not Rated)</rating>
</game>
<game ROM="Epic Mickey 2 - The Power of Two (USA)">
  <title>Epic Mickey 2: The Power of Two (USA)</title>
  <year>2012</year>
  <genre>Platform</genre>
  <developer />
  <publisher>Disney Interactive Studios</publisher>
  <rating>Other - NR (Not Rated)</rating>
</game>
<game ROM="ESPN Sports Connection (USA)">
  <title>ESPN Sports Connection (USA)</title>
  <year>2012</year>
  <genre>Sports</genre>
  <developer />
  <publisher>Ubisoft</publisher>
  <rating>Other - NR (Not Rated)</rating>
</game>
<game ROM="Family Party - 30 Great Games Obstacle Arcade (USA)">
  <title>Family Party: 30 Great Games Obstacle Arcade (USA)</title>
  <year>2012</year>
  <genre>Mini-Games</genre>
  <developer />
  <publisher>D3Publisher</publisher>
  <rating>Other - NR (Not Rated)</rating>
</game>
<game ROM="Fast &amp; Furious - Showdown (USA)">
  <title>Fast &amp; Furious: Showdown (USA)</title>
  <year>2013</year>
  <genre>Driving</genre>
  <developer />
  <publisher>Activision</publisher>
  <rating>Other - NR (Not Rated)</rating>
</game>
<game ROM="FIFA Soccer 13 (USA)">
  <title>FIFA Soccer 13 (USA)</title>
  <year>2012</year>
  <genre>Sports/Soccer</genre>
  <developer />
  <publisher>EA Sports</publisher>
  <rating>Other - NR (Not Rated)</rating>
</game>
<game ROM="Fit Music for Wii U (Europe)">
  <title>Fit Music for Wii U (Europe)</title>
  <year>2014</year>
  <genre>Miscellaneous</genre>
  <developer />
  <publisher>Oxygene</publisher>
  <rating>Other - NR (Not Rated)</rating>
</game>
<game ROM="Funky Barn (USA)">
  <title>Funky Barn (USA)</title>
  <year>2012</year>
  <genre>Simulation</genre>
  <developer />
  <publisher>505 Games</publisher>
  <rating>Other - NR (Not Rated)</rating>
</game>
<game ROM="Game &amp; Wario (USA)">
  <title>Game &amp; Wario (USA)</title>
  <year>2013</year>
  <genre>Mini-Games</genre>
  <developer />
  <publisher>Nintendo</publisher>
  <rating>Other - NR (Not Rated)</rating>
</game>
<game ROM="Game Party Champions (USA)">
  <title>Game Party Champions (USA)</title>
  <year>2012</year>
  <genre>Mini-Games</genre>
  <developer />
  <publisher>Warner Bros. Interactive Entertainment</publisher>
  <rating>Other - NR (Not Rated)</rating>
</game>
<game ROM="Giana Sisters - Twisted Dreams - Director&apos;s Cut (USA)">
  <title>Giana Sisters: Twisted Dreams - Director&apos;s Cut (USA)</title>
  <year>2015</year>
  <genre>Platform</genre>
  <developer />
  <publisher>Alliance Digital Media</publisher>
  <rating>Other - NR (Not Rated)</rating>
</game>
<game ROM="Guitar Hero Live (USA)">
  <title>Guitar Hero Live (USA)</title>
  <year>2015</year>
  <genre>Rhythm</genre>
  <developer />
  <publisher>Activision</publisher>
  <rating>Other - NR (Not Rated)</rating>
</game>
<game ROM="Hello Kitty Kruisers (USA)">
  <title>Hello Kitty Kruisers (USA)</title>
  <year>2014</year>
  <genre>Driving</genre>
  <developer />
  <publisher>Bergsala-Lightweight</publisher>
  <rating>Other - NR (Not Rated)</rating>
</game>
<game ROM="Hot Wheels - World&apos;s Best Driver (USA)">
  <title>Hot Wheels: World&apos;s Best Driver (USA)</title>
  <year>2013</year>
  <genre>Driving</genre>
  <developer />
  <publisher>Warner Bros. Interactive Entertainment</publisher>
  <rating>Other - NR (Not Rated)</rating>
</game>
<game ROM="How to Train Your Dragon 2 (USA)">
  <title>How to Train Your Dragon 2 (USA)</title>
  <year>2014</year>
  <genre>Adventure</genre>
  <developer />
  <publisher>Little Orbit</publisher>
  <rating>Other - NR (Not Rated)</rating>
</game>
<game ROM="Hunter&apos;s Trophy 2 - Europa (Europe)">
  <title>Hunter&apos;s Trophy 2 - Europa (Europe)</title>
  <year>2013</year>
  <genre>Sports/Hunting</genre>
  <developer />
  <publisher>Bigben Interactive</publisher>
  <rating>Other - NR (Not Rated)</rating>
</game>
<game ROM="Hyrule Warriors (USA)">
  <title>Hyrule Warriors (USA)</title>
  <year>2014</year>
  <genre>Beat-&apos;Em-Up</genre>
  <developer />
  <publisher>Nintendo</publisher>
  <rating>Other - NR (Not Rated)</rating>
</game>
<game ROM="Injustice - Gods Among Us (USA)">
  <title>Injustice: Gods Among Us (USA)</title>
  <year>2013</year>
  <genre>Fighter</genre>
  <developer />
  <publisher>Warner Bros. Interactive Entertainment</publisher>
  <rating>Other - NR (Not Rated)</rating>
</game>
<game ROM="Jeopardy! (USA)">
  <title>Jeopardy! (USA)</title>
  <year>2012</year>
  <genre>Game Show</genre>
  <developer />
  <publisher>THQ</publisher>
  <rating>Other - NR (Not Rated)</rating>
</game>
<game ROM="Jett Tailfin (Europe)">
  <title>Jett Tailfin (Europe)</title>
  <year>2014</year>
  <genre>Driving</genre>
  <developer />
  <publisher>Hoplite Research</publisher>
  <rating>Other - NR (Not Rated)</rating>
</game>
<game ROM="Just Dance 2014 (Europe)">
  <title>Just Dance 2014 (Europe)</title>
  <year>2013</year>
  <genre>Rhythm</genre>
  <developer />
  <publisher>Ubisoft</publisher>
  <rating>Other - NR (Not Rated)</rating>
</game>
<game ROM="Just Dance 2014 (USA)">
  <title>Just Dance 2014 (USA)</title>
  <year>2013</year>
  <genre>Rhythm</genre>
  <developer />
  <publisher>Ubisoft</publisher>
  <rating>Other - NR (Not Rated)</rating>
</game>
<game ROM="Just Dance 2015 (Europe)">
  <title>Just Dance 2015 (Europe)</title>
  <year>2014</year>
  <genre>Rhythm</genre>
  <developer />
  <publisher>Ubisoft</publisher>
  <rating>Other - NR (Not Rated)</rating>
</game>
<game ROM="Just Dance 2015 (USA)">
  <title>Just Dance 2015 (USA)</title>
  <year>2014</year>
  <genre>Rhythm</genre>
  <developer />
  <publisher>Ubisoft</publisher>
  <rating>Other - NR (Not Rated)</rating>
</game>
<game ROM="Just Dance 2016 (Europe)">
  <title>Just Dance 2016 (Europe)</title>
  <year>2015</year>
  <genre>Rhythm</genre>
  <developer />
  <publisher>Ubisoft</publisher>
  <rating>Other - NR (Not Rated)</rating>
</game>
<game ROM="Just Dance 2016 (USA)">
  <title>Just Dance 2016 (USA)</title>
  <year>2015</year>
  <genre>Rhythm</genre>
  <developer />
  <publisher>Ubisoft</publisher>
  <rating>Other - NR (Not Rated)</rating>
</game>
<game ROM="Just Dance 4 (Europe)">
  <title>Just Dance 4 (Europe)</title>
  <year>2012</year>
  <genre>Rhythm</genre>
  <developer />
  <publisher>Ubisoft</publisher>
  <rating>Other - NR (Not Rated)</rating>
</game>
<game ROM="Just Dance 4 (USA)">
  <title>Just Dance 4 (USA)</title>
  <year>2012</year>
  <genre>Rhythm</genre>
  <developer />
  <publisher>Ubisoft</publisher>
  <rating>Other - NR (Not Rated)</rating>
</game>
<game ROM="Just Dance Kids 2014 (USA)">
  <title>Just Dance Kids 2014 (USA)</title>
  <year>2013</year>
  <genre>Rhythm</genre>
  <developer />
  <publisher>Ubisoft</publisher>
  <rating>Other - NR (Not Rated)</rating>
</game>
<game ROM="Just Dance - Disney Party 2 (USA)">
  <title>Just Dance: Disney Party 2 (USA)</title>
  <year>2015</year>
  <genre>Rhythm</genre>
  <developer />
  <publisher>Ubisoft</publisher>
  <rating>Other - NR (Not Rated)</rating>
</game>
<game ROM="Kirby and the Rainbow Curse (USA)">
  <title>Kirby and the Rainbow Curse (USA)</title>
  <year>2015</year>
  <genre>Platform</genre>
  <developer />
  <publisher>Nintendo</publisher>
  <rating>Other - NR (Not Rated)</rating>
</game>
<game ROM="Kung Fu Panda - Showdown of Legendary Legends (USA)">
  <title>Kung Fu Panda: Showdown of Legendary Legends (USA)</title>
  <year>2015</year>
  <genre>Action</genre>
  <developer />
  <publisher>Little Orbit</publisher>
  <rating>Other - NR (Not Rated)</rating>
</game>
<game ROM="Legend of Kay Anniversary (USA)">
  <title>Legend of Kay Anniversary (USA)</title>
  <year>2015</year>
  <genre>Action</genre>
  <developer />
  <publisher>Nordic Games Publishing</publisher>
  <rating>Other - NR (Not Rated)</rating>
</game>
<game ROM="Legend of Zelda, The - The Wind Waker HD (USA)">
  <title>Legend of Zelda, The: The Wind Waker HD (USA)</title>
  <year>2013</year>
  <genre>Adventure</genre>
  <developer />
  <publisher>Nintendo</publisher>
  <rating>Other - NR (Not Rated)</rating>
</game>
<game ROM="Legend of Zelda, The - Twilight Princess HD (USA)">
  <title>Legend of Zelda, The: Twilight Princess HD (USA)</title>
  <year>2016</year>
  <genre>Adventure</genre>
  <developer />
  <publisher>Nintendo</publisher>
  <rating>Other - NR (Not Rated)</rating>
</game>
<game ROM="LEGO Batman 2 - DC Super Heroes (USA)">
  <title>LEGO Batman 2: DC Super Heroes (USA)</title>
  <year>2013</year>
  <genre>Adventure</genre>
  <developer />
  <publisher>Warner Bros. Interactive Entertainment</publisher>
  <rating>Other - NR (Not Rated)</rating>
</game>
<game ROM="LEGO Batman 3 - Beyond Gotham (USA)">
  <title>LEGO Batman 3: Beyond Gotham (USA)</title>
  <year>2014</year>
  <genre>Adventure</genre>
  <developer />
  <publisher>Warner Bros. Interactive Entertainment</publisher>
  <rating>Other - NR (Not Rated)</rating>
</game>
<game ROM="LEGO City Undercover (USA)">
  <title>LEGO City Undercover (USA)</title>
  <year>2013</year>
  <genre>Adventure</genre>
  <developer />
  <publisher>Nintendo</publisher>
  <rating>Other - NR (Not Rated)</rating>
</game>
<game ROM="LEGO Dimensions (USA)">
  <title>LEGO Dimensions (USA)</title>
  <year>2015</year>
  <genre>Adventure</genre>
  <developer />
  <publisher>Warner Bros. Interactive Entertainment</publisher>
  <rating>Other - NR (Not Rated)</rating>
</game>
<game ROM="LEGO Jurassic World (USA)">
  <title>LEGO Jurassic World (USA)</title>
  <year>2015</year>
  <genre>Adventure</genre>
  <developer />
  <publisher>Warner Bros. Interactive Entertainment</publisher>
  <rating>Other - NR (Not Rated)</rating>
</game>
<game ROM="LEGO Marvel Super Heroes (USA)">
  <title>LEGO Marvel Super Heroes (USA)</title>
  <year>2013</year>
  <genre>Adventure</genre>
  <developer />
  <publisher>Warner Bros. Interactive Entertainment</publisher>
  <rating>Other - NR (Not Rated)</rating>
</game>
<game ROM="LEGO Marvel&apos;s Avengers (USA)">
  <title>LEGO Marvel&apos;s Avengers (USA)</title>
  <year>2016</year>
  <genre>Adventure</genre>
  <developer />
  <publisher>Warner Bros. Interactive Entertainment</publisher>
  <rating>Other - NR (Not Rated)</rating>
</game>
<game ROM="LEGO Movie Videogame, The (USA)">
  <title>LEGO Movie Videogame, The (USA)</title>
  <year>2014</year>
  <genre>Adventure</genre>
  <developer />
  <publisher>Warner Bros. Interactive Entertainment</publisher>
  <rating>Other - NR (Not Rated)</rating>
</game>
<game ROM="LEGO The Hobbit (USA)">
  <title>LEGO The Hobbit (USA)</title>
  <year>2014</year>
  <genre>Adventure</genre>
  <developer />
  <publisher>Warner Bros. Interactive Entertainment</publisher>
  <rating>Other - NR (Not Rated)</rating>
</game>
<game ROM="Luv me Buddies Wonderland (Europe)">
  <title>Luv me Buddies Wonderland (Europe)</title>
  <year>2014</year>
  <genre>Mini-Games</genre>
  <developer />
  <publisher>Oxygene</publisher>
  <rating>Other - NR (Not Rated)</rating>
</game>
<game ROM="Madden NFL 13 (USA)">
  <title>Madden NFL 13 (USA)</title>
  <year>2012</year>
  <genre>Sports/Football</genre>
  <developer />
  <publisher>EA Sports</publisher>
  <rating>Other - NR (Not Rated)</rating>
</game>
<game ROM="Mario &amp; Sonic at the Sochi 2014 Olympic Winter Games (USA)">
  <title>Mario &amp; Sonic at the Sochi 2014 Olympic Winter Games (USA)</title>
  <year>2013</year>
  <genre>Sports</genre>
  <developer />
  <publisher>Nintendo</publisher>
  <rating>Other - NR (Not Rated)</rating>
</game>
<game ROM="Mario Kart 8 (USA)">
  <title>Mario Kart 8 (USA)</title>
  <year>2014</year>
  <genre>Driving</genre>
  <developer />
  <publisher>Nintendo</publisher>
  <rating>Other - NR (Not Rated)</rating>
</game>
<game ROM="Mario Party 10 (USA)">
  <title>Mario Party 10 (USA)</title>
  <year>2015</year>
  <genre>Party</genre>
  <developer />
  <publisher>Nintendo</publisher>
  <rating>Other - NR (Not Rated)</rating>
</game>
<game ROM="Mario Tennis - Ultra Smash (USA)">
  <title>Mario Tennis: Ultra Smash (USA)</title>
  <year>2015</year>
  <genre>Sports/Tennis</genre>
  <developer />
  <publisher>Nintendo</publisher>
  <rating>Other - NR (Not Rated)</rating>
</game>
<game ROM="Marvel Avengers - Battle for Earth (USA)">
  <title>Marvel Avengers: Battle for Earth (USA)</title>
  <year>2012</year>
  <genre>Action</genre>
  <developer />
  <publisher>Ubisoft</publisher>
  <rating>Other - NR (Not Rated)</rating>
</game>
<game ROM="Mass Effect 3 - Special Edition (USA)">
  <title>Mass Effect 3: Special Edition (USA)</title>
  <year>2012</year>
  <genre>Action</genre>
  <developer />
  <publisher>Electronic Arts</publisher>
  <rating>Other - NR (Not Rated)</rating>
</game>
<game ROM="Monster High - 13 Wishes (USA)">
  <title>Monster High: 13 Wishes (USA)</title>
  <year>2013</year>
  <genre>Adventure</genre>
  <developer />
  <publisher>Little Orbit</publisher>
  <rating>Other - NR (Not Rated)</rating>
</game>
<game ROM="Monster High - New Ghoul in School (USA)">
  <title>Monster High: New Ghoul in School (USA)</title>
  <year>2015</year>
  <genre>Adventure</genre>
  <developer />
  <publisher>Little Orbit</publisher>
  <rating>Other - NR (Not Rated)</rating>
</game>
<game ROM="Monster Hunter 3 Ultimate (USA)">
  <title>Monster Hunter 3 Ultimate (USA)</title>
  <year>2013</year>
  <genre>Role-Playing</genre>
  <developer />
  <publisher>Capcom</publisher>
  <rating>Other - NR (Not Rated)</rating>
</game>
<game ROM="NBA 2K13 (USA)">
  <title>NBA 2K13 (USA)</title>
  <year>2012</year>
  <genre>Sports/Basketball</genre>
  <developer />
  <publisher>2K Sports</publisher>
  <rating>Other - NR (Not Rated)</rating>
</game>
<game ROM="Need for Speed - Most Wanted U (USA)">
  <title>Need for Speed: Most Wanted U (USA)</title>
  <year>2013</year>
  <genre>Driving</genre>
  <developer />
  <publisher>Electronic Arts</publisher>
  <rating>Other - NR (Not Rated)</rating>
</game>
<game ROM="NES Remix Pack (USA)">
  <title>NES Remix Pack (USA)</title>
  <year>2014</year>
  <genre>Compilation</genre>
  <developer />
  <publisher>Nintendo</publisher>
  <rating>Other - NR (Not Rated)</rating>
</game>
<game ROM="New Super Luigi U (USA)">
  <title>New Super Luigi U (USA)</title>
  <year>2013</year>
  <genre>Platform</genre>
  <developer />
  <publisher>Nintendo</publisher>
  <rating>Other - NR (Not Rated)</rating>
</game>
<game ROM="New Super Mario Bros. U (USA)">
  <title>New Super Mario Bros. U (USA)</title>
  <year>2012</year>
  <genre>Platform</genre>
  <developer />
  <publisher>Nintendo</publisher>
  <rating>Other - NR (Not Rated)</rating>
</game>
<game ROM="New Super Mario Bros. U + New Super Luigi U (USA)">
  <title>New Super Mario Bros. U + New Super Luigi U (USA)</title>
  <year>2013</year>
  <genre>Platform</genre>
  <developer />
  <publisher>Nintendo</publisher>
  <rating>Other - NR (Not Rated)</rating>
</game>
<game ROM="Ninja Gaiden 3 - Razor&apos;s Edge (USA)">
  <title>Ninja Gaiden 3: Razor&apos;s Edge (USA)</title>
  <year>2012</year>
  <genre>Action</genre>
  <developer />
  <publisher>Nintendo</publisher>
  <rating>Other - NR (Not Rated)</rating>
</game>
<game ROM="Nintendo Land (USA)">
  <title>Nintendo Land (USA)</title>
  <year>2012</year>
  <genre>Mini-Games</genre>
  <developer />
  <publisher>Nintendo</publisher>
  <rating>Other - NR (Not Rated)</rating>
</game>
<game ROM="One Piece - Unlimited World Red (Europe)">
  <title>One Piece: Unlimited World Red (Europe)</title>
  <year>2014</year>
  <genre>Action</genre>
  <developer />
  <publisher>Bandai Namco Games</publisher>
  <rating>Other - NR (Not Rated)</rating>
</game>
<game ROM="Pac-Man and the Ghostly Adventures (USA)">
  <title>Pac-Man and the Ghostly Adventures (USA)</title>
  <year>2013</year>
  <genre>Platform</genre>
  <developer />
  <publisher>Bandai Namco Games</publisher>
  <rating>Other - NR (Not Rated)</rating>
</game>
<game ROM="Pac-Man and the Ghostly Adventures 2 (USA)">
  <title>Pac-Man and the Ghostly Adventures 2 (USA)</title>
  <year>2014</year>
  <genre>Platform</genre>
  <developer />
  <publisher>Bandai Namco Games</publisher>
  <rating>Other - NR (Not Rated)</rating>
</game>
<game ROM="Peanuts Movie, The - Snoopy&apos;s Grand Adventure (USA)">
  <title>Peanuts Movie, The: Snoopy&apos;s Grand Adventure (USA)</title>
  <year>2015</year>
  <genre>Platform</genre>
  <developer />
  <publisher>Activision</publisher>
  <rating>Other - NR (Not Rated)</rating>
</game>
<game ROM="Penguins of Madagascar (USA)">
  <title>Penguins of Madagascar (USA)</title>
  <year>2014</year>
  <genre>Action</genre>
  <developer />
  <publisher>Little Orbit</publisher>
  <rating>Other - NR (Not Rated)</rating>
</game>
<game ROM="Phineas and Ferb - Quest for Cool Stuff (USA)">
  <title>Phineas and Ferb: Quest for Cool Stuff (USA)</title>
  <year>2013</year>
  <genre>Adventure</genre>
  <developer />
  <publisher>Majesco</publisher>
  <rating>Other - NR (Not Rated)</rating>
</game>
<game ROM="Pikmin 3 (USA)">
  <title>Pikmin 3 (USA)</title>
  <year>2013</year>
  <genre>Strategy</genre>
  <developer />
  <publisher>Nintendo</publisher>
  <rating>Other - NR (Not Rated)</rating>
</game>
<game ROM="Planes (USA)">
  <title>Planes (USA)</title>
  <year>2013</year>
  <genre>Adventure</genre>
  <developer />
  <publisher>Disney Interactive Studios</publisher>
  <rating>Other - NR (Not Rated)</rating>
</game>
<game ROM="Planes - Fire &amp; Rescue (USA)">
  <title>Planes: Fire &amp; Rescue (USA)</title>
  <year>2014</year>
  <genre>Adventure</genre>
  <developer />
  <publisher>Little Orbit</publisher>
  <rating>Other - NR (Not Rated)</rating>
</game>
<game ROM="Pokken Tournament (USA)">
  <title>Pokken Tournament (USA)</title>
  <year>2016</year>
  <genre>Fighter</genre>
  <developer />
  <publisher>Nintendo</publisher>
  <rating>Other - NR (Not Rated)</rating>
</game>
<game ROM="Project Zero - Maiden of Black Water (Europe)">
  <title>Project Zero: Maiden of Black Water (Europe)</title>
  <year>2015</year>
  <genre>Action</genre>
  <developer />
  <publisher>Nintendo</publisher>
  <rating>Other - NR (Not Rated)</rating>
</game>
<game ROM="Rabbids Land (USA)">
  <title>Rabbids Land (USA)</title>
  <year>2012</year>
  <genre>Mini-Games</genre>
  <developer />
  <publisher>Ubisoft</publisher>
  <rating>Other - NR (Not Rated)</rating>
</game>
<game ROM="Rapala Pro Bass Fishing (USA)">
  <title>Rapala Pro Bass Fishing (USA)</title>
  <year>2012</year>
  <genre>Sports/Fishing</genre>
  <developer />
  <publisher>Activision</publisher>
  <rating>Other - NR (Not Rated)</rating>
</game>
<game ROM="Rayman Legends (USA)">
  <title>Rayman Legends (USA)</title>
  <year>2013</year>
  <genre>Platform</genre>
  <developer />
  <publisher>Ubisoft</publisher>
  <rating>Other - NR (Not Rated)</rating>
</game>
<game ROM="Resident Evil - Revelations (USA)">
  <title>Resident Evil: Revelations (USA)</title>
  <year>2013</year>
  <genre>Action</genre>
  <developer />
  <publisher>Capcom</publisher>
  <rating>Other - NR (Not Rated)</rating>
</game>
<game ROM="Rise of the Guardians (USA)">
  <title>Rise of the Guardians (USA)</title>
  <year>2012</year>
  <genre>Adventure</genre>
  <developer />
  <publisher>D3Publisher</publisher>
  <rating>Other - NR (Not Rated)</rating>
</game>
<game ROM="Rodea the Sky Soldier (USA)">
  <title>Rodea the Sky Soldier (USA)</title>
  <year>2015</year>
  <genre>Platform</genre>
  <developer />
  <publisher>NIS America</publisher>
  <rating>Other - NR (Not Rated)</rating>
</game>
<game ROM="Scribblenauts Unlimited (USA)">
  <title>Scribblenauts Unlimited (USA)</title>
  <year>2012</year>
  <genre>Action</genre>
  <developer />
  <publisher>Warner Bros. Interactive Entertainment</publisher>
  <rating>Other - NR (Not Rated)</rating>
</game>
<game ROM="Scribblenauts Unmasked - A DC Comics Adventure (USA)">
  <title>Scribblenauts Unmasked: A DC Comics Adventure (USA)</title>
  <year>2013</year>
  <genre>Action</genre>
  <developer />
  <publisher>Warner Bros. Interactive Entertainment</publisher>
  <rating>Other - NR (Not Rated)</rating>
</game>
<game ROM="Shovel Knight (USA)">
  <title>Shovel Knight (USA)</title>
  <year>2015</year>
  <genre>Platform</genre>
  <developer />
  <publisher>Yacht Club Games</publisher>
  <rating>Other - NR (Not Rated)</rating>
</game>
<game ROM="SiNG Party (USA)">
  <title>SiNG Party (USA)</title>
  <year>2012</year>
  <genre>Rhythm</genre>
  <developer />
  <publisher>Nintendo</publisher>
  <rating>Other - NR (Not Rated)</rating>
</game>
<game ROM="Skylanders Giants (USA)">
  <title>Skylanders Giants (USA)</title>
  <year>2012</year>
  <genre>Platform</genre>
  <developer />
  <publisher>Activision</publisher>
  <rating>Other - NR (Not Rated)</rating>
</game>
<game ROM="Skylanders SuperChargers (USA)">
  <title>Skylanders SuperChargers (USA)</title>
  <year>2015</year>
  <genre>Platform</genre>
  <developer />
  <publisher>Activision</publisher>
  <rating>Other - NR (Not Rated)</rating>
</game>
<game ROM="Skylanders Swap Force (USA)">
  <title>Skylanders Swap Force (USA)</title>
  <year>2013</year>
  <genre>Platform</genre>
  <developer />
  <publisher>Activision</publisher>
  <rating>Other - NR (Not Rated)</rating>
</game>
<game ROM="Skylanders Trap Team (USA)">
  <title>Skylanders Trap Team (USA)</title>
  <year>2014</year>
  <genre>Platform</genre>
  <developer />
  <publisher>Activision</publisher>
  <rating>Other - NR (Not Rated)</rating>
</game>
<game ROM="Smurfs 2, The (USA)">
  <title>Smurfs 2, The (USA)</title>
  <year>2013</year>
  <genre>Platform</genre>
  <developer />
  <publisher>Ubisoft</publisher>
  <rating>Other - NR (Not Rated)</rating>
</game>
<game ROM="Sniper Elite V2 (USA)">
  <title>Sniper Elite V2 (USA)</title>
  <year>2013</year>
  <genre>Shooter</genre>
  <developer />
  <publisher>505 Games</publisher>
  <rating>Other - NR (Not Rated)</rating>
</game>
<game ROM="Sonic &amp; All-Stars Racing Transformed (USA)">
  <title>Sonic &amp; All-Stars Racing Transformed (USA)</title>
  <year>2012</year>
  <genre>Driving</genre>
  <developer />
  <publisher>Sega</publisher>
  <rating>Other - NR (Not Rated)</rating>
</game>
<game ROM="Sonic Boom - Rise of Lyric (USA)">
  <title>Sonic Boom: Rise of Lyric (USA)</title>
  <year>2014</year>
  <genre>Platform</genre>
  <developer />
  <publisher>Sega</publisher>
  <rating>Other - NR (Not Rated)</rating>
</game>
<game ROM="Sonic - Lost World (USA)">
  <title>Sonic: Lost World (USA)</title>
  <year>2013</year>
  <genre>Platform</genre>
  <developer />
  <publisher>Sega</publisher>
  <rating>Other - NR (Not Rated)</rating>
</game>
<game ROM="Splatoon (USA)">
  <title>Splatoon (USA)</title>
  <year>2015</year>
  <genre>Shooter</genre>
  <developer />
  <publisher>Nintendo</publisher>
  <rating>Other - NR (Not Rated)</rating>
</game>
<game ROM="SpongeBob SquarePants - Plankton&apos;s Robotic Revenge (USA)">
  <title>SpongeBob SquarePants: Plankton&apos;s Robotic Revenge (USA)</title>
  <year>2013</year>
  <genre>Adventure</genre>
  <developer />
  <publisher>Activision</publisher>
  <rating>Other - NR (Not Rated)</rating>
</game>
<game ROM="Star Fox Guard (USA)">
  <title>Star Fox Guard (USA)</title>
  <year>2016</year>
  <genre>Simulation</genre>
  <developer />
  <publisher>Nintendo</publisher>
  <rating>Other - NR (Not Rated)</rating>
</game>
<game ROM="Star Fox Zero (USA)">
  <title>Star Fox Zero (USA)</title>
  <year>2016</year>
  <genre>Simulation</genre>
  <developer />
  <publisher>Nintendo</publisher>
  <rating>Other - NR (Not Rated)</rating>
</game>
<game ROM="Super Mario 3D World (USA)">
  <title>Super Mario 3D World (USA)</title>
  <year>2013</year>
  <genre>Platform</genre>
  <developer />
  <publisher>Nintendo</publisher>
  <rating>Other - NR (Not Rated)</rating>
</game>
<game ROM="Super Mario Maker (USA)">
  <title>Super Mario Maker (USA)</title>
  <year>2015</year>
  <genre>Platform</genre>
  <developer />
  <publisher>Nintendo</publisher>
  <rating>Other - NR (Not Rated)</rating>
</game>
<game ROM="Super Smash Bros. for Wii U (USA)">
  <title>Super Smash Bros. for Wii U (USA)</title>
  <year>2014</year>
  <genre>Fighter</genre>
  <developer />
  <publisher>Nintendo</publisher>
  <rating>Other - NR (Not Rated)</rating>
</game>
<game ROM="Tank! Tank! Tank! (USA)">
  <title>Tank! Tank! Tank! (USA)</title>
  <year>2012</year>
  <genre>Simulation</genre>
  <developer />
  <publisher>Namco Bandai Games</publisher>
  <rating>Other - NR (Not Rated)</rating>
</game>
<game ROM="Tekken Tag Tournament 2 - Wii U Edition (USA)">
  <title>Tekken Tag Tournament 2: Wii U Edition (USA)</title>
  <year>2012</year>
  <genre>Fighter</genre>
  <developer />
  <publisher>Namco Bandai Games</publisher>
  <rating>Other - NR (Not Rated)</rating>
</game>
<game ROM="Teslagrad (Europe)">
  <title>Teslagrad (Europe)</title>
  <year>2014</year>
  <genre>Platform</genre>
  <developer />
  <publisher>Rain Games</publisher>
  <rating>Other - NR (Not Rated)</rating>
</game>
<game ROM="Tom Clancy&apos;s Splinter Cell - Blacklist (USA)">
  <title>Tom Clancy&apos;s Splinter Cell: Blacklist (USA)</title>
  <year>2013</year>
  <genre>Action</genre>
  <developer />
  <publisher>Ubisoft</publisher>
  <rating>Other - NR (Not Rated)</rating>
</game>
<game ROM="Transformers Prime - The Game (USA)">
  <title>Transformers Prime: The Game (USA)</title>
  <year>2012</year>
  <genre>Action</genre>
  <developer />
  <publisher>Activision</publisher>
  <rating>Other - NR (Not Rated)</rating>
</game>
<game ROM="Transformers - Rise of the Dark Spark (USA)">
  <title>Transformers: Rise of the Dark Spark (USA)</title>
  <year>2014</year>
  <genre>Action</genre>
  <developer />
  <publisher>Activision</publisher>
  <rating>Other - NR (Not Rated)</rating>
</game>
<game ROM="Turbo - Super Stunt Squad (USA)">
  <title>Turbo: Super Stunt Squad (USA)</title>
  <year>2013</year>
  <genre>Action</genre>
  <developer />
  <publisher>D3Publisher</publisher>
  <rating>Other - NR (Not Rated)</rating>
</game>
<game ROM="Voice, The - I Want You (USA)">
  <title>Voice, The - I Want You (USA)</title>
  <year>2014</year>
  <genre>Rhythm</genre>
  <developer />
  <publisher>Activision</publisher>
  <rating>Other - NR (Not Rated)</rating>
</game>
<game ROM="Walking Dead, The - Survival Instinct (USA)">
  <title>Walking Dead, The: Survival Instinct (USA)</title>
  <year>2013</year>
  <genre>Shooter</genre>
  <developer />
  <publisher>Activision</publisher>
  <rating>Other - NR (Not Rated)</rating>
</game>
<game ROM="Warriors Orochi 3 Hyper (USA)">
  <title>Warriors Orochi 3 Hyper (USA)</title>
  <year>2012</year>
  <genre>Beat-&apos;Em-Up</genre>
  <developer />
  <publisher>Tecmo Koei Games</publisher>
  <rating>Other - NR (Not Rated)</rating>
</game>
<game ROM="Watch Dogs (USA)">
  <title>Watch Dogs (USA)</title>
  <year>2014</year>
  <genre>Action</genre>
  <developer />
  <publisher>Ubisoft</publisher>
  <rating>Other - NR (Not Rated)</rating>
</game>
<game ROM="Wheel of Fortune (USA)">
  <title>Wheel of Fortune (USA)</title>
  <year>2012</year>
  <genre>Game Show</genre>
  <developer />
  <publisher>THQ</publisher>
  <rating>Other - NR (Not Rated)</rating>
</game>
<game ROM="Wii Fit U (USA)">
  <title>Wii Fit U (USA)</title>
  <year>2014</year>
  <genre>Miscellaneous</genre>
  <developer />
  <publisher>Nintendo</publisher>
  <rating>Other - NR (Not Rated)</rating>
</game>
<game ROM="Wii Party U (USA)">
  <title>Wii Party U (USA)</title>
  <year>2013</year>
  <genre>Mini-Games</genre>
  <developer />
  <publisher>Nintendo</publisher>
  <rating>Other - NR (Not Rated)</rating>
</game>
<game ROM="Wii Sports Club (USA)">
  <title>Wii Sports Club (USA)</title>
  <year>2014</year>
  <genre>Sports</genre>
  <developer />
  <publisher>Nintendo</publisher>
  <rating>Other - NR (Not Rated)</rating>
</game>
<game ROM="Wipeout 3 (USA)">
  <title>Wipeout 3 (USA)</title>
  <year>2012</year>
  <genre>Mini-Games</genre>
  <developer />
  <publisher>Activision</publisher>
  <rating>Other - NR (Not Rated)</rating>
</game>
<game ROM="Wipeout - Create &amp; Crash (USA)">
  <title>Wipeout: Create &amp; Crash (USA)</title>
  <year>2013</year>
  <genre>Mini-Games</genre>
  <developer />
  <publisher>Activision</publisher>
  <rating>Other - NR (Not Rated)</rating>
</game>
<game ROM="Wonderful 101, The (USA)">
  <title>Wonderful 101, The (USA)</title>
  <year>2013</year>
  <genre>Action</genre>
  <developer />
  <publisher>Nintendo</publisher>
  <rating>Other - NR (Not Rated)</rating>
</game>
<game ROM="Xenoblade Chronicles X (USA)">
  <title>Xenoblade Chronicles X (USA)</title>
  <year>2015</year>
  <genre>Role-Playing</genre>
  <developer />
  <publisher>Nintendo</publisher>
  <rating>Other - NR (Not Rated)</rating>
</game>
<game ROM="Yoshi&apos;s Woolly World (USA)">
  <title>Yoshi&apos;s Woolly World (USA)</title>
  <year>2015</year>
  <genre>Platform</genre>
  <developer />
  <publisher>Nintendo</publisher>
  <rating>Other - NR (Not Rated)</rating>
</game>
<game ROM="Your Shape - Fitness Evolved 2013 (USA)">
  <title>Your Shape: Fitness Evolved 2013 (USA)</title>
  <year>2012</year>
  <genre>Miscellaneous</genre>
  <developer />
  <publisher>Ubisoft</publisher>
  <rating>Other - NR (Not Rated)</rating>
</game>
<game ROM="ZombiU (USA)">
  <title>ZombiU (USA)</title>
  <year>2012</year>
  <genre>Shooter</genre>
  <developer />
  <publisher>Ubisoft</publisher>
  <rating>Other - NR (Not Rated)</rating>
</game>
<game ROM="Zumba Fitness World Party (USA)">
  <title>Zumba Fitness World Party (USA)</title>
  <year>2013</year>
  <genre>Miscellaneous</genre>
  <developer />
  <publisher>Majesco</publisher>
  <rating>Other - NR (Not Rated)</rating>
</game>
</menu>
