<?xml version="1.0" encoding="utf-8" standalone="yes"?>
<menu>
<header>
  <listname>Tiger Game.com</listname>
  <lastlistupdate></lastlistupdate>
  <listversion>V1</listversion>
  <exporterversion>V1 GameDBInfo converter</exporterversion>
</header>
<game ROM="Batman &amp; Robin (USA)">
  <title>Batman &amp; Robin (USA)</title>
  <year>1997</year>
  <genre>Action</genre>
  <developer />
  <publisher>Acclaim</publisher>
  <rating>ESRB - T (Teen)</rating>
</game>
<game ROM="Centipede (USA)">
  <title>Centipede (USA)</title>
  <year>1999</year>
  <genre>Shooter</genre>
  <developer />
  <publisher>Hasbro-Tiger Electronics</publisher>
  <rating>ESRB - E (Everyone)</rating>
</game>
<game ROM="Duke Nukem 3D (USA)">
  <title>Duke Nukem 3D (USA)</title>
  <year>1997</year>
  <genre>Action</genre>
  <developer />
  <publisher>Tiger Electronics</publisher>
  <rating>ESRB - M (Mature)</rating>
</game>
<game ROM="Fighters Megamix (USA)">
  <title>Fighters Megamix (USA)</title>
  <year>1998</year>
  <genre>Fighter</genre>
  <developer />
  <publisher>Sega</publisher>
  <rating>ESRB - T (Teen)</rating>
</game>
<game ROM="Frogger (USA)">
  <title>Frogger (USA)</title>
  <year>1999</year>
  <genre>Action</genre>
  <developer />
  <publisher>Hasbro-Tiger Electronics</publisher>
  <rating>ESRB - E (Everyone)</rating>
</game>
<game ROM="Henry (USA)">
  <title>Henry (USA)</title>
  <year>1997</year>
  <genre>Action</genre>
  <developer />
  <publisher>Tiger Electronics</publisher>
  <rating>ESRB - E (Everyone)</rating>
</game>
<game ROM="Indy 500 (USA)">
  <title>Indy 500 (USA)</title>
  <year>1997</year>
  <genre>Driving</genre>
  <developer />
  <publisher>Tiger Electronics</publisher>
  <rating>ESRB - E (Everyone)</rating>
</game>
<game ROM="Jeopardy! (USA)">
  <title>Jeopardy! (USA)</title>
  <year>1997</year>
  <genre>Quiz</genre>
  <developer />
  <publisher>Tiger Electronics</publisher>
  <rating>ESRB - E (Everyone)</rating>
</game>
<game ROM="Jurassic Park - The Lost World (USA)">
  <title>Jurassic Park - The Lost World (USA)</title>
  <year>1997</year>
  <genre>Action</genre>
  <developer />
  <publisher>Tiger Electronics</publisher>
  <rating>ESRB - T (Teen)</rating>
</game>
<game ROM="Lights Out (USA)">
  <title>Lights Out (USA)</title>
  <year>1997</year>
  <genre>Puzzle</genre>
  <developer />
  <publisher>Tiger Electronics</publisher>
  <rating>ESRB - E (Everyone)</rating>
</game>
<game ROM="Monopoly (USA)">
  <title>Monopoly (USA)</title>
  <year>1999</year>
  <genre>Board Games</genre>
  <developer />
  <publisher>Tiger Electronics</publisher>
  <rating>ESRB - E (Everyone)</rating>
</game>
<game ROM="Mortal Kombat Trilogy (USA)">
  <title>Mortal Kombat Trilogy (USA)</title>
  <year>1997</year>
  <genre>Fighter</genre>
  <developer />
  <publisher>Midway</publisher>
  <rating>ESRB - M (Mature)</rating>
</game>
<game ROM="Quiz Wiz - Cyber Trivia (USA)">
  <title>Quiz Wiz - Cyber Trivia (USA)</title>
  <year>1997</year>
  <genre>Quiz</genre>
  <developer />
  <publisher>Tiger Electronics</publisher>
  <rating>ESRB - E (Everyone)</rating>
</game>
<game ROM="Resident Evil 2 (USA)">
  <title>Resident Evil 2 (USA)</title>
  <year>1998</year>
  <genre>Action</genre>
  <developer />
  <publisher>Capcom</publisher>
  <rating>ESRB - M (Mature)</rating>
</game>
<game ROM="Scrabble (USA)">
  <title>Scrabble (USA)</title>
  <year>1999</year>
  <genre>Board Games</genre>
  <developer />
  <publisher>Hasbro-Tiger Electronics</publisher>
  <rating>ESRB - E (Everyone)</rating>
</game>
<game ROM="Sonic Jam (USA)">
  <title>Sonic Jam (USA)</title>
  <year>1998</year>
  <genre>Platform</genre>
  <developer />
  <publisher>Sega</publisher>
  <rating>ESRB - E (Everyone)</rating>
</game>
<game ROM="Tiger Casino (USA)">
  <title>Tiger Casino (USA)</title>
  <year>1998</year>
  <genre>Casino</genre>
  <developer />
  <publisher>Tiger Electronics</publisher>
  <rating>ESRB - E (Everyone)</rating>
</game>
<game ROM="Wheel of Fortune (USA)">
  <title>Wheel of Fortune (USA)</title>
  <year>1997</year>
  <genre>Puzzle</genre>
  <developer />
  <publisher>Tiger Electronics</publisher>
  <rating>ESRB - E (Everyone)</rating>
</game>
<game ROM="Wheel of Fortune 2 (USA)">
  <title>Wheel of Fortune 2 (USA)</title>
  <year>1998</year>
  <genre>Puzzle</genre>
  <developer />
  <publisher>Tiger Electronics</publisher>
  <rating>ESRB - E (Everyone)</rating>
</game>
<game ROM="Williams Arcade Classics (USA)">
  <title>Williams Arcade Classics (USA)</title>
  <year>1997</year>
  <genre>Miscellaneous</genre>
  <developer />
  <publisher>Tiger Electronics</publisher>
  <rating>ESRB - E (Everyone)</rating>
</game>
</menu>
