<?xml version="1.0" encoding="UTF-8" standalone="yes"?>
<addon id="plugin.program.akl" name="Advanced Kodi Launcher" version="1.5.3" provider-name="chrisism">
  <requires>
      <import addon="xbmc.python" version="3.0.0"/>
      <import addon="script.module.routing" version="0.2.3"/>
      <import addon="script.module.akl" version="1.2.0"/>
  </requires>
  <extension point="xbmc.python.pluginsource" library="addon.py">
      <provides>executable game</provides>
  </extension>
  <extension point="xbmc.service" library="service.py"/>
  <extension point="xbmc.addon.metadata">
    <summary lang="en_GB">Start any emulators/apps from Kodi.</summary>
    <description lang="en_GB">Gaming front-end and general application launcher for Kodi. Supports scanning, scraping and launching of ROMs and games, using many plugins. Easily extendable with lots of plugins or create your own.</description>
    <platform>android freebsd ios linux osx windows</platform>
    <license>GNU General Public License version 2</license>
    <email>crizzz@gmail.com</email>
    <forum>https://forum.kodi.tv/showthread.php?tid=366351</forum>
    <website>https://github.com/chrisism/plugin.program.akl</website>
    <source>https://github.com/chrisism/plugin.program.akl</source>
    <assets>
      <icon>media/icon.png</icon>
      <fanart>media/fanart.jpg</fanart>
      <screenshot>media/arcticzephyr_reloaded_01_companies.jpg</screenshot>
      <screenshot>media/arcticzephyr_reloaded_02_systems.jpg</screenshot>
      <screenshot>media/arcticzephyr_reloaded_03_games.jpg</screenshot>
    </assets>
    <news>[UPPERCASE]Current[/UPPERCASE][CR]- Fixed launching standalone sources[CR]- Several fixes by mallexxx[CR]- Moved default asset paths to edit assets/artwork menu[CR][UPPERCASE]Previous[/UPPERCASE][CR]- Separated launchers[CR]- Implemented sources[CR]- Search term mode applicable for multi ROM scraping[CR]- Refactoring of default asset mapping[CR]- Collections now use import rules from sources</news>
  </extension>
</addon>
