<?xml version="1.0" encoding="UTF-8" standalone="yes"?>
<addon id="script.akl.nvgamestream" name="Nvidia Gamestream plugin for AKL" version="1.0.1" provider-name="chrisism">
  <requires>
      <import addon="xbmc.python" version="3.0.0"/>
      <import addon="script.module.akl" version="1.0.7"/>
      <import addon="plugin.program.akl" version="1.0.1"/>
      <import addon="script.module.pycryptodome" version="3.4.3"/>
  </requires>
  <extension point="xbmc.python.script" library="default.py">
    <provides>game</provides>
  </extension>
  <extension point="xbmc.addon.metadata">
    <summary lang="en_GB">Nvidia Gamestream scanner and launcher for AKL plugin.</summary>
    <description lang="en_GB">
    This module can be used as a scanner and launcher plugin for AKL. It can scan and launch games from your
    Nvidia Gamestream library. This plugin needs and is executed from within AKL.
    </description>
    <platform>all</platform>
    <license>GNU General Public License version 2</license>
    <email>crizizz@gmail.com</email>
    <forum>http://forum.kodi.tv/showthread.php?tid=366351</forum>
    <website>https://github.com/chrisism/script.akl.nvgamestream</website>
    <source>https://github.com/chrisism/script.akl.nvgamestream</source>
    <assets>
      <icon>media/icon.png</icon>
      <fanart>media/fanart.jpg</fanart>
    </assets>
    <news>First official release of this Nvidia gamestream plugins for AKL.</news>
  </extension>
</addon>