<?xml version="1.0" encoding="UTF-8" standalone="yes"?>
<addon id="script.akl.defaults" name="Advanced Kodi Launcher: Default plugins" version="1.0.0" provider-name="chrisism">
  <requires>
      <import addon="xbmc.python" version="3.0.0"/>
      <import addon="script.module.akl" version="1.0.2"/>
  </requires>
  <extension point="xbmc.python.script" library="default.py">
      <provides>game</provides>
  </extension>
  <extension point="xbmc.addon.metadata">
    <summary lang="en_GB">Default plugins for AKL.</summary>
    <description lang="en_GB">Default plugins for AKL</description>
    <platform>all</platform>
    <license>GNU General Public License version 2</license>
    <email>crizizz@gmail.com</email>
    <forum>http://forum.kodi.tv/showthread.php?tid=287826</forum>
    <website>https://github.com/chrisism/script.akl.defaults</website>
    <source>https://github.com/chrisism/script.akl.defaults</source>
    <assets>
      <icon>media/icon.png</icon>
      <fanart>media/fanart.jpg</fanart>
    </assets>
    <news>[B]v1.0.0[/B][CR] - Initial release of AKL plugin</news>
  </extension>
</addon>