<?xml version="1.0" encoding="UTF-8" standalone="yes"?>
<addon id="script.module.akl" name="Advanced Kodi Launcher Library Module" version="1.0.6" provider-name="chrisism">
  <requires>
      <import addon="xbmc.python" version="3.0.0"/>
      <import addon="script.module.requests" version="2.22.0.1"/>
  </requires>
  <extension point="xbmc.python.module" library="lib"/>
  <extension point="xbmc.addon.metadata">
    <summary lang="en_GB">Library module for AKL plugin.</summary>
    <description lang="en_GB">Python module to be used as a library for AKL plugins.</description>
    <platform>android freebsd ios linux osx windows</platform>
    <license>GNU General Public License version 2</license>
    <email>crizizz@gmail.com</email>
    <forum>https://forum.kodi.tv/showthread.php?tid=366351</forum>
    <website>https://github.com/chrisism/script.module.akl</website>
    <source>https://github.com/chrisism/script.module.akl</source>
    <assets>
      <icon>media/icon.png</icon>
      <fanart>media/fanart.jpg</fanart>
    </assets>
    <news>[UPPERCASE]Bug fixes[/UPPERCASE][CR]- Refactored executors to accept args and kwargs.[CR]- Split android executor into a shell version and StartActivity version.[CR][UPPERCASE]In previous releases[/UPPERCASE][CR]- Code fix for wizard dialogs.[CR]- Updated HTTP calls to use requests module.[CR]- Support for joystick enable/disable when launching ([UPPERCASE]14)[/UPPERCASE][CR]- Use translated path for execution log files ([UPPERCASE]15)[/UPPERCASE][CR]- Fix for scraper cache dirs.</news>
  </extension>
</addon>