<?xml version="1.0" encoding="UTF-8" standalone="yes"?>
<addon id="script.ael.defaults" name="Advanced Emulator Launcher: Default plugins" version="0.0.1" provider-name="chrisism">
  <requires>
      <import addon="xbmc.python" version="3.0.0"/>
      <import addon="script.module.ael" version="0.10.0"/>
  </requires>
  <extension point="xbmc.python.script" library="default.py">
    <provides>executable</provides>
  </extension>
  <extension point="xbmc.addon.metadata">
    <summary lang="en_GB">Default plugins for AEL.</summary>
    <description lang="en_GB">Default plugins for AEL</description>
    <platform>all</platform>
    <license>GNU General Public License version 2</license>
    <email>crizizz@gmail.com</email>
    <forum>http://forum.kodi.tv/showthread.php?tid=287826</forum>
    <website>https://github.com/chrisism/script.ael.defaults</website>
    <source>https://github.com/chrisism/script.ael.defaults</source>
    <assets>
      <icon>media/icon.png</icon>
      <fanart>media/fanart.jpg</fanart>
    </assets>
    <news>See changelog.txt for information about the latest release.</news>
  </extension>
</addon>