<?xml version="1.0" encoding="UTF-8" standalone="yes"?>
<addon id="script.akl.defaults" name="Advanced Kodi Launcher: Default plugins" version="1.0.2" provider-name="chrisism">
  <requires>
      <import addon="xbmc.python" version="3.0.0"/>
      <import addon="script.module.akl" version="1.0.8"/>
  </requires>
  <extension point="xbmc.python.script" library="default.py">
      <provides>game</provides>
  </extension>
  <extension point="xbmc.addon.metadata">
    <summary lang="en_GB">Default plugins for AKL.</summary>
    <description lang="en_GB">
    Default plugins for AKL. Needed to have basic functionality with AKL. Supports scanning directories for certain files.
    Launching these files using selected applications.
    </description>
    <platform>all</platform>
    <license>GNU General Public License version 2</license>
    <email>crizizz@gmail.com</email>
    <forum>http://forum.kodi.tv/showthread.php?tid=287826</forum>
    <website>https://github.com/chrisism/script.akl.defaults</website>
    <source>https://github.com/chrisism/script.akl.defaults</source>
    <assets>
      <icon>media/icon.png</icon>
      <fanart>media/fanart.jpg</fanart>
    </assets>
    <news>[UPPERCASE]Current[/UPPERCASE][CR]- Updated to programs based file browser.[CR]- Added joystick suspend option.[CR]- Minor bugfixes.[CR]- Updated dependency to newer version of module and AKL.[CR][UPPERCASE]Previous: v1.0.0[/UPPERCASE][CR]- First official release of this collection of default plugins for AKL.</news>
  </extension>
</addon>