{
 "3DO Interactive Multiplayer":{
  "aliasof":null,
  "numROMs":216
 },
 "Amstrad CPC":{
  "aliasof":null,
  "numROMs":3107
 },
 "Atari 2600":{
  "aliasof":null,
  "numROMs":471
 },
 "Atari 5200":{
  "aliasof":null,
  "numROMs":72
 },
 "Atari 7800":{
  "aliasof":null,
  "numROMs":59
 },
 "Atari 8-bit":{
  "aliasof":null,
  "numROMs":2827
 },
 "Atari Jaguar":{
  "aliasof":null,
  "numROMs":54
 },
 "Atari Jaguar CD":{
  "aliasof":null,
  "numROMs":13
 },
 "Atari Lynx":{
  "aliasof":null,
  "numROMs":75
 },
 "Atari ST":{
  "aliasof":null,
  "numROMs":2904
 },
 "Bandai WonderSwan":{
  "aliasof":null,
  "numROMs":110
 },
 "Bandai WonderSwan Color":{
  "aliasof":null,
  "numROMs":91
 },
 "Benesse Pocket Challenge V2":{
  "aliasof":null,
  "numROMs":0
 },
 "Casio Loopy":{
  "aliasof":null,
  "numROMs":10
 },
 "Casio PV-1000":{
  "aliasof":null,
  "numROMs":13
 },
 "Coleco Colecovision":{
  "aliasof":null,
  "numROMs":140
 },
 "Commodore 16":{
  "aliasof":null,
  "numROMs":661
 },
 "Commodore 64":{
  "aliasof":null,
  "numROMs":8333
 },
 "Commodore Amiga":{
  "aliasof":null,
  "numROMs":2083
 },
 "Commodore Amiga CD32":{
  "aliasof":null,
  "numROMs":163
 },
 "Commodore Amiga CDTV":{
  "aliasof":null,
  "numROMs":168
 },
 "Commodore PET":{
  "aliasof":null,
  "numROMs":275
 },
 "Commodore Plus-4":{
  "aliasof":"c16",
  "numROMs":0
 },
 "Commodore VIC-20":{
  "aliasof":null,
  "numROMs":1356
 },
 "Emerson Arcadia 2001":{
  "aliasof":null,
  "numROMs":55
 },
 "Entex Adventure Vision":{
  "aliasof":null,
  "numROMs":4
 },
 "Epoch Super Cassette Vision":{
  "aliasof":null,
  "numROMs":30
 },
 "Fairchild Channel F":{
  "aliasof":null,
  "numROMs":30
 },
 "Fujitsu FM Towns Marty":{
  "aliasof":null,
  "numROMs":63
 },
 "Funtech Super Acan":{
  "aliasof":null,
  "numROMs":12
 },
 "GCE Vectrex":{
  "aliasof":null,
  "numROMs":23
 },
 "GamePark GP32":{
  "aliasof":null,
  "numROMs":31
 },
 "Hartung Game Master":{
  "aliasof":null,
  "numROMs":11
 },
 "Konami Picno":{
  "aliasof":null,
  "numROMs":0
 },
 "LeapFrog LeapPad":{
  "aliasof":null,
  "numROMs":0
 },
 "LeapFrog Leapster Learning Game System":{
  "aliasof":null,
  "numROMs":0
 },
 "LeapFrog My First LeapPad":{
  "aliasof":null,
  "numROMs":0
 },
 "Libretro Cave Story (NX Engine)":{
  "aliasof":null,
  "numROMs":0
 },
 "Libretro ChaiLove":{
  "aliasof":null,
  "numROMs":0
 },
 "Libretro Doom":{
  "aliasof":null,
  "numROMs":0
 },
 "Libretro Doom 3":{
  "aliasof":null,
  "numROMs":0
 },
 "Libretro EasyRPG":{
  "aliasof":null,
  "numROMs":0
 },
 "Libretro Game and Watch":{
  "aliasof":null,
  "numROMs":0
 },
 "Libretro Lutro":{
  "aliasof":null,
  "numROMs":0
 },
 "Libretro OpenLara":{
  "aliasof":null,
  "numROMs":0
 },
 "Libretro Quake":{
  "aliasof":null,
  "numROMs":0
 },
 "Libretro Quake 2":{
  "aliasof":null,
  "numROMs":0
 },
 "Libretro Quake 3":{
  "aliasof":null,
  "numROMs":0
 },
 "Libretro TIC-80":{
  "aliasof":null,
  "numROMs":0
 },
 "MAME":{
  "aliasof":null,
  "numROMs":41587
 },
 "Magnavox Odyssey2":{
  "aliasof":null,
  "numROMs":99
 },
 "Mattel Intellivision":{
  "aliasof":null,
  "numROMs":141
 },
 "Microsoft MS-DOS":{
  "aliasof":null,
  "numROMs":5194
 },
 "Microsoft MSX":{
  "aliasof":null,
  "numROMs":919
 },
 "Microsoft MSX2":{
  "aliasof":null,
  "numROMs":165
 },
 "Microsoft Windows":{
  "aliasof":null,
  "numROMs":0
 },
 "Microsoft Windows 3.x":{
  "aliasof":null,
  "numROMs":1078
 },
 "Microsoft Xbox":{
  "aliasof":null,
  "numROMs":0
 },
 "Microsoft Xbox 360":{
  "aliasof":null,
  "numROMs":0
 },
 "Microsoft Xbox One":{
  "aliasof":null,
  "numROMs":0
 },
 "NEC PC Engine":{
  "aliasof":null,
  "numROMs":294
 },
 "NEC PC Engine CDROM2":{
  "aliasof":null,
  "numROMs":118
 },
 "NEC PC-FX":{
  "aliasof":null,
  "numROMs":62
 },
 "NEC PC-FXGA":{
  "aliasof":"pcfx",
  "numROMs":0
 },
 "NEC SuperGrafx":{
  "aliasof":null,
  "numROMs":5
 },
 "NEC TurboGrafx 16":{
  "aliasof":"pce",
  "numROMs":0
 },
 "NEC TurboGrafx CD":{
  "aliasof":"pcecd",
  "numROMs":0
 },
 "Nintendo 3DS":{
  "aliasof":null,
  "numROMs":0
 },
 "Nintendo 64":{
  "aliasof":null,
  "numROMs":303
 },
 "Nintendo 64DD":{
  "aliasof":null,
  "numROMs":12
 },
 "Nintendo DS":{
  "aliasof":null,
  "numROMs":2222
 },
 "Nintendo DSi":{
  "aliasof":null,
  "numROMs":0
 },
 "Nintendo Famicon":{
  "aliasof":"nes",
  "numROMs":0
 },
 "Nintendo Famicon Disk System":{
  "aliasof":null,
  "numROMs":209
 },
 "Nintendo GameBoy":{
  "aliasof":null,
  "numROMs":838
 },
 "Nintendo GameBoy Advance":{
  "aliasof":null,
  "numROMs":1018
 },
 "Nintendo GameBoy Color":{
  "aliasof":null,
  "numROMs":535
 },
 "Nintendo GameCube":{
  "aliasof":null,
  "numROMs":638
 },
 "Nintendo NES":{
  "aliasof":null,
  "numROMs":893
 },
 "Nintendo New Nintendo 3DS":{
  "aliasof":null,
  "numROMs":0
 },
 "Nintendo Pokemon Mini":{
  "aliasof":null,
  "numROMs":11
 },
 "Nintendo SNES":{
  "aliasof":null,
  "numROMs":807
 },
 "Nintendo Satellaview":{
  "aliasof":null,
  "numROMs":88
 },
 "Nintendo Sufami Turbo":{
  "aliasof":null,
  "numROMs":0
 },
 "Nintendo Switch":{
  "aliasof":null,
  "numROMs":0
 },
 "Nintendo Virtual Boy":{
  "aliasof":null,
  "numROMs":20
 },
 "Nintendo Wii":{
  "aliasof":null,
  "numROMs":1512
 },
 "Nintendo Wii U":{
  "aliasof":null,
  "numROMs":158
 },
 "Nintendo e-Reader":{
  "aliasof":null,
  "numROMs":0
 },
 "Ouya Ouya":{
  "aliasof":null,
  "numROMs":0
 },
 "Philips Videopac G7000":{
  "aliasof":"odyssey2",
  "numROMs":0
 },
 "Philips Videopac Plus G7400":{
  "aliasof":null,
  "numROMs":0
 },
 "RCA Studio II":{
  "aliasof":null,
  "numROMs":5
 },
 "SNK Neo-Geo AES":{
  "aliasof":"mame",
  "numROMs":0
 },
 "SNK Neo-Geo CD":{
  "aliasof":null,
  "numROMs":90
 },
 "SNK Neo-Geo MVS":{
  "aliasof":"mame",
  "numROMs":0
 },
 "SNK Neo-Geo Pocket":{
  "aliasof":null,
  "numROMs":10
 },
 "SNK Neo-Geo Pocket Color":{
  "aliasof":null,
  "numROMs":40
 },
 "ScummVM":{
  "aliasof":null,
  "numROMs":207
 },
 "Sega 32X":{
  "aliasof":null,
  "numROMs":33
 },
 "Sega Beena":{
  "aliasof":null,
  "numROMs":0
 },
 "Sega Dreamcast":{
  "aliasof":null,
  "numROMs":347
 },
 "Sega Game Gear":{
  "aliasof":null,
  "numROMs":335
 },
 "Sega Genesis":{
  "aliasof":"megadrive",
  "numROMs":0
 },
 "Sega Master System":{
  "aliasof":null,
  "numROMs":333
 },
 "Sega Mega Drive":{
  "aliasof":null,
  "numROMs":942
 },
 "Sega MegaCD":{
  "aliasof":null,
  "numROMs":171
 },
 "Sega PICO":{
  "aliasof":null,
  "numROMs":237
 },
 "Sega SC-3000":{
  "aliasof":"sg1000",
  "numROMs":0
 },
 "Sega SG-1000":{
  "aliasof":null,
  "numROMs":75
 },
 "Sega Saturn":{
  "aliasof":null,
  "numROMs":303
 },
 "Sega SegaCD":{
  "aliasof":"megacd",
  "numROMs":0
 },
 "Sharp X68000":{
  "aliasof":null,
  "numROMs":1136
 },
 "Sinclair ZX Spectrum":{
  "aliasof":null,
  "numROMs":4828
 },
 "Sinclair ZX Spectrum Plus 3":{
  "aliasof":null,
  "numROMs":0
 },
 "Sinclair ZX80":{
  "aliasof":null,
  "numROMs":0
 },
 "Sinclair ZX81":{
  "aliasof":null,
  "numROMs":753
 },
 "Sony PlayStation":{
  "aliasof":null,
  "numROMs":1793
 },
 "Sony PlayStation 2":{
  "aliasof":null,
  "numROMs":2583
 },
 "Sony PlayStation 3":{
  "aliasof":null,
  "numROMs":0
 },
 "Sony PlayStation 4":{
  "aliasof":null,
  "numROMs":0
 },
 "Sony PlayStation Portable":{
  "aliasof":null,
  "numROMs":1008
 },
 "Sony PlayStation Vita":{
  "aliasof":null,
  "numROMs":0
 },
 "Tiger Game.com":{
  "aliasof":null,
  "numROMs":20
 },
 "VTech CreatiVision":{
  "aliasof":null,
  "numROMs":17
 },
 "VTech V.Flash":{
  "aliasof":null,
  "numROMs":0
 },
 "VTech V.Smile":{
  "aliasof":null,
  "numROMs":0
 },
 "VTech V.Smile Pro":{
  "aliasof":"vflash",
  "numROMs":0
 },
 "Watara Supervision":{
  "aliasof":null,
  "numROMs":43
 },
 "Zeebo Zeebo":{
  "aliasof":null,
  "numROMs":0
 },
 "iQue iQue Player":{
  "aliasof":"n64",
  "numROMs":0
 }
}