<?xml version="1.0" encoding="UTF-8" standalone="yes"?>
<addon id="resource.images.gamestudios.grayscale" name="Game Studio Icons (grayscale)" version="1.2.0" provider-name="chrisism">
	<extension point="kodi.resource.images" compile="true" type="studios"/>
	<requires>
		<import addon="kodi.resource" version="1.0.0"/>
	</requires>
	<extension point="xbmc.addon.metadata">
		<summary lang="en">Game Studio Icons (grayscale)</summary>
		<description lang="en">Game Studio Icons (grayscale)</description>
		<platform>all</platform>
		<license>Creative Commons Attribution-Share Alike 3.0 United States</license>
		
		<assets>
			<icon>icon.png</icon>
			<fanart>fanart.jpg</fanart>
		</assets>
	</extension>
</addon>