<?xml version="1.0" encoding="utf-8"?>
<!-- TITAN MOD -->
<includes>
    <include name="View_54_Panel">
	
	<!-- panel no info -->
	<control type="group">
		<visible>Control.IsVisible(54)</visible>
		<include>animation_view_change</include>
		
		<control type="panel" id="54">
			<animation effect="slide" start="0" end="-20,0" time="150" condition="Control.HasFocus(60) | Control.HasFocus(6002)">Conditional</animation>
			<left>40</left>
			<right>60</right>
			<bottom>15</bottom>
			<include condition="Skin.HasSetting(NoFooterBar)" name="top" content="top">
				<param name="top" value="125" />
			</include>
			<top>140</top>
			<include condition="Skin.HasSetting(NoFooterBar)" name="height" content="height">
				<param name="height" value="948" />
			</include>
			<height>800</height>
			<width>1860</width>
			<onup>54</onup>
			<ondown>54</ondown>
			<onleft>9000</onleft>
			<onright condition="Skin.HasSetting(EnableQuickJump)">6000</onright>
			<onright condition="!Skin.HasSetting(EnableQuickJump)">60</onright>
			<pagecontrol>60</pagecontrol>
			<viewtype label="31680">icons</viewtype>
			<scrolltime tween="cubic" easing="in">300</scrolltime>
			<orientation>vertical</orientation>
			<preloaditems>2</preloaditems>
			<visible>String.IsEqual(Window(Home).Property(SkinHelper.ForcedView),54) | String.IsEmpty(Window(Home).Property(SkinHelper.ForcedView))</visible>
			<!-- itemlayout movies -->
			<itemlayout height="266" width="185" condition="!Skin.HasSetting(View54_ShowTags)">
				<control type="group">
					<width>183</width>
					<height>264</height>
					<include content="PosterPanelLayout">
						<param name="WatchedIndicator" value="WatchedIndicatorSmall" />
						<param name="colordiffuse" value="$VAR[ViewDetailsPanelColor]" />
						<param name="border" value="thumbsborder_unfocused" />
					</include>
				</control>
			</itemlayout>
			<!-- focussed layout movies -->
			<focusedlayout height="266" width="185" condition="!Skin.HasSetting(View54_ShowTags)">
				<control type="group">
					<include>Focus_Zoom_Animation</include>
					<width>183</width>
					<height>264</height>
					<include content="PosterPanelLayout">
						<param name="WatchedIndicator" value="WatchedIndicatorSmall"/>
						<param name="colordiffuse" value="$VAR[ViewDetailsBorderFocusColor]" />
						<param name="border" value="thumbsborder_focused" />
					</include>
					<include condition="Skin.HasSetting(LibItems_FocusOverlay)">FocusOverlay</include>
				</control>
			</focusedlayout>
			<!-- itemlayout movies tags-->
			<itemlayout height="320" width="185" condition="Skin.HasSetting(View54_ShowTags)">
				<control type="group">
					<width>173</width>
					<height>260</height>
					<include content="PosterPanelLayout">
						<param name="WatchedIndicator" value="WatchedIndicatorSmall" />
						<param name="colordiffuse" value="$VAR[ViewDetailsPanelColor]" />
						<param name="border" value="thumbsborder_unfocused" />
					</include>
					<include content="Tag_NF">
						<param name="tagwidth" value="173"/>
						<param name="tagtop" value="262" />
					</include>
				</control>
			</itemlayout>
			<!-- focussed layout movies tags -->
			<focusedlayout height="320" width="185" condition="Skin.HasSetting(View54_ShowTags)">
				<control type="group">
					<include>Focus_Zoom_Animation</include>
					<width>173</width>
					<height>260</height>
					<include content="PosterPanelLayout">
						<param name="WatchedIndicator" value="WatchedIndicatorSmall"/>
						<param name="colordiffuse" value="$VAR[ViewDetailsBorderFocusColor]" />
						<param name="border" value="thumbsborder_focused" />
					</include>
					<include content="Tag_FO">
						<param name="tagwidth" value="173" />
						<param name="tagtop" value="262" />
					</include>
					<include condition="Skin.HasSetting(LibItems_FocusOverlay)">FocusOverlay</include>
				</control>
			</focusedlayout>
		</control>
	
		<include content="scollbar">
			<param name="view_id" value="54" />
			<param name="visibleitems" value="30" />
			<param name="id" value="60" />
			<param name="id_alphabet" value="6002" />
			<param name="orientation" value="vertical" />
			<param name="right" value="1" />
			<param name="bottom" value="140" />
			<param name="height" value="780" />
			<param name="width" value="15" />
			<param name="onup" value="60" />
			<param name="ondown" value="60" />
			<param name="onleft" value="54" />
			<param name="onright" value="54" />
		</include>
	</control>

    </include>
</includes>