<?xml version="1.0" encoding="UTF-8" standalone="yes"?>
<addon id="script.akl.retroarchlauncher" name="Retroarch Launcher for AKL" version="1.0.0" provider-name="chrisism">
  <requires>
      <import addon="xbmc.python" version="3.0.0"/>
      <import addon="script.module.akl" version="1.0.3"/>
  </requires>
  <extension point="xbmc.python.script" library="default.py">
      <provides>game</provides>
  </extension>
  <extension point="xbmc.addon.metadata">
    <summary lang="en_GB">Launch ROMs from AKL with Retroarch</summary>
    <description lang="en_GB">Launcher plugin for AKL.</description>
    <platform>android freebsd ios linux osx windows</platform>
    <license>GNU General Public License version 2</license>
    <email>crizizz@gmail.com</email>
    <forum>http://forum.kodi.tv/showthread.php?tid=366351</forum>
    <website>https://github.com/chrisism/plugin.program.akl/wiki</website>
    <source>https://github.com/chrisism/script.akl.retroarchlauncher</source>
    <assets>
      <icon>media/icon.png</icon>
      <fanart>media/fanart.jpg</fanart>
    </assets>
    <news>[B]v1.0.0[/B][CR] - First official release of the Retroarchlauncher plugin for AKL.</news>
  </extension>
</addon>