<?xml version="1.0" encoding="utf-8"?>
<!--Titan-->
<window type="window" id="3018">
	<defaultcontrol always="true">9000</defaultcontrol>
	<onload>SetFocus(9000)</onload>
	<allowoverlay>no</allowoverlay>
	<onload>ClearProperty(ShowViewSubMenu, Home)</onload>
	<onload>SetProperty(netflixview,active,Home)</onload>
	<onunload>ClearProperty(ShowViewSubMenu, Home)</onunload>
	<onunload condition="!String.Contains(Skin.String(HomeLayout),netflix)">ClearProperty(netflixview, Home)</onunload>
	<onunload>ClearProperty(SkinHelper.WidgetContainer,Home)</onunload>
	<controls>
		<include>GlobalBackground</include>
		<include>HomeNetflix2</include>
	</controls>
</window>