<?xml version="1.0" encoding="utf-8"?>
<!--Titan-->
<window>
  <defaultcontrol always="true">50</defaultcontrol>
  <controls>
    <!-- Dialog Overlay -->
    <!-- <control type="group"> -->
      <!-- <visible>!window.isactive(fullscreenvideo) + !Window.IsActive(filebrowser)</visible> -->
      <!-- <include>DialogOverlayExtra</include> -->
      <!-- <animation effect="fade" time="250" start="0" end="100" reversible="false">WindowOpen</animation> -->
    <!-- </control> -->
	
	<include>MusicLayout1</include>
	<!-- <include condition="Skin.HasSetting(***)">MusicLayout2</include> not done -->
    
  </controls>
</window>