<?xml version="1.0" encoding="utf-8"?>
<!--Titan-->
<includes>
    <include name="View_528_Gameflix">
	<!--Panel-->		
        <control type="group">
            <width>100%</width>
            <height>100%</height>
            <visible>Control.IsVisible(528)</visible>
            <include>animation_view_change</include>
			<animation effect="rotatey" center="auto" end="10" time="0" condition="Skin.HasSetting(3dLayout)">Conditional</animation>
			<animation effect="rotatey" center="auto" end="-10" time="1500" condition="Player.HasVideo + Skin.HasSetting(3dLayout)">Conditional</animation>
			<animation effect="slide" center="auto" end="-100,0" time="0" condition="Skin.HasSetting(3dLayout)">Conditional</animation>
			<animation effect="slide" center="auto" end="100,0" time="0" condition="Player.HasVideo + Skin.HasSetting(3dLayout)">Conditional</animation>

            <!-- background image + overlay slim right corner overlay-->
            <control type="image">
                <width>100%</width>
                <height>100%</height>
				<texture colordiffuse="$VAR[Netflix2_PanelColor]">colors/color_white.png</texture>	
            </control>
            <control type="image">
				<fadetime>350</fadetime>
                <texture background="true">$VAR[backgroundVar]</texture>
                <aspectratio aligny="top">scale</aspectratio>
				<animation effect="zoom" start="110" end="130" center="auto" time="12000" tween="cubic" easing="inout" pulse="true" condition="Skin.HasSetting(BackgroundAnimation)">Conditional</animation>
                <animation effect="slide" start="-10,-10" end="10,10" time="8000" tween="cubic" easing="inout" pulse="true" condition="Skin.HasSetting(BackgroundAnimation)">Conditional</animation>
                <visible>!Skin.HasSetting(View523_DetailsShowFanart)</visible>				
				<animation effect="fade" start="100" end="40" delay="200" time="1500" pulse="false" condition="Player.HasVideo">Conditional</animation>
            </control>
            <!-- overlay without big thumb -->
            <control type="image">
                <width>100%</width>
                <height>100%</height>
                <texture colordiffuse="$VAR[Netflix2_PanelColor]">colors/color_white.png</texture>
                <animation effect="fade" start="100" end="30" delay="0" time="0" condition="true">Conditional</animation>
                <visible>!Skin.HasSetting(View523_DetailsShowFanart)</visible>
            </control>
            <control type="image">
                <width>100%</width>
                <height>100%</height>
                <texture colordiffuse="$VAR[Netflix2_PanelColor]">special://home/addons/resource.images.backgroundoverlays.basic/resources/Side by Side.png</texture>				
                <animation effect="fade" start="100" end="95" delay="0" time="0" condition="true">Conditional</animation>
                <visible>!Skin.HasSetting(View523_DetailsShowFanart)</visible>
            </control>

            <!-- spotlight section -->
            <control type="group" id="3505">
                <width>100%</width>
                <height>800</height>
                <!-- spotlight image -->
                <control type="image">
                    <fadetime>350</fadetime>
                    <width>1280</width>
					<height>770</height>
                    <right>0</right>
					<top>0</top>
                    <texture background="true" diffuse="special://home/addons/resource.images.backgroundoverlays.basic/resources/Right Corner.png">$VAR[netflixThumb]</texture>
                    <aspectratio scalediffuse="true" aligny="top">scale</aspectratio>
                    <visible>Skin.HasSetting(View523_DetailsShowFanart)</visible>
					<!-- move beyond clearlogo / title -->
					<animation effect="fade" start="100" end="0" delay="200" time="1000" pulse="false" condition="Player.HasVideo">Conditional</animation>
				</control>
                
               	<!-- preview video window -->
               	<control type="group">
					<right>0</right>
					<top>0</top>
					<width>1280</width>
                    <height>720</height>
					<visible>Player.HasVideo</visible>
					<visible>!skin.hastheme(classic)</visible>
					<animation effect="slide" start="0" end="0,-60" time="0" condition="Integer.IsEqual(VideoPlayer.VideoAspect,2.4) | Integer.IsEqual(VideoPlayer.VideoAspect,1.85) | Integer.IsEqual(VideoPlayer.VideoAspect,2.35) | Integer.IsEqual(VideoPlayer.VideoAspect,2.55) | Integer.IsEqual(VideoPlayer.VideoAspect,2.76)" reversible="true">Conditional</animation>
					<control type="videowindow">
					</control>	
					<control type="image">
						<top>-50</top>
						<texture colordiffuse="$VAR[Netflix2_PanelColor]" border="20">overlay/Netflix_origin.png</texture> <!-- $VAR[Netflix2_PanelColor], also check again texture, need stronger diffuse on bottom -->
                    </control>
				</control>
				 
                <!-- Rating STARS -->
				<control type="group">
                    <posx>65</posx>
                    <top>288</top>
                    <include>StarRatingNetflix</include>
                </control>
                <!-- clearlogo -->
                <control type="image" id="29478">
                   <height>230</height>
                    <width>700</width>
                    <left>10</left>
                    <top>10</top>
                    <aspectratio align="center" aligny="top">keep</aspectratio>
                    <texture background="true" fallback="colors/color_transparent.png">$INFO[ListItem.Art(clearlogo)]</texture>
                    <visible>!String.IsEmpty(ListItem.Art(clearlogo))</visible> <!-- check, all left "NoClearLogoNetflix" -->
                </control>
				<control type="textbox">
                    <height>300</height>
                    <width>800</width>
                    <left>70</left>
                    <top>20</top>
                    <font>Bold55</font>
                    <align>left</align>
                    <aligny>center</aligny>
                    <label>[UPPERCASE]$INFO[ListItem.Title][/UPPERCASE]</label>
                    <textcolor>$INFO[Skin.String(ViewNetfixHighlightTextColor)]</textcolor>
					<visible>String.IsEmpty(ListItem.Art(clearlogo))</visible>
                </control>
				<!-- details -->
                <control type="group">
                    <posx>250</posx>
                    <top>297</top>
					<!-- flags, info -->
					<control type="grouplist">
						<orientation>horizontal</orientation>
						<usecontrolcoords>true</usecontrolcoords>
						<itemgap>0</itemgap>
						<!-- year -->
						<control type="label">
							<visible>!String.IsEmpty(ListItem.Year)</visible>	
							<left condition="!String.IsEmpty(ListItem.Rating)">5</left>
							<left condition="String.IsEmpty(ListItem.Rating)">0</left>
							<width>auto</width>
							<label>[B]$INFO[ListItem.Year][/B]</label>
							<height>40</height>
							<aligny>center</aligny>
							<textcolor>$INFO[Skin.String(NetflixPrimaryTextColor)]</textcolor>
							<font>Reg28</font>
						</control>
							
						<!-- empty seperator -->
						<control type="group">
							<left>10</left>
							<top>-1</top>
							<width>10</width>
							<height>50</height>
							<visible>!String.IsEmpty(ListItem.Studio)</visible>
							<control type="textbox">
								<left>1</left>
								<width>10</width>
								<label>|</label>
								<height>50</height>
								<textcolor>$INFO[Skin.String(NetflixPrimaryTextColor)]</textcolor>
								<font>Reg28</font>
							</control>	
						</control>
						<!-- Studio -->
						<control type="label">
							<left>5</left>
							<width>auto</width>
							<visible>!String.IsEmpty(ListItem.Studio)</visible>
							<label>$INFO[ListItem.Studio]</label>
							<height>40</height>
							<aligny>center</aligny>
							<textcolor>$INFO[Skin.String(NetflixPrimaryTextColor)]</textcolor>
							<font>Reg28</font>
						</control>
					</control>
					<animation effect="slide" start="0" end="-168,0" condition="String.IsEmpty(ListItem.Rating)">Conditional</animation>
                </control>
						
				<!-- plot + genre + num of players + esrb -->
                <control type="grouplist">
                    <width>780</width>
                    <posx>71</posx>
                    <posy>350</posy>
                    <height>310</height>
                    <orientation>vertical</orientation>
                    <control type="textbox">
                        <height>200</height>
                        <label>$VAR[Plots]</label>
                        <textcolor>$INFO[Skin.String(NetflixSecondaryTextColor)]</textcolor>
                        <align>justify</align>
                        <font>Reg24</font>
                    </control>
					<control type="group">
						<posx>250</posx>
						<top>297</top>
						<height>52</height>
						<include>Netflix_Genre</include>
					</control>
					<control type="grouplist">
                    	<orientation>horizontal</orientation>
						<control type="label">
							<font>Reg18</font>
							<height>24</height>
							<width>AUTO</width>
							<label>$INFO[ListItem.Property(nplayers)]</label>
							<textcolor>$INFO[Skin.String(NetflixSecondaryTextColor)]</textcolor>
							<align>left</align>
							<aligny>center</aligny>
						</control>
						<control type="label">
							<font>Reg18</font>
							<height>24</height>
							<width>5</width>
							<label>|</label>
							<visible>!String.IsEmpty(ListItem.Property(nplayers)) + !String.IsEmpty(ListItem.Property(esrb))</visible>
							<textcolor>$INFO[Skin.String(NetflixPrimaryTextColor)]</textcolor>
						</control>	
						<control type="label">
							<font>Reg18</font>
							<height>24</height>
							<width>AUTO</width>
							<label>$INFO[ListItem.Property(esrb)]</label>
							<textcolor>$INFO[Skin.String(NetflixSecondaryTextColor)]</textcolor>
							<aligny>center</aligny>
						</control>
					</control>
				</control>
											
				<!-- rating -->
                <control type="group">
                    <right>60</right>
                    <height>150</height>
                    <width>1000</width>
                    <top>530</top>
                    <include condition="[Skin.HasSetting(StudioInFooter) | Skin.HasSetting(IMDBRatingInFooter) | Skin.HasSetting(TV_TMdbRatingInFooter) | Skin.HasSetting(RTRatingInFooter)]">AltRatingFooter</include>
                </control>
				
				<!-- Title and Snap images when Trailer, without focus option -->
				<control type="grouplist" id="50"> 
					<top>700</top>
					<left>1050</left>
					<height>300</height>
					<width>790</width>
					<orientation>horizontal</orientation>
					<visible>Player.HasVideo</visible>
					<animation effect="fade" start="0" end="100" delay="200" time="3000" pulse="false" condition="Player.HasVideo">Conditional</animation>
					<animation effect="slide" end="-400,0" time="0" pulse="false" condition="Skin.HasSetting(View523_SameHeight)">Conditional</animation>
					
					<control type="image">
						<height>225</height>
						<width>AUTO</width>
						<texture border="1" diffuse="diffuse/poster.png" background="true" fallback="DefaultActor.png">$INFO[ListItem.Art(title)]</texture>
						<aspectratio scalediffuse="true" aligny="top" align="center">scale</aspectratio>
						<bordersize>4</bordersize>
					</control>
										
					<control type="image">
						<height>225</height>
						<width>AUTO</width>
						<texture border="1" diffuse="diffuse/poster.png" background="true" fallback="DefaultActor.png">$INFO[ListItem.Art(snap)]</texture>
						<aspectratio scalediffuse="true" aligny="top" align="center">scale</aspectratio>
						<bordersize>4</bordersize>
					</control>

                </control>

			</control>
            
            <!-- menu button -->
            <control type="radiobutton" id="5001">
                <width>60</width>
                <height>60</height>
                <right>20</right>
                <top>20</top>
                <font></font>
                <selected>Control.HasFocus(5001)</selected>
                <texturefocus></texturefocus>
                <texturenofocus></texturenofocus>
                <textureradiofocus colordiffuse="$INFO[Skin.String(ButtonTextFocusColor)]">touchcontrols/icon_back.png</textureradiofocus>
                <textureradionofocus colordiffuse="$INFO[Skin.String(ButtonTextColor)]">touchcontrols/icon_back.png</textureradionofocus>
                <radiowidth>60</radiowidth>
                <radioheight>60</radioheight>
                <onclick>Close</onclick>
                <visible>Skin.HasSetting(EnableTouchSupport) + !Window.IsActive(Home)</visible>
                <ondown>510</ondown>
            </control>
            
            <!-- View 528 -->
			<control type="fixedlist" id="528">
				<include condition="!Skin.HasSetting(View523_SameHeight)">focused4</include>
				<include condition="Skin.HasSetting(View523_SameHeight)">focused1</include>
				<viewtype label="31018">icons</viewtype>
				<left>60</left>
				<bottom>0</bottom>
				<height>600</height>
				<width>1800</width>
				<orientation>horizontal</orientation>
				<preloaditems>2</preloaditems>
				<pagecontrol>60</pagecontrol>
				<visible>String.IsEqual(Window(Home).Property(SkinHelper.ForcedView),528) | String.IsEmpty(Window(Home).Property(SkinHelper.ForcedView))</visible>
				<onleft>528</onleft>
				<onright>528</onright>
				<ondown condition="!Player.HasVideo + Integer.IsLessOrEqual(Container(528).NumItems,10)">9000</ondown><!-- need check for new titan default layout - maybe less items -->
				<ondown condition="Skin.HasSetting(EnableQuickJump) + Integer.IsGreater(Container(528).NumItems,10) + !Player.HasVideo">7000</ondown>
				<ondown condition="!Skin.HasSetting(EnableQuickJump) + Integer.IsGreater(Container(528).NumItems,10) + !Player.HasVideo">60</ondown>
				
				<include>trailer_onup</include>
				
				<itemlayout height="247" width="170" background="true" condition="!Skin.HasSetting(View523_SameHeight)">
					
					<control type="group">
						<width>170</width>
						<height>247</height>
						<bottom>-200</bottom>
						<include>PosterPanelLayoutNetflix</include>
						<include>PosterThumbLayoutNonFocus</include>
						<animation effect="slide" start="0,0" end="0,310" delay="100" time="1000" pulse="false" condition="Player.HasVideo + Skin.HasSetting(ShowCastOnTrailer)">Conditional</animation>
						<animation effect="fade" start="100" end="30" delay="200" time="1500" pulse="false" condition="Player.HasVideo">Conditional</animation>							
					</control>		   
					<!-- reflections -->
					<control type="group">
						<width>170</width>
						<height>247</height>
						<bottom>-433</bottom>
						<include>PosterThumbLayoutNonFocusReflection</include>
						<animation effect="slide" start="0,0" end="0,310" delay="100" time="1000" pulse="false" condition="Player.HasVideo + Skin.HasSetting(ShowCastOnTrailer)">Conditional</animation>
						<animation effect="fade" start="100" end="30" delay="200" time="1500" pulse="false" condition="Player.HasVideo">Conditional</animation>							
					</control>		   
				</itemlayout>		
				<focusedlayout height="347" width="270" condition="!Skin.HasSetting(View523_SameHeight)">
					<control type="group">
						<width>264</width>
						<height>381</height>
						<right>2</right>
						<bottom>-100</bottom>
						<include>PosterPanelLayoutFocus</include>
						<include>AutoTrailerButton</include>
					</control>
					<!-- reflection -->
					<control type="group">
						<width>264</width>
						<height>381</height>
						<right>2</right>
						<bottom>-468</bottom>
						<include>PosterThumbLayoutReflection</include>
					</control>
					<!-- D I S C A R T -->
					<control type="image">
						<width>250</width>
						<height>250</height>
						<top>240</top>
						<left>200</left>
						<texture background="true" diffuse="diffuse/cdmask_new.png">$INFO[ListItem.Art(cartridge)]</texture>
						<aspectratio scalediffuse="false" align="center" aligny="center">scale</aspectratio>
						<animation type="Conditional" condition="Skin.HasSetting(View523_ShowCDart)">
							<effect type="slide" start="-900,0" end="0,0" tween="back" easing="inout" time="1200" delay="100" />
							<effect type="rotate" end="-360" center="auto" time="1200" loop="true" reversible="true" />
						</animation>
							<!-- when cast active -->
							<animation type="Conditional" condition="Skin.HasSetting(View523_ShowCDart) + Player.HasVideo + Skin.HasSetting(ShowCastOnTrailer)">
								<effect type="slide" start="0,0" end="-350,0" tween="back" easing="out" time="900" delay="100" />
								<effect type="rotate" end="-360" center="auto" time="900" loop="true" reversible="true" />
							</animation>
						<animation effect="rotate" end="-360" center="auto" time="8000" loop="true" reversible="false" condition="Skin.HasSetting(AnimateDiscArt)">Conditional</animation>
						<visible>Skin.HasSetting(View523_ShowCDart)</visible>
					</control>
					<!-- disc reflection -->
					<control type="image">
						<width>250</width>
						<height>250</height>
						<top>230</top>
						<left>200</left>
						<texture background="true" flipy="true" diffuse="diffuse/cdmask_new.png">$VAR[DiscArtImage]</texture>
						<colordiffuse>cf505050</colordiffuse>
						<aspectratio scalediffuse="false" align="center" aligny="center">scale</aspectratio>
						<animation effect="slide" center="auto" end="0,260" time="0" condition="true">Conditional</animation>
						<animation type="Conditional" condition="Skin.HasSetting(View523_ShowCDart)">
							<effect type="slide" start="-900,0" end="0,0" tween="back" easing="inout" time="1200" delay="100" />
							<effect type="rotate" end="-360" center="auto" time="1200" loop="true" reversible="true" />
						</animation>
							<!-- when cast active -->
							<animation type="Conditional" condition="Skin.HasSetting(View523_ShowCDart) + Player.HasVideo + Skin.HasSetting(ShowCastOnTrailer)">
								<effect type="slide" start="0,0" end="-350,0" tween="back" easing="out" time="900" delay="100" />
								<effect type="rotate" end="-360" center="auto" time="900" loop="true" reversible="true" />
							</animation>
						<animation effect="rotate" end="360" center="auto" time="8000" loop="true" reversible="false" condition="Skin.HasSetting(AnimateDiscArt)">Conditional</animation>
						<visible>Skin.HasSetting(View523_ShowCDart) + Skin.HasSetting(View523_DetailsShowFanart)</visible>
					</control>
				</focusedlayout>
				<itemlayout height="360" width="240" background="true" condition="Skin.HasSetting(View523_SameHeight)">
				  <control type="group">
					<width>100%</width>
					<height>100%</height>
					<bottom>-200</bottom>
					<include>PosterPanelLayout</include>
					<animation effect="slide" start="0,0" end="0,310" delay="100" time="1000" pulse="false" condition="Player.HasVideo + Skin.HasSetting(ShowCastOnTrailer)">Conditional</animation>
					<animation effect="fade" start="100" end="30" delay="200" time="1500" pulse="false" condition="Player.HasVideo">Conditional</animation>
				  </control>
				</itemlayout>
				<focusedlayout height="360" width="240" condition="Skin.HasSetting(View523_SameHeight)">
					<control type="group">
						<width>100%</width>
						<height>100%</height>
						<bottom>-200</bottom>
						<include>PosterPanelLayoutFocus</include>
						<include>AutoTrailerButton</include>
						<animation effect="zoom" end="112,112" center="auto" time="100">focus</animation>
					</control>
					<!-- D I S C A R T -->	
					<control type="image">
						<width>200</width>
						<height>200</height>
						<top>400</top>
						<left>200</left>
						<texture background="true" diffuse="diffuse/cdmask_new.png">$INFO[ListItem.Art(cartridge)]</texture>
						<aspectratio scalediffuse="false" align="center" aligny="center">scale</aspectratio>
						<animation type="Conditional" condition="Skin.HasSetting(View523_ShowCDart)">
							<effect type="slide" start="-900,0" end="0,0" tween="back" easing="inout" time="1200" delay="100" />
							<effect type="rotate" end="-360" center="auto" time="1200" loop="true" reversible="true" />
						</animation>
							<!-- when extra images active -->
							<animation type="Conditional" condition="Skin.HasSetting(View523_ShowCDart) + Player.HasVideo">
								<effect type="slide" start="0,0" end="-350,0" tween="back" easing="out" time="900" delay="100" />
								<effect type="rotate" end="-360" center="auto" time="900" loop="true" reversible="true" />
							</animation>
						<animation effect="rotate" end="-360" center="auto" time="8000" loop="true" reversible="false" condition="Skin.HasSetting(AnimateDiscArt)">Conditional</animation>
						<visible>Skin.HasSetting(View523_ShowCDart)</visible>
					</control>
				</focusedlayout>
			</control>

            <!--horizontal Scrollbar-->
			<control type="group">
				<control type="scrollbar" id="60">
					<visible>Control.IsVisible(528) + Integer.IsGreater(Container.Numitems,0)</visible>
					<left>65</left>
					<bottom>1</bottom>
					<width>1790</width>
					<height>20</height>
					<onup>528</onup>
					<ondown>9000</ondown>
					<onleft>60</onleft>
					<onright>60</onright>
					<orientation>horizontal</orientation>
					<animation effect="fade" start="0" end="100" time="400" condition="[Control.HasFocus(60) | Skin.HasSetting(EnableTouchSupport) | Container.Scrolling | Skin.HasSetting(alwaysShowScrollbars)]">Conditional</animation>
					<animation effect="fade" start="100" end="0" time="400" condition="![Control.HasFocus(60) | Skin.HasSetting(EnableTouchSupport) | Container.Scrolling | Skin.HasSetting(alwaysShowScrollbars)]">Conditional</animation>
				</control>
			</control>
        </control>
 	</include>  
	<include name="focused4">
		<focusposition>4</focusposition>
	</include>
	<include name="focused1">
		<focusposition>1</focusposition>
	</include>
</includes>