<?xml version="1.0" encoding="utf-8"?>
<!--Titan-->
<includes>
    <include name="View_523_Netflix">
	<!--Panel-->		
        <control type="group">
            <width>100%</width>
            <height>100%</height>
            <visible>Control.IsVisible(523)</visible>
            <visible>Integer.IsGreater(Container.NumItems,0)</visible>
            <include>animation_view_change</include>
			<animation effect="rotatey" center="auto" end="10" time="0" condition="Skin.HasSetting(3dLayout)">Conditional</animation>
			<animation effect="rotatey" center="auto" end="-10" time="1500" condition="Player.HasVideo + Skin.HasSetting(3dLayout)">Conditional</animation>
			<animation effect="slide" center="auto" end="-100,0" time="0" condition="Skin.HasSetting(3dLayout)">Conditional</animation>
			<animation effect="slide" center="auto" end="100,0" time="0" condition="Player.HasVideo + Skin.HasSetting(3dLayout)">Conditional</animation>

            <!-- background image + overlay slim right corner overlay-->
            <control type="image">
                <width>100%</width>
                <height>100%</height>
				<texture colordiffuse="$VAR[Netflix2_PanelColor]">colors/color_white.png</texture>	
            </control>
            <control type="image">
				<fadetime>350</fadetime>
                <texture background="true">$VAR[backgroundVar]</texture>
                <aspectratio aligny="top">scale</aspectratio>
				<animation effect="zoom" start="110" end="130" center="auto" time="12000" tween="cubic" easing="inout" pulse="true" condition="Skin.HasSetting(BackgroundAnimation)">Conditional</animation>
                <animation effect="slide" start="-10,-10" end="10,10" time="8000" tween="cubic" easing="inout" pulse="true" condition="Skin.HasSetting(BackgroundAnimation)">Conditional</animation>
                <visible>!Skin.HasSetting(View523_DetailsShowFanart)</visible>				
				<animation effect="fade" start="100" end="40" delay="200" time="1500" pulse="false" condition="Player.HasVideo">Conditional</animation>
            </control>
            <!-- overlay without big thumb -->
            <control type="image">
                <width>100%</width>
                <height>100%</height>
                <texture colordiffuse="$VAR[Netflix2_PanelColor]">colors/color_white.png</texture>
                <animation effect="fade" start="100" end="30" delay="0" time="0" condition="true">Conditional</animation>
                <visible>!Skin.HasSetting(View523_DetailsShowFanart)</visible>
            </control>
            <control type="image">
                <width>100%</width>
                <height>100%</height>
                <texture colordiffuse="$VAR[Netflix2_PanelColor]">special://home/addons/resource.images.backgroundoverlays.basic/resources/Side by Side.png</texture>				
                <animation effect="fade" start="100" end="95" delay="0" time="0" condition="true">Conditional</animation>
                <visible>!Skin.HasSetting(View523_DetailsShowFanart)</visible>
            </control>
            <!-- menu button -->
            <control type="radiobutton" id="5001">
                <width>60</width>
                <height>60</height>
                <right>20</right>
                <top>20</top>
                <font></font>
                <selected>Control.HasFocus(5001)</selected>
                <texturefocus></texturefocus>
                <texturenofocus></texturenofocus>
                <textureradiofocus colordiffuse="$INFO[Skin.String(ButtonTextFocusColor)]">touchcontrols/icon_back.png</textureradiofocus>
                <textureradionofocus colordiffuse="$INFO[Skin.String(ButtonTextColor)]">touchcontrols/icon_back.png</textureradionofocus>
                <radiowidth>60</radiowidth>
                <radioheight>60</radioheight>
                <onclick>Close</onclick>
                <visible>Skin.HasSetting(EnableTouchSupport) + !Window.IsActive(Home)</visible>
                <ondown>510</ondown>
            </control>
            
            <!-- View 523 -->

            <!--horizontal Scrollbar-->
			<control type="group">
				<control type="scrollbar" id="60">
					<visible>Control.IsVisible(523) + Integer.IsGreater(Container.Numitems,0)</visible>
					<left>65</left>
					<bottom>1</bottom>
					<width>1790</width>
					<height>20</height>
					<onup>523</onup>
					<ondown>9000</ondown>
					<onleft>60</onleft>
					<onright>60</onright>
					<orientation>horizontal</orientation>
					<animation effect="fade" start="0" end="100" time="400" condition="[Control.HasFocus(60) | Skin.HasSetting(EnableTouchSupport) | Container.Scrolling | Skin.HasSetting(alwaysShowScrollbars)]">Conditional</animation>
					<animation effect="fade" start="100" end="0" time="400" condition="![Control.HasFocus(60) | Skin.HasSetting(EnableTouchSupport) | Container.Scrolling | Skin.HasSetting(alwaysShowScrollbars)]">Conditional</animation>
				</control>
			</control>
        </control>
 	</include>  
	<include name="focused4">
		<focusposition>4</focusposition>
	</include>
	<include name="focused1">
		<focusposition>1</focusposition>
	</include>
</includes>